start_date,end_date,S0,K,premium,iv_proxy,realized_vol_window,hedged_pnl,pnl_over_premium,theta,gamma,delta_mismatch,residual,costs,variance_risk_premium
2020-02-03,2020-03-04,295.4416198730469,295.4416198730469,8.198299363257263,0.12044472288569454,0.33975604497375184,-8.516613311824585,-1.0388268266945613,2.122733317347007,-10.342383011492617,0.0,-0.20740731357457018,0.0895563041044251,-0.10092723882519433
2020-02-04,2020-03-05,299.944580078125,299.944580078125,8.852508579066779,0.12812144014847165,0.35133877635506744,-6.2579542728076945,-0.7069130989159008,2.828158396156884,-9.506857338914957,0.0,0.5020446493189082,0.08129997936854755,-0.10702383234495769
2020-02-05,2020-03-06,303.4083251953125,303.4083251953125,9.290046050485557,0.13292908589032507,0.3492218813476767,-4.220594947164557,-0.4543136733906676,2.9862573232504968,-8.213068545093027,0.0,1.0743887652547057,0.06817249057672864,-0.10428578053637336
2020-02-06,2020-03-09,304.4292297363281,304.4292297363281,9.271496955081574,0.13221735195070938,0.43519498166469495,-3.965045352627669,-0.4276596726329598,2.677040182438005,-7.765871981285379,0.0,1.1871390998712037,0.06335265365159898,-0.17191324390927643
2020-02-07,2020-03-10,302.80670166015625,302.80670166015625,9.320001418736013,0.1336240603858528,0.4821148793532409,-4.6990439955715715,-0.5041891931609663,2.3623945651090503,-8.056025609788273,0.0,1.0561623970613727,0.061575347953676605,-0.21457936737978797
2020-02-10,2020-03-11,305.0672912597656,305.0672912597656,9.41633449100155,0.1340055717349353,0.501492285433644,-3.822426788284247,-0.40593574834634855,2.11320581365604,-7.098644666389275,0.0,1.215192316985211,0.05218025253634184,-0.23353701909345256
2020-02-11,2020-03-12,305.5959167480469,305.5959167480469,9.376372163278887,0.13320445030962225,0.5900997283296159,-3.876682561716791,-0.4134522920175054,1.7996149254392202,-6.882620076487748,0.0,1.2560349409640357,0.0497123516322982,-0.3304742637923978
2020-02-12,2020-03-13,307.56488037109375,307.56488037109375,9.421564818964242,0.13298918827925155,0.6755441627108488,-3.2774129492452744,-0.34786290942331766,1.462981269284164,-6.002539500738132,0.0,1.3033980460535664,0.04125276384483308,-0.4386737915735276
2020-02-13,2020-03-16,307.23663330078125,307.23663330078125,9.403347070427003,0.13287361453232327,0.7658912300617566,-3.662995650760024,-0.3895416837564083,1.194982347448194,-6.1308480872598645,0.0,1.3139795575106201,0.041109468458859724,-0.5689339788466262
2020-02-14,2020-03-17,307.72900390625,307.72900390625,9.415919821207126,0.13283831853526415,0.8004093102873676,-3.7545329020910003,-0.39874308335068925,0.9090750955813226,-5.952925310004987,0.0,1.3283243530494493,0.03900704071682009,-0.6230090451234233
2020-02-18,2020-03-18,306.9359436035156,306.9359436035156,9.262491948890158,0.13100771931324182,0.8099294412535565,-4.296299063219408,-0.4638383587188105,0.6533903488965517,-6.28135774847254,0.0,1.3707761779413559,0.03910784158463167,-0.638822677289641
2020-02-19,2020-03-19,308.4034423828125,308.4034423828125,9.341501346061477,0.13149752581673324,0.8091206035475773,-3.981061071493855,-0.4261692980617438,0.3582632712393526,-5.668088831278974,0.0,1.3617725295865686,0.03300804104079134,-0.6373845517892733
2020-02-20,2020-03-20,307.136474609375,307.136474609375,9.35977832979836,0.1322999442252152,0.8133882838270838,-4.641856133938461,-0.49593654575775215,0.16304988022602263,-6.182006886804355,0.0,1.4104693903438776,0.0333685177039905,-0.6440972250251736
2020-02-21,2020-03-23,303.9734802246094,303.9734802246094,9.650551181762722,0.13784045838832237,0.8132925626626856,-5.9166691896884345,-0.6130913227909253,0.09779855060818118,-7.467644195817739,0.0,1.4890400117949538,0.03586355627372405,-0.6424448005137355
2020-02-24,2020-03-24,293.89208984375,293.89208984375,12.26469227090422,0.18126353769342082,0.889122819190953,-11.376595123719824,-0.9275891210665557,1.2758400181098244,-14.399886753477356,0.0,1.8166717159591812,0.06922010431136653,-0.7576829175089339
2020-02-25,2020-03-25,284.9866027832031,284.9866027832031,13.563876064787337,0.20676019383695549,0.8917802276479173,-17.713312119782074,-1.3059181634493793,2.3954017669686194,-23.648069220784887,0.0,3.632902455990572,0.09354712195627408,-0.7525221966682758
2020-02-26,2020-03-26,283.93829345703125,283.93829345703125,13.119850438786159,0.20072360020896465,0.9220715178936119,-19.230977037850664,-1.4657923981357446,2.0092845042379213,-24.97908354731101,0.0,3.834923845678155,0.09610184045557552,-0.8099259204297812
2020-02-27,2020-03-27,271.1861877441406,271.1861877441406,15.422923209844072,0.24710700499854235,0.9155290758379618,-25.628234036649275,-1.661697571073388,3.1438533061957417,-34.67001275360151,0.0,6.000333775801861,0.10240836504542994,-0.7771316167853628
2020-02-28,2020-03-30,270.0467529296875,270.0467529296875,15.336172684187801,0.24675351851447705,0.9256147998787417,-27.184442205256005,-1.7725701689108024,2.7335371001525735,-36.23869070693953,0.0,6.4230983428102535,0.10238694127935027,-0.7958754588552888
2020-03-02,2020-03-31,281.741455078125,281.741455078125,19.12989724193821,0.2950682000495105,0.9092996208601679,-15.266168133052702,-0.7980266668440273,2.57233435064072,-21.759887519347124,0.0,3.9858412257460265,0.06445619009236722,-0.7397605578159872
2020-03-03,2020-04-01,273.674560546875,273.674560546875,19.167942986331298,0.30437923758271823,0.9160524054004076,-21.06628208928521,-1.099037184339896,2.664402580840651,-28.717750154177956,0.0,5.0590440404276285,0.07197855637550053,-0.7465052891684358
2020-03-04,2020-04-02,285.17791748046875,285.17791748046875,22.292530428472872,0.33975604497375184,0.9054831695124379,-12.239293584066104,-0.5490311484977771,1.979689628706563,-17.609260808828093,0.0,3.433386589954646,0.043108993899183275,-0.7044656001740843
2020-03-05,2020-04-03,275.69805908203125,275.69805908203125,22.28537482588979,0.35133877635506744,0.9015677676236525,-18.148720581336192,-0.814378071857787,2.225424997903006,-24.152219391549796,0.0,3.8308163774407498,0.05274256513026197,-0.6893855038472202
2020-03-06,2020-04-06,271.1405334472656,271.1405334472656,21.785071631755898,0.3492218813476767,0.9366828146407694,-22.112864351654622,-1.015046667068145,2.077209670077403,-27.761708362595254,0.0,3.6310578474122535,0.05942350654898789,-0.7554187728313432
2020-03-09,2020-04-07,249.9660186767578,249.9660186767578,25.021029129109138,0.43519498166469495,0.8949315295319104,-28.747187433704994,-1.1489210649717398,10.360275715062643,-37.59734836438656,0.0,-1.3894427787885406,0.12067200559257603,-0.6115077704841904
2020-03-10,2020-04-08,262.9004821777344,262.9004821777344,29.148102860692205,0.4821148793532408,0.8841958156291694,-18.783679970447707,-0.644422042155564,6.584385121119877,-25.790280644209226,0.0,0.4945485293060203,0.07233297666441114,-0.5493674834823421
2020-03-11,2020-04-09,250.08438110351562,250.08438110351562,28.839526065121873,0.501492285433644,0.8684485614217277,-18.9849255377555,-0.658295337270317,16.818314217448226,-34.938694076505584,0.0,-0.7428627477098769,0.12168293098822175,-0.5027083914860089
2020-03-12,2020-04-13,226.1571044921875,226.1571044921875,30.677447100056142,0.5900997283296159,0.7878113559864108,-13.159818182765719,-0.42897370631409665,18.542195090416826,-30.358796865102295,0.0,-1.2323852794227566,0.11083112865747795,-0.2724290432464609
2020-03-13,2020-04-14,245.49037170410156,245.49037170410156,38.10692953635285,0.6755441627108488,0.74289527017119,2.3519941341085655,0.06172090385463449,27.50534704844724,-23.507260824165233,0.0,-1.5561585659682913,0.08993352420508281,-0.09553346667002355
2020-03-16,2020-04-15,218.62791442871094,218.62791442871094,38.45818974291484,0.7658912300617565,0.6136369489186894,5.652607203052611,0.14698058439149472,20.940645244087236,-14.660958612055163,0.0,-0.5614654611601081,0.06561396781941257,0.21003907120727228
2020-03-17,2020-04-16,230.4320831298828,230.4320831298828,42.35344830246879,0.8004093102873675,0.5910838402364219,12.106137104447782,0.28583592575488387,26.55560878238778,-13.71212269712068,0.0,-0.6701080132856407,0.06724096753363887,0.29127495780606344
2020-03-18,2020-04-17,218.76458740234375,218.76458740234375,40.68502290960251,0.8099294412535564,0.5574200360433524,9.117099987628421,0.22408983295611212,21.09701938354703,-11.37197049337753,0.0,-0.5538908105395781,0.054058092001496354,0.34526860322672565
2020-03-19,2020-04-20,219.22955322265625,219.22955322265625,40.73096592057149,0.8091206035475772,0.5646096424864427,8.765555745989218,0.2152061839899089,20.640375809345127,-11.210471516454852,0.0,-0.6107537873692298,0.053594759531871566,0.3358921026965269
2020-03-20,2020-04-21,209.7820281982422,209.7820281982422,39.18032231425212,0.8133882838270837,0.5510126044425774,6.373866932941212,0.16268030879936565,16.199860370219668,-9.26497330048595,0.0,-0.5186193746759014,0.04240076211657198,0.3579856100125763
2020-03-23,2020-04-22,204.41824340820312,204.41824340820312,38.17407318506375,0.8132925626626855,0.5382463441733194,4.765097006238392,0.12482547993078236,13.53979875835416,-8.25963536178312,0.0,-0.4787726723670842,0.03629371796561415,0.3717356654664947
2020-03-24,2020-04-23,222.93919372558594,222.93919372558594,45.49400453320172,0.8891228191909529,0.4623908633654878,17.055072921595695,0.37488616569572,24.975187006981923,-7.2327024079121225,0.0,-0.6437043155744997,0.043707361899671754,0.5767340770821868
2020-03-25,2020-04-24,226.27664184570312,226.27664184570312,46.31230240645455,0.8917802276479173,0.46217438225339397,18.80501540103731,0.40604794890129353,26.958947444658666,-7.378567834559759,0.0,-0.7281407857517694,0.04722342330984441,0.5816668148124648
2020-03-26,2020-04-27,239.48886108398438,239.48886108398438,50.671700823139204,0.9220715178936119,0.42602322268705894,28.861931775451154,0.5695867970997999,36.975718000346866,-6.869676641318188,0.0,-1.1906601811977888,0.053449402379713476,0.6687200978419621
2020-03-27,2020-04-28,232.35556030273438,232.35556030273438,48.81563871409705,0.9155290758379617,0.40859052597322093,23.9389652823738,0.4903954124738446,30.901803087760243,-5.983166672707213,0.0,-0.9318282576850567,0.04784287499414062,0.6712472707896389
2020-03-30,2020-04-29,239.90155029296875,239.90155029296875,50.952909308580075,0.9256147998787417,0.40416441823340676,28.57535650105089,0.560818938286592,35.93457994753706,-6.087909905524622,0.0,-1.2224423322690716,0.04887120869246057,0.693413880788615
2020-03-31,2020-04-30,236.3256378173828,236.3256378173828,49.3138414938161,0.9092996208601678,0.4010191170542893,24.830071940730903,0.5035112087920501,31.641434083062702,-5.78425629840953,0.0,-0.9795873272653064,0.04751851665696742,0.6660094682534432
2020-04-01,2020-05-01,225.6898193359375,225.6898193359375,47.44217612023456,0.9160524054004076,0.3744185768054363,19.688406153765214,0.4149979567519862,24.884273435419427,-4.342983492594409,0.0,-0.8160965887538852,0.03678720030588519,0.6989627387828643
2020-04-02,2020-05-04,230.8977508544922,230.8977508544922,47.98014602904409,0.9054831695124378,0.3698998488999331,22.13593753838572,0.46135619355943697,27.374589711824342,-4.576024819256253,0.0,-0.6247058965848448,0.037921457597518464,0.6830738720540968
2020-04-03,2020-05-05,227.56027221679688,227.56027221679688,47.083314041620284,0.9015677676236524,0.3626263883931264,19.99234312142346,0.42461631107255554,25.004264156553123,-4.287159123865587,0.0,-0.6896318947177014,0.03513001654632008,0.6813265420588537
2020-04-06,2020-05-06,242.8446807861328,242.8446807861328,52.19099584307527,0.9366828146407692,0.2966759519287151,34.19582234027237,0.6552054006229409,37.9363989038529,-3.4392881642317987,0.0,-0.26209305348831957,0.03919534586039443,0.7893580747905443
2020-04-07,2020-05-07,243.0922088623047,243.0922088623047,49.928799255928794,0.89493152953191,0.29801588766164794,31.61819322090244,0.6332656441191692,36.13225508603247,-3.568429499566791,0.0,-0.9060278508105089,0.0396045147527529,0.712088973251564
2020-04-08,2020-05-08,251.25242614746094,251.25242614746094,50.989171132104985,0.8841958156291692,0.2827230649327777,36.14122132764403,0.7088018990151412,40.810207835990525,-3.67729314068304,0.0,-0.9514658677407577,0.040227499922685,0.701869908931148
2020-04-09,2020-05-11,255.0758819580078,255.0758819580078,50.84808468680774,0.8684485614217273,0.2794424292043696,37.52355200610974,0.737954088875348,41.045065028150034,-3.5419146193804516,0.0,0.06442730292027088,0.04402570558013269,0.6761148325958286
2020-04-13,2020-05-12,252.74705505371094,252.74705505371094,45.72698019788187,0.7878113559864106,0.2876153667412961,31.971207126798788,0.6991760004366029,34.901763608700755,-3.9899704757661096,0.0,1.105086628969524,0.04567263510540029,0.5379241334354168
2020-04-14,2020-05-13,260.2012023925781,260.2012023925781,44.40235811218396,0.7428952701711896,0.2774417521954719,37.33268922465593,0.8407816794399458,37.18479126106883,-4.609897036063057,0.0,4.802517267957181,0.044722268307025595,0.47491945658143114
2020-04-15,2020-05-14,254.67242431640625,254.67242431640625,35.91970364034049,0.613636948918689,0.26942004779065937,24.741943126090803,0.6888125629829465,28.813083005000248,-4.825173935353389,0.0,0.8030461851740505,0.04901212873010605,0.3039631429267166
2020-04-16,2020-05-15,255.90101623535156,255.90101623535156,34.76985202864262,0.5910838402364216,0.2693831326625757,24.10224097299414,0.6931936596433962,28.247422101399593,-4.75988560653691,0.0,0.6709940255034643,0.05628954737201926,0.2768128340255327
2020-04-17,2020-05-18,262.81427001953125,262.81427001953125,33.68015565166246,0.557420036043352,0.27358560405221816,21.042422360660442,0.6247721233325649,28.319324158563578,-7.26526580369832,0.0,0.04170188667151131,0.05333788087631925,0.23586801383795475
2020-04-20,2020-05-19,258.1840515136719,258.1840515136719,33.512554354508524,0.5646096424864424,0.26818078146844143,20.221673777337145,0.6034059225514296,26.075608977620778,-5.866809023189973,0.0,0.07559881731427143,0.062724994407909,0.24686311683964435
2020-04-21,2020-05-20,250.34475708007812,250.34475708007812,31.714206674408928,0.5510126044425769,0.24511698236059798,15.432440190809615,0.48660968723718634,20.43515725860017,-4.289230244769815,0.0,-0.6638539750505702,0.04963284797015358,0.24353255521302605
2020-04-22,2020-05-21,255.90101623535156,255.90101623535156,31.668610878982406,0.5382463441733191,0.2387923811376909,16.99090678608877,0.536522010738563,22.26152256811578,-4.6719977751605315,0.0,-0.5439887554700893,0.05462925139642181,0.23268732572653478
2020-04-23,2020-05-22,255.8826904296875,255.8826904296875,27.2113016268478,0.46239086336548735,0.23861020318452186,12.278962016253587,0.45124493435252117,17.850777480056315,-5.014827365593734,0.0,-0.49788918581753894,0.05909891239143332,0.156870481460122
2020-04-24,2020-05-26,259.44940185546875,259.44940185546875,27.577699848763586,0.4621743822533935,0.23773403621148012,13.759371077910345,0.4989310621758482,19.62003952639989,-5.124975537000327,0.0,-0.6750394359581923,0.060653475531023474,0.15708768763790457
2020-04-27,2020-05-27,263.19012451171875,263.19012451171875,25.790321005437363,0.4260232226870585,0.2380203734689673,12.457276653188558,0.4830213881619463,18.93039780562173,-5.663156988543083,0.0,-0.7417827556481199,0.06818140824200589,0.12484208808236036
2020-04-28,2020-05-28,261.97991943359375,261.97991943359375,24.62269504878688,0.40859052597322043,0.23714848289593066,10.28640148586976,0.41776099104864456,16.507222376382035,-5.53721059081846,0.0,-0.6149637371691998,0.06864656252458057,0.1107068149752314
2020-04-29,2020-05-29,268.838134765625,268.838134765625,24.993933886460994,0.40416441823340626,0.22204471956025096,12.840877553058078,0.5137597631245185,18.496035076584153,-5.092326030718218,0.0,-0.494020578610393,0.06881091419743483,0.11404501948135726
2020-04-30,2020-06-01,266.3351135253906,266.3351135253906,24.568785321303935,0.4010191170542888,0.218406328690221,11.35963002732177,0.46236026237209527,16.7623289789438,-4.771681936395312,0.0,-0.5649613656910746,0.06605564953562694,0.11311500783106052
2020-05-01,2020-06-02,259.2843322753906,259.2843322753906,22.33374523837729,0.3744185768054358,0.1913657163345142,7.590524100943668,0.33986794511743856,12.012734339270208,-3.832494314742088,0.0,-0.536179723247317,0.0535362003370903,0.10356843326878626
2020-05-04,2020-06-03,259.9995422363281,259.9995422363281,22.125391864912814,0.36989984889993266,0.19387100280347316,7.204107159037619,0.32560359622204627,11.620081496985012,-3.8107785115299704,0.0,-0.5513323852491976,0.05386344116823675,0.0992399324881687
2020-05-05,2020-06-04,262.4017333984375,262.4017333984375,21.891247585115707,0.3626263883931259,0.1946474985388203,7.220999920541118,0.329857852663035,11.719696836802077,-3.8759055519587062,0.0,-0.5673796047480034,0.05541175955416624,0.09361024887162213
2020-05-06,2020-06-05,260.6229248046875,260.6229248046875,17.792300407482387,0.2966759519287145,0.2037344992766345,3.054946488438361,0.1717004782109924,7.849183118947173,-4.252803807328912,0.0,-0.4860641895695374,0.05536863361040577,0.04650887425730792
2020-05-07,2020-06-08,263.767822265625,263.767822265625,18.088245180876086,0.29801588766164727,0.20374254189191382,3.6112661879401458,0.19964712728231815,8.428348319247112,-4.273747707646921,0.0,-0.4864891733642414,0.056845250295702164,0.04730244592218131
2020-05-08,2020-06-09,268.1322326660156,268.1322326660156,17.444877002448052,0.28272306493277705,0.20449732966833042,3.5979673193835993,0.206247789473018,8.565266031654412,-4.516505751837606,0.0,-0.39132627286152305,0.059466687571602714,0.038113173603505454
2020-05-11,2020-06-10,268.1872253417969,268.1872253417969,17.24618341935289,0.27944242920436896,0.2069712240421115,2.950792451821485,0.17109828766579385,7.980461820066156,-4.587179411511253,0.0,-0.3834398322714509,0.05905012446199354,0.035250983658148854
2020-05-12,2020-06-11,262.841796875,262.841796875,17.39630046499478,0.28761536674129545,0.29208442244518734,2.589955459717487,0.14887966926813276,6.554549045170762,-3.458034507252946,0.0,-0.46117595860768834,0.045383119592551036,-0.002590710649408773
2020-05-13,2020-06-12,258.1932373046875,258.1932373046875,16.484746312798578,0.2774417521954712,0.28436083298914216,1.5958999128594655,0.09681070503465536,4.7661341618629836,-2.6531857062465707,0.0,-0.48276895014731214,0.03427959260971112,-0.0038871574769855644
2020-05-14,2020-06-15,261.28314208984375,261.28314208984375,16.200155398617028,0.2694200477906586,0.28355435452984856,1.4561088469074548,0.08988239995721027,4.970874578395522,-2.8851119035753587,0.0,-0.5925648153117881,0.037089012600937256,-0.007815909821318287
2020-05-15,2020-06-16,262.4841613769531,262.4841613769531,16.27239360257046,0.26938313266257496,0.28860930666662554,1.0268502527565033,0.06310382343469724,5.0838727091686655,-3.1392579332685306,0.0,-0.876609752936605,0.041154770207010666,-0.01072805973148784
2020-05-18,2020-06-17,270.47943115234375,270.47943115234375,17.029384230796637,0.27358560405221743,0.27408504538167844,0.9073052723227875,0.05327880679807432,8.031026499328759,-4.74755156457129,0.0,-2.3079550805875186,0.0682145818471377,-0.0002735293572600356
2020-05-19,2020-06-18,267.70123291015625,267.70123291015625,16.521817962169777,0.26818078146844065,0.2701972243601161,0.7296072795141413,0.044160229896294256,6.4016069372514455,-3.7465883934146818,0.0,-1.8711559990303943,0.05425526529215252,-0.0010856085028874002
2020-05-20,2020-06-19,272.2490234375,272.2490234375,15.35879748680378,0.24511698236059723,0.2670533930462725,-1.1450873270604234,-0.07455579305894736,6.857345941854248,-5.479389824479855,0.0,-2.452280152035643,0.07076329239917353,-0.011235179695961578
2020-05-21,2020-06-22,270.3694763183594,270.3694763183594,14.8595851909254,0.23879238113769016,0.2653920894730955,-1.18041542060422,-0.07943797928660133,5.668983372891823,-4.61557210943057,0.0,-2.1736196938709553,0.06020699019452337,-0.013411159865487646
2020-05-22,2020-06-23,270.8828430175781,270.8828430175781,14.876453000687633,0.2386102031845211,0.2654555243496049,-1.5940834153270202,-0.10715480466031366,5.6989163338444015,-5.072293383886228,0.0,-2.1582153540019156,0.06249101128333588,-0.013531806343965225
2020-05-26,2020-06-24,274.2203063964844,274.2203063964844,15.004496562948304,0.23773403621147932,0.2807495023716435,-1.9827644852351796,-0.13214468588911968,6.962875571088835,-6.663205192706548,0.0,-2.2094766184300094,0.0729582451874406,-0.022302811108524487
2020-05-27,2020-06-25,278.3004455566406,278.3004455566406,15.246072249674228,0.23802037346896648,0.278563874715558,-2.5236083550147157,-0.16552514730924478,10.233992298968676,-10.106631536498536,0.0,-2.552209916727753,0.09875920075710377,-0.0209441341102388
2020-05-28,2020-06-26,277.7870178222656,277.7870178222656,15.162255167996989,0.2371484828959299,0.29153058674831395,-3.753063262090592,-0.24752671818979755,9.791787898429618,-11.543696078555342,0.0,-1.8948487207249185,0.10630636124003055,-0.02875068006997504
2020-05-29,2020-06-29,279.0247802734375,279.0247802734375,14.26078011659277,0.22204471956025015,0.29567906767996643,-5.836890202596834,-0.40929669729676765,10.09048689894793,-14.248210818998736,0.0,-1.5417936760289601,0.1373726065170819,-0.03812225357950404
2020-06-01,2020-06-30,280.1524353027344,280.1524353027344,14.08403273707043,0.21840632869022022,0.2986075255466354,-7.26754940490126,-0.5160133848434207,10.68521180540716,-15.628122838327503,0.0,-2.1788076178062847,0.1458307541747047,-0.041465129901143996
2020-06-02,2020-07-01,282.47216796875,282.47216796875,12.44428070633947,0.1913657163345133,0.2982336110399444,-10.04290059016553,-0.807029415934775,9.421957902275555,-17.30297006682571,0.0,-1.9961380139576086,0.16575041165766857,-0.052322449365703426
2020-06-03,2020-07-02,286.2313232421875,286.2313232421875,12.774781711214672,0.19387100280347228,0.2952949923143508,-7.1421281152245015,-0.5590802470585153,9.423128172783262,-16.796501884958964,0.0,0.3717105192904525,0.14046492233929686,-0.04961316675790855
2020-06-04,2020-07-06,285.4794921875,285.4794921875,12.792199620249221,0.1946474985388194,0.2996290720348172,-9.17384878759026,-0.717143967411879,9.7070357773563,-17.883892728875647,0.0,-0.8489042919376679,0.14808754413325823,-0.05188993212102598
2020-06-05,2020-07-07,292.7962951660156,292.7962951660156,13.731865085723996,0.20373449927663365,0.2885513574853655,-5.6458497348018994,-0.4111495197161143,8.019130822868997,-14.304354236506867,0.0,0.7377784767166156,0.0984047978806338,-0.04175413971114655
2020-06-08,2020-07-08,296.33538818359375,296.33538818359375,13.898393182163858,0.20374254189191296,0.28651961188602576,-4.8786608834474805,-0.3510233751127708,5.6167237328221145,-11.737029046070258,0.0,1.3220769699563215,0.08043254015565196,-0.040582464618740925
2020-06-09,2020-07-09,294.1257629394531,294.1257629394531,13.845808323238458,0.2044973296683296,0.2860662308988528,-4.360396663513484,-0.31492539559392163,7.873251076223054,-12.871484324645088,0.0,0.7348178401112291,0.09698125520274685,-0.040014730619198295
2020-06-10,2020-07-10,292.4844665527344,292.4844665527344,13.934928213359541,0.20697122404211066,0.2879048937174976,-1.740396370758873,-0.12489453437516379,9.223828277502829,-13.644391849166862,0.0,2.7953609083511166,0.11519370744602922,-0.04005214024499403
2020-06-11,2020-07-13,275.6230773925781,275.6230773925781,18.525408681697968,0.29208442244518673,0.1946280860020051,4.568705324042924,0.24661832850988816,9.728717109730093,-4.491919439815396,0.0,-0.6011346012467389,0.06695774462500875,0.047433217974334405
2020-06-12,2020-07-14,278.9239807128906,278.9239807128906,18.252015942440437,0.2843608329891415,0.19525292811947767,5.121213683727717,0.28058345444568855,10.627520461763558,-4.957401383791186,0.0,-0.4773514302844052,0.0715539639602374,0.0427373773990485
2020-06-15,2020-07-15,281.5278015136719,281.5278015136719,18.37020561272641,0.2835543545298479,0.1951889070172356,5.650054607828622,0.30756621493198794,11.585758649737308,-5.3536690589747975,0.0,-0.5042789479458232,0.07775603498803786,0.04230436255025563
2020-06-16,2020-07-16,286.946533203125,286.946533203125,19.057250181693632,0.288609306666625,0.18637946220797538,7.873054077443214,0.4131264480646877,13.639126464400961,-5.311324546212702,0.0,-0.36751541075914607,0.08723242998584642,0.04855802796165586
2020-06-17,2020-07-17,285.75457763671875,285.75457763671875,18.02391916462787,0.2740850453816778,0.18533275787719228,6.246792992564792,0.3465835002647032,11.944414827224406,-5.198834249202978,0.0,-0.41456212688088384,0.08422545857576032,0.040774380959510415
2020-06-18,2020-07-20,285.8646240234375,285.8646240234375,17.77534236983766,0.27019722436011545,0.1865338822698188,5.791854868840289,0.32583647326356313,11.420337599060314,-5.109946040083278,0.0,-0.4345894078939362,0.08394728224279273,0.038211650817259954
2020-06-19,2020-07-21,284.2309875488281,284.2309875488281,17.468318216151147,0.26705339304627185,0.1843576855629679,4.7713487723074195,0.2731429959809094,10.181354365187124,-4.846454435752916,0.0,-0.48506481180293126,0.07848634532382319,0.03732975851139241
2020-06-22,2020-07-22,286.0542907714844,286.0542907714844,17.47111484666334,0.2653920894730949,0.1841813061203581,5.036462949481518,0.28827370168901323,10.392364437904304,-4.813172274626933,0.0,-0.46344294055702157,0.07928627323889524,0.03651020763069415
2020-06-23,2020-07-23,287.3712463378906,287.3712463378906,17.555740706120048,0.26545552434960423,0.1905837894259194,5.242346975062276,0.2986115517891398,10.477570505281404,-4.736162832196525,0.0,-0.4195361131096978,0.07952458491288734,0.03414445461578015
2020-06-24,2020-07-24,280.0408020019531,280.0408020019531,18.09259695947557,0.28074950237164276,0.16556226569857044,4.507024776685569,0.2491087811650566,8.182560049388924,-3.077001982497947,0.0,-0.5432722871891419,0.05526100301637457,0.051409419258681005
2020-06-25,2020-07-27,283.0429382324219,283.0429382324219,18.14433303875694,0.27856387471555727,0.16387668333751745,5.373744958395662,0.29616657426410503,9.034455250930575,-3.1663159769806013,0.0,-0.43682297356659355,0.057571341987711605,0.050742264954839716
2020-06-26,2020-07-28,276.3202209472656,276.3202209472656,18.537084455390584,0.2915305867483133,0.13722118504727682,4.390697857616885,0.23686021759155715,6.816306658981275,-1.8234601412520461,0.0,-0.5634802318735969,0.03866842823868196,0.06616042938403682
2020-06-29,2020-07-29,280.3814697265625,280.3814697265625,19.07692962010094,0.29567906767996577,0.13498084835695273,6.059661195403578,0.3176434214559688,8.4740610119101,-1.8772881730816928,0.0,-0.49431644537002206,0.04279519805476143,0.06920628164093111
2020-06-30,2020-07-30,283.9730224609375,283.9730224609375,19.51246704920038,0.2986075255466347,0.1321531830240569,7.680598394822937,0.39362518206726127,10.344474667178481,-2.1159683148871213,0.0,-0.4993617590804502,0.048546198387879984,0.07170199052969423
2020-07-01,2020-07-31,285.9623107910156,285.9623107910156,19.624575671105077,0.2982336110399438,0.13258169869431385,8.381676170074627,0.4271010140828511,11.216988046498322,-2.2968089367834725,0.0,-0.48581418423744727,0.05268875540272125,0.07136537992525466
2020-07-02,2020-08-03,287.5369873046875,287.5369873046875,19.538397786951975,0.2952949923143502,0.13309718941233514,8.638592193363365,0.44213411394113095,11.666763942285442,-2.436480384334574,0.0,-0.5345688674836134,0.0571224971039292,0.06948427065646912
2020-07-06,2020-08-04,291.9757385253906,291.9757385253906,20.130918528809104,0.29962907203481653,0.1248088967123291,10.778042904631661,0.5353974727585002,13.86430183547775,-2.430524780961993,0.0,-0.5923857378641435,0.06334841202003491,0.07420032010989644
2020-07-07,2020-08-05,288.96441650390625,288.96441650390625,19.18741616517454,0.2885513574853648,0.11722835232707624,8.521253881023881,0.4441063772041433,11.212370914519301,-2.068095055651435,0.0,-0.5684331192157652,0.054588858628362234,0.06951939931732568
2020-07-08,2020-08-06,291.17462158203125,291.17462158203125,19.19817205271829,0.28651961188602504,0.11676848091236132,8.941786883796794,0.4657624100483419,11.688921698611638,-2.113156981346199,0.0,-0.5756304322199258,0.05834740124868907,0.06845860986073793
2020-07-09,2020-08-07,289.51702880859375,289.51702880859375,19.058704812372724,0.28606623089885214,0.11302853759349087,7.883215617868302,0.4136280872953442,10.46284372602851,-1.928687875078503,0.0,-0.5982760530970124,0.052664179984772234,0.0690584381501522
2020-07-10,2020-08-10,292.4730529785156,292.4730529785156,19.376925304556664,0.28790489371749695,0.10996544665865836,8.809371405316142,0.45463205678170915,11.33878094360533,-1.9015678526552982,0.0,-0.5721181457843252,0.055723539849576134,0.07079682836764498
2020-07-13,2020-08-11,289.9405517578125,289.9405517578125,12.990803323233308,0.19462808600200418,0.10944445193720431,2.8671813052540642,0.22070854541583848,5.510772787240596,-2.0760169240703954,0.0,-0.5144040446966784,0.05317051321946126,0.025902003800968514
2020-07-14,2020-08-12,293.6979675292969,293.6979675292969,13.201352993844324,0.19525292811947675,0.11063259559770018,3.822789326750467,0.2895755706655977,6.410609359520725,-2.0576869331061576,0.0,-0.47086047909924045,0.059272620564794924,0.025884134730545287
2020-07-15,2020-08-13,296.396240234375,296.396240234375,13.318273586898243,0.19518890701723463,0.10907349360794846,4.324377414357173,0.3246950429529581,7.007064136913639,-2.2484890974138736,0.0,-0.37204909906735806,0.06214852607518061,0.02620168241473949
2020-07-16,2020-08-14,295.4200134277344,295.4200134277344,12.675979224918478,0.18637946220797444,0.1075710618668955,3.3370923313563594,0.26326110765441246,6.0025428344254435,-2.2002678300485554,0.0,-0.4059016239631278,0.059281049057408323,0.02316577058176231
2020-07-17,2020-08-17,296.2765197753906,296.2765197753906,12.641421707782058,0.1853327578771913,0.10759376121961646,3.1641920383908086,0.2503034952502955,5.947243450441166,-2.3317986508088766,0.0,-0.390291411344124,0.06096134989740196,0.022771813688981776
2020-07-20,2020-08-18,298.6708984375,298.6708984375,12.826074465040563,0.1865338822698178,0.10557003749566982,3.624333579604695,0.28257543564738946,6.497608592873885,-2.460759053324788,0.0,-0.34795935712685955,0.06455660281763498,0.023649856417813114
2020-07-21,2020-08-19,299.3062744140625,299.3062744140625,12.703586290135206,0.18435768556296694,0.1077505918385335,3.4532870828955993,0.27183560642062166,6.358445589102838,-2.482657282267766,0.0,-0.35712583584518953,0.06537538809428382,0.02237756618457955
2020-07-22,2020-08-20,301.010009765625,301.010009765625,12.763690525961465,0.1841813061203571,0.10693813187044766,3.8393979561375886,0.30080625570858344,6.715108824230661,-2.4917343767565368,0.0,-0.3174204064471411,0.06655608488942821,0.022486989476259434
2020-07-23,2020-08-21,297.4183349609375,297.4183349609375,13.04925658809293,0.19058378942591844,0.094829302152619,3.34092140465674,0.25602388780562674,5.629475037089248,-1.8178360783481677,0.0,-0.41964375079299476,0.051073803291401314,0.02732958424519011
2020-07-24,2020-08-24,295.5029296875,295.5029296875,11.265057257151199,0.16556226569856936,0.09269789830931618,1.6487139195172063,0.1463564615679678,3.802087263537558,-1.6590614849765843,0.0,-0.4499116202414988,0.04440023880218443,0.01881796347227935
2020-07-27,2020-08-25,297.65789794921875,297.65789794921875,11.231845494697922,0.16387668333751634,0.09150759196363323,1.9269541963409438,0.17156167232273425,4.137114272143959,-1.7291087897717525,0.0,-0.43429163093092793,0.046759655100357615,0.018481927954721814
2020-07-28,2020-08-26,295.76995849609375,295.76995849609375,9.347998605414432,0.1372211850472755,0.08791333082629199,0.48689255393350095,0.052085218931407315,2.50833028293971,-1.5292393183929676,0.0,-0.45363975522667566,0.038558655386519716,0.011100899888805568
2020-07-29,2020-08-27,299.4075927734375,299.4075927734375,9.308766705096502,0.13498084835695137,0.08244620252300151,1.1240494125563032,0.12075170086074795,3.1029968937192414,-1.5192849113120022,0.0,-0.41631141668502614,0.04335115316584174,0.01142245311269852
2020-07-30,2020-08-28,298.3393249511719,298.3393249511719,9.08162603068945,0.13215318302405557,0.07918380155674212,0.7386112439980366,0.0813302861736494,2.589007431668249,-1.3625933163079471,0.0,-0.45004272410054125,0.037760147261930575,0.011194389354412013
2020-07-31,2020-08-31,300.6969299316406,300.6969299316406,9.183013320067289,0.1325816986943125,0.08164461904519955,1.07205504262339,0.11674327426713722,3.0179454012401203,-1.4700821540026867,0.0,-0.43431631840448826,0.04149188620959559,0.010912063009633703
2020-08-03,2020-09-01,302.78741455078125,302.78741455078125,9.282735146291117,0.1330971894123338,0.0834668404409505,1.3281750249210518,0.1430801379108311,3.387146688366032,-1.5943449415307673,0.0,-0.4196614514113407,0.04496527050280688,0.010748148376267575
2020-08-04,2020-09-02,303.9568786621094,303.9568786621094,8.739488064135031,0.12480889671232764,0.0918164748015231,0.9613332442336286,0.10999880509920625,3.157083947434567,-1.74271194214471,0.0,-0.40568548453449566,0.047353276521627616,0.0071469956535697415
2020-08-05,2020-09-03,305.84478759765625,305.84478759765625,8.260891692747293,0.1172283523270747,0.1623527340402272,0.7471601402939427,0.09044545892665766,3.0906454554796454,-1.9144135594181817,0.0,-0.37809779618676015,0.050973959580670664,-0.012615923661015991
2020-08-06,2020-09-04,307.8891906738281,307.8891906738281,8.283570421189324,0.11676848091235977,0.1649624937650473,0.816223648208279,0.09853524587904555,3.2394783622717958,-2.014248000835825,0.0,-0.35561741836369853,0.05338929486395606,-0.01357774621460314
2020-08-07,2020-09-08,308.1102294921875,308.1102294921875,8.024697501887204,0.11302853759348928,0.19293005785420142,-2.028228664857636,-0.2527483016500807,2.947634434731615,-2.114451274084728,0.0,-2.807595346483412,0.05381647902119504,-0.02444655691310269
2020-08-10,2020-09-09,309.0311279296875,309.0311279296875,7.831156266558537,0.10996544665865672,0.20455842657030307,-9.680654627300868,-1.2361718113888573,3.337222162713699,-7.352271732517776,0.0,-5.559165621738996,0.10643943575780579,-0.029751750422080198
2020-08-11,2020-09-10,306.4801940917969,306.4801940917969,7.729821402414871,0.10944445193720267,0.21197081241373278,-5.039413345153264,-0.6519443442223519,2.829623340004896,-6.88069090189786,0.0,-0.8944951096001729,0.09385067366006636,-0.03295353725550322
2020-08-12,2020-09-11,310.7532653808594,310.7532653808594,7.922437411344561,0.11063259559769856,0.20607013258704146,-10.771762441795715,-1.3596525769166765,3.943070533388211,-10.541524839658434,0.0,-3.9970629312174473,0.17624520430799254,-0.03022532833575694
2020-08-13,2020-09-14,310.1915283203125,310.1915283203125,7.796984719913382,0.10907349360794683,0.2112530591594009,-11.194434035054712,-1.4357388704975007,4.034189765165028,-11.26282324817565,0.0,-3.803464530701331,0.16233602134276498,-0.032730827996362524
2020-08-14,2020-09-15,310.2007141113281,310.2007141113281,7.690124094537509,0.10757106186689382,0.21190509400533983,-10.573265457973179,-1.374914803453385,4.366717734774485,-11.463432811272696,0.0,-3.290163586912563,0.18638679456243745,-0.03333223551424082
2020-08-17,2020-09-16,311.1860046386719,311.1860046386719,7.716173328313488,0.10759376121961478,0.2122027384186832,-9.226259028081017,-1.1957039630287292,4.563186446881248,-11.660057507515527,0.0,-1.9410542431406583,0.1883337243061146,-0.0334535847390046
2020-08-18,2020-09-17,311.8583679199219,311.8583679199219,7.587832066111503,0.10557003749566812,0.21428406300402686,-10.651756740381956,-1.4037944761527394,4.943661951251035,-13.04384457031137,0.0,-2.3659806851310936,0.18559343619037527,-0.03477262684067698
2020-08-19,2020-09-18,310.5599060058594,310.5599060058594,7.7118400421186095,0.10775059183853183,0.2174421961994301,-10.537510764008658,-1.3664068116633,4.935267139712341,-13.443101599577863,0.0,-1.8406502663764515,0.18902603776663643,-0.03567091864647756
2020-08-20,2020-09-21,311.52685546875,311.52685546875,7.677694022182806,0.10693813187044598,0.21987551642244954,-10.430003794502113,-1.3584813049813116,4.3686142442789615,-12.85140354471448,0.0,-1.7526620407108735,0.19455245335561344,-0.03690947867409798
2020-08-21,2020-09-22,312.6319274902344,312.6319274902344,6.835241560673154,0.0948293021526171,0.22291754572353265,-11.619969077522853,-1.7000085475221283,3.2770694310528037,-13.04258192804253,0.0,-1.6626964120421504,0.1917601684909614,-0.040699635644650914
2020-08-24,2020-09-23,315.7999267578125,315.7999267578125,6.749907877888575,0.09269789830931426,0.23179867857655598,-10.634460507615586,-1.5754971327019252,2.459470375925473,-11.823571791903438,0.0,-1.1133693252225771,0.1569897664150908,-0.045137727038873546
2020-08-25,2020-09-24,316.90496826171875,316.90496826171875,6.686893979078661,0.09150759196363127,0.23153612293753092,-10.546180017532947,-1.5771418016389769,2.039370383954558,-11.47361429957269,0.0,-0.9666125337996756,0.14532356811507538,-0.045235336837961
2020-08-26,2020-09-25,320.0821228027344,320.0821228027344,6.489740264600499,0.08791333082628998,0.23663100661104935,-9.780150565564725,-1.507017255977467,1.2945483027584719,-10.318173327521244,0.0,-0.641406301128539,0.11511923967325483,-0.048265479552785776
2020-08-27,2020-09-28,320.7819519042969,320.7819519042969,6.101281740854972,0.08244620252299938,0.2451894041691377,-10.006380763398965,-1.640045680302705,0.8908544869449603,-10.191818503410627,0.0,-0.5953209869453758,0.11009575998777796,-0.05332046760635333
2020-08-28,2020-09-29,322.8541259765625,322.8541259765625,5.898929830673666,0.0791838015567399,0.24362165583514417,-9.835035924181511,-1.6672576563024377,0.4775166290963425,-9.831364382674854,0.0,-0.3866797445035546,0.09450842609930508,-0.05308143676288027
2020-08-31,2020-09-30,321.68450927734375,321.68450927734375,6.059256727541026,0.08164461904519738,0.24595037704425932,-9.94502329452746,-1.641294261278703,0.4783472788957825,-9.925284942351626,0.0,-0.4015471012155253,0.09653852985609242,-0.053825744149177915
2020-09-01,2020-10-01,324.7143249511719,324.7143249511719,6.252156847987209,0.08346684044094838,0.24445588151194422,-8.977824091971343,-1.4359563123982764,0.12638008730585842,-9.253588568734788,0.0,0.22188670551404022,0.07250231605656242,-0.05279196455258697
2020-09-02,2020-10-02,329.4110107421875,329.4110107421875,6.974147246366215,0.09181647480152119,0.23829478536771767,-6.16559388505874,-0.88406419699143,-0.17411076844853818,-7.226423251027779,0.0,1.2735340056427404,0.03859387122510256,-0.04835413968846826
2020-09-03,2020-10-05,318.07452392578125,318.07452392578125,11.890794288973666,0.16235273404022615,0.21833359281603884,-2.7634289688924127,-0.23240070442181818,4.10048938804535,-7.2030431314308245,0.0,0.4284297767949331,0.08930500230186274,-0.021311147501623443
2020-09-04,2020-10-06,315.4776306152344,315.4776306152344,11.983019228611909,0.1649624937650462,0.2220179527607345,-4.9301682495645025,-0.4114295533960855,6.710785741816289,-11.44012426680697,0.0,-0.07274414984438721,0.12808557472941884,-0.022079346998884822
2020-09-08,2020-10-07,306.8578186035156,306.8578186035156,13.628968616570603,0.19293005785420048,0.20775595798562832,-1.8623813994123566,-0.13664874076736847,10.076997931754327,-11.949895035251085,0.0,0.14924784000941227,0.13873213592498357,-0.0059405308549010175
2020-09-09,2020-10-08,312.91741943359375,312.91741943359375,14.734811371628723,0.20455842657030218,0.19898818082251948,0.15294615421902336,0.010379919386923061,10.909888307190897,-10.190641240355388,0.0,-0.42003856982277615,0.1462623427937383,0.0022478537738620033
2020-09-10,2020-10-09,307.4840393066406,307.4840393066406,15.003050545394302,0.21197081241373192,0.18923908447252083,0.9270857624909468,0.061793150645323085,10.010886679615187,-8.647660954046213,0.0,-0.30852289447576703,0.12761706860224772,0.00912019422333965
2020-09-11,2020-10-12,307.6406555175781,307.6406555175781,14.593275498790916,0.2060701325870406,0.19517709983433376,0.22062492729594396,0.015118259592524188,9.135399820518458,-8.462465523925772,0.0,-0.3256538483426913,0.126655520953975,0.004370799244699006
2020-09-14,2020-10-13,311.692626953125,311.692626953125,15.156957065404754,0.21125305915940007,0.19390942886060616,0.9188274003085439,0.06062083545817627,9.520729718521276,-8.225392320025772,0.0,-0.2506228765999937,0.12588712158690632,0.0070269884031585045
2020-09-15,2020-10-14,313.26739501953125,313.26739501953125,15.280503509650515,0.21190509400533902,0.1954995731104876,0.892458934857359,0.058405073778735106,9.102181311040695,-7.9667904975554436,0.0,-0.12223684105926858,0.12069503756862741,0.006683685779028677
2020-09-16,2020-10-15,312.0242004394531,312.0242004394531,15.241218647302333,0.21220273841868234,0.19480333860832816,0.773950877926552,0.05078011777381987,8.672501550247377,-7.6408034538419205,0.0,-0.14386935049252267,0.11387786798640873,0.007081661459436769
2020-09-17,2020-10-16,309.2798156738281,309.2798156738281,15.255183511395956,0.21428406300402603,0.19141486641887676,0.6229597143477577,0.04083593710179843,7.984405650234164,-7.013724487959473,0.0,-0.2448752619393159,0.10284618598759326,0.009278008571356966
2020-09-18,2020-10-19,305.7191162109375,305.7191162109375,15.30156347022745,0.21744219619942928,0.19510901592307184,0.5245967834325143,0.034283868080097334,7.02981947124865,-6.06911236295123,0.0,-0.34877881298343205,0.08733151188148182,0.009213580593561602
2020-09-21,2020-10-20,302.3166809082031,302.3166809082031,15.300421589287936,0.2198755164224488,0.18956943337836352,0.38367578178758777,0.025076157512954098,6.016755099925312,-5.136253496698947,0.0,-0.4245769893742092,0.07224883206449968,0.012408672650644749
2020-09-22,2020-10-21,305.3955383300781,305.3955383300781,15.669865456222198,0.2229175457235319,0.18790453801525728,1.0947290299763495,0.06986205676333065,6.947062744248194,-5.3919271885218425,0.0,-0.3824195989313186,0.07798692681878172,0.014384116784675667
2020-09-23,2020-10-22,298.3130798339844,298.3130798339844,15.915656092800333,0.23179867857655523,0.1642040310719967,1.284929113769465,0.080733656613171,4.995103244450609,-3.1717541749800215,0.0,-0.4897101298300953,0.04870982587104648,0.026767663569543913
2020-09-24,2020-10-23,299.1083068847656,299.1083068847656,15.940025611606757,0.23153612293753018,0.16419685953259736,1.18366018714147,0.07425710698228652,5.021786556461969,-3.288560737903543,0.0,-0.4986034894034958,0.05096214201350472,0.026648367544575582
2020-09-25,2020-10-26,303.9439392089844,303.9439392089844,16.553795163905647,0.23663100661104863,0.17364984443789697,2.865651805003438,0.1731114694020006,6.9456648744889415,-3.5332019411135476,0.0,-0.48548968486547095,0.061321443506482345,0.025839964816452322
2020-09-28,2020-10-27,308.9922790527344,308.9922790527344,17.436795867035073,0.245189404169137,0.16556045299830807,6.828524008291652,0.3916157567228986,10.890346368798852,-4.1787119333917655,0.0,0.19129136232220603,0.07440178943765384,0.03270758031981144
2020-09-29,2020-10-28,307.30950927734375,307.30950927734375,17.23105848875622,0.2436216558351434,0.20537583294472653,-1.8321400412779099,-0.10632777101148116,10.231783657229062,-8.735414549465814,0.0,-3.259510654676487,0.06899849436469324,0.01717227843411684
2020-09-30,2020-10-29,309.6395568847656,309.6395568847656,17.527500179532723,0.24595037704425862,0.2068768065703903,0.682749046304366,0.03895301893088144,11.559519063620707,-10.302667954060052,0.0,-0.4665338506790733,0.10756821257724991,0.017693574871450304
2020-10-01,2020-10-30,311.6273498535156,311.6273498535156,17.532937284256434,0.24445588151194356,0.20783566096264253,1.1988686812110814,0.06837808530163376,11.875959118770671,-10.184633642491614,0.0,-0.3920072595515223,0.10044953551645863,0.016563016038002892
2020-10-02,2020-11-02,308.6686096191406,308.6686096191406,16.92920067198986,0.23829478536771692,0.210102814151582,1.6299628721567956,0.09628114780715216,11.033759642134541,-9.26313896371936,0.0,-0.033505523484455346,0.1071522827738367,0.01264121221903207
2020-10-05,2020-11-03,314.1423034667969,314.1423034667969,15.78754274759757,0.21833359281603804,0.21002061574000555,0.47270509325829835,0.02994165088358865,9.294230654155383,-9.41841017555746,0.0,0.692811552407218,0.09592693774686403,0.003560898716148432
2020-10-06,2020-11-04,309.6764831542969,309.6764831542969,15.825463274801649,0.22201795276073372,0.21764142652958526,-2.7784944641629608,-0.17557112963555788,11.326098663531859,-13.77954828673392,0.0,-0.20898519360450624,0.1160596473564229,0.001924180806234528
2020-10-07,2020-11-05,315.0668640136719,315.0668640136719,15.067680919261164,0.20775595798562746,0.21966131843060813,-3.6959820211344834,-0.2452920287427824,10.022717845022601,-13.768181561078165,0.0,0.1720876217130023,0.12260592679190736,-0.005088556736147221
2020-10-08,2020-11-06,317.8592224121094,317.8592224121094,14.560381972020764,0.19898818082251862,0.21799002397962175,-3.120762316709431,-0.2143324483318013,8.749827923037259,-11.817493433513622,0.0,0.07632933361515687,0.12942613984818355,-0.007923354447580695
2020-10-09,2020-11-09,320.69775390625,320.69775390625,13.971480918338898,0.18923908447251991,0.22000306380687473,-2.5863153477294247,-0.1851139018723949,8.460256188427373,-10.99952121703817,0.0,0.06590944288610723,0.1129597620046649,-0.012589916992414268
2020-10-12,2020-11-10,325.8569641113281,325.8569641113281,14.641177538431094,0.1951770998343329,0.21329972395241592,2.4348152279261654,0.1662991396378541,8.23415304748033,-7.1999948968180165,0.0,1.4934907566578712,0.09283367939401668,-0.007402671938435683
2020-10-13,2020-11-11,323.73040771484375,323.73040771484375,14.451262688998298,0.1939094288606053,0.21319887628188097,0.08161358350648129,0.005647505360802379,8.64430831438361,-8.478101425723771,0.0,0.013227530740127058,0.0978208358933885,-0.00785289424681064
2020-10-14,2020-11-12,321.69622802734375,321.69622802734375,14.478084453450947,0.19549957311048669,0.2149881133143204,-0.6644222647296942,-0.045891586477886916,8.145337884633905,-8.982705130937209,0.0,0.27898542941176113,0.10604044783808124,-0.007999805780068543
2020-10-15,2020-11-13,321.2986145019531,321.2986145019531,14.408751025537015,0.1948033386083273,0.21949271908059345,-1.3927586771530969,-0.09666061094987854,8.319805465740515,-9.792821307345704,0.0,0.18382069369013987,0.10356352923807433,-0.010228712996441694
2020-10-16,2020-11-16,321.10455322265625,321.10455322265625,14.149855313004451,0.19141486641887584,0.22257778947216128,-2.1317208852542535,-0.15065319313159983,7.718219816815009,-9.84377466067771,0.0,0.10666683298337404,0.11283287437496578,-0.012901221280157665
2020-10-19,2020-11-17,316.2226257324219,316.2226257324219,14.203343520398676,0.19510901592307092,0.21535525701690958,-2.6414514414075825,-0.18597391787461598,6.719034134426765,-9.128087971612294,0.0,-0.1322580311711219,0.1001395730509109,-0.00831035863035004
2020-10-20,2020-11-18,317.4894104003906,317.4894104003906,13.85582372738142,0.1895694333783626,0.2211154247432853,-3.036860600623129,-0.21917575312550963,6.339298814257073,-9.173466680545369,0.0,-0.1017719534229998,0.10092078091185597,-0.012955460988010009
2020-10-21,2020-11-19,316.888427734375,316.888427734375,13.70828017737665,0.18790453801525636,0.2208554440137232,-3.442383993456758,-0.2511171313187681,5.8646735480598124,-9.069857891206734,0.0,-0.1380700190578539,0.09912963125203104,-0.013469011743771901
2020-10-22,2020-11-20,318.62664794921875,318.62664794921875,12.047064040129044,0.16420403107199563,0.22257595702125568,-4.996721221801465,-0.41476671869239456,4.739262212859332,-9.63293474211954,0.0,0.00013816252740942933,0.10318685506858494,-0.02257709282363495
2020-10-23,2020-11-23,319.7084045410156,319.7084045410156,12.087437359943323,0.16419685953259627,0.22303867007733097,-4.784259311665323,-0.3958042692754651,4.82629606306528,-9.522605627162328,0.0,0.0167049706962539,0.1046547182645878,-0.02278563966949734
2020-10-26,2020-11-24,313.80023193359375,313.80023193359375,12.54612955670163,0.1736498444378959,0.21559525677077854,-4.3235500068416854,-0.344612255700183,4.079114678471737,-8.068270689406248,0.0,-0.25090350431222735,0.08349049159488953,-0.016327046268752483
2020-10-27,2020-11-25,312.7184143066406,312.7184143066406,11.921209479369992,0.165560452998307,0.2149494216331282,-5.03686517628978,-0.42251293251798194,3.4154343756764205,-8.079336778960842,0.0,-0.2918803813086966,0.0810823916966482,-0.018792990263411698
2020-10-28,2020-11-27,302.030029296875,302.030029296875,14.278909791431346,0.20537583294472564,0.16453332468335077,-0.6805313439926977,-0.0476598951833899,3.0438152535076055,-3.2398358292748726,0.0,-0.4430546022242899,0.04145616600104904,0.015108017826382929
2020-10-29,2020-11-30,305.09967041015625,305.09967041015625,14.529334307910261,0.2068768065703894,0.1666664553610695,-0.6581436658350412,-0.04529757880763509,3.262046125273651,-3.4158780645100224,0.0,-0.4610970483119915,0.04321467828685629,0.015020305754138936
2020-10-30,2020-12-01,301.9190979003906,301.9190979003906,14.444438726569302,0.20783566096264167,0.15885051936808742,-0.7479933956607852,-0.05178417866004829,2.563037929099473,-2.7839511222564632,0.0,-0.4936318662048677,0.033448336299007404,0.017962174464267015
2020-11-02,2020-12-02,305.3031311035156,305.3031311035156,14.765498808266045,0.21010281415158116,0.15783997542530065,-0.6021483056262582,-0.040780762874679355,2.921873010038087,-2.9733589384154735,0.0,-0.5146102598373397,0.036052117411538104,0.019229734672154344
2020-11-03,2020-12-03,310.6935729980469,310.6935729980469,15.020326476563412,0.21002061574000466,0.15200906421590268,0.17762463506051063,0.01182561746162194,3.8577053752441772,-3.116101429468852,0.0,-0.5217088521103922,0.042270458604577205,0.02100190343201627
2020-11-04,2020-12-04,317.63726806640625,317.63726806640625,15.912630999465591,0.21764142652958443,0.13851365418892034,2.3410539901888683,0.14711922813188405,6.04156038043068,-3.137970753985127,0.0,-0.5085335497360841,0.054002086520685895,0.028181758145064687
2020-11-05,2020-12-07,323.8321228027344,323.8321228027344,16.373380740873387,0.21966131843060732,0.12711071739771085,4.4268503233971614,0.27036874017998463,8.149946658818804,-3.1797075485539796,0.0,-0.4783265499417326,0.06506223692589738,0.03209396033731196
2020-11-06,2020-12-08,323.7581787109375,323.7581787109375,16.245221095694717,0.2179900239796209,0.12672776865880583,4.0079793670817025,0.24671744037659735,7.708144836914381,-3.137257909846138,0.0,-0.49824100799732196,0.06466655198933954,0.031459723205395876
2020-11-09,2020-12-09,327.8263854980469,327.8263854980469,16.60109712495975,0.22000306380687393,0.12757041829195895,5.393921685642795,0.3249135671601507,9.04831268013581,-3.1285180668437738,0.0,-0.4555174033971469,0.07035552425207381,0.032127136461226065
2020-11-10,2020-12-10,327.3455810546875,327.3455810546875,16.072182466759784,0.21329972395241512,0.127283079416201,4.607393681978351,0.2866688261850738,8.215431602263397,-3.1098031343903254,0.0,-0.42978581605797483,0.06844896983667743,0.029295789932505558
2020-11-11,2020-12-11,329.7772521972656,329.7772521972656,16.18392659403156,0.2131988762818801,0.1258825086947455,5.676691050942111,0.3507610478804079,9.247897186470798,-3.1482762923429144,0.0,-0.3513890036724488,0.0715408395132863,0.029607354852573747
2020-11-12,2020-12-14,326.5780944824219,326.5780944824219,16.16128910418402,0.21498811331431955,0.12131756542846059,4.624051841945857,0.286118997818604,7.745269904753099,-2.6390188743526135,0.0,-0.422676784558631,0.05952240389609694,0.03150193718496189
2020-11-13,2020-12-15,331.09942626953125,331.09942626953125,16.727989107634556,0.21949271908059262,0.12091460223652017,7.266607681907203,0.4343981595845711,10.883372270689803,-3.244658426955225,0.0,-0.31055900595730407,0.06154715587013903,0.03355671269537606
2020-11-16,2020-12-16,335.232421875,335.232421875,17.174608234644865,0.2225777894721605,0.11424761060550369,9.00481168692113,0.5243095833042931,12.897866531979018,-3.430460365651247,0.0,-0.3870807381048312,0.07551374130180724,0.036488355837246605
2020-11-17,2020-12-17,333.4294128417969,333.4294128417969,16.528487514782597,0.21535525701690875,0.1128388963556356,7.417276149791064,0.44875710152893716,11.029897269458814,-3.100870897027239,0.0,-0.4413197166032364,0.07043050603733408,0.03364527019406095
2020-11-18,2020-12-18,329.4166564941406,329.4166564941406,16.76588606449107,0.2211154247432845,0.10363015961919209,6.249240452311994,0.37273547179516103,9.012006521992276,-2.23115310114885,0.0,-0.47850591381918367,0.053107054712296084,0.03815282107670388
2020-11-19,2020-12-21,330.8035583496094,330.8035583496094,16.81669778104026,0.2208554440137224,0.10494779487355074,6.580236215928551,0.39129181612262437,9.356674850901609,-2.287957142980579,0.0,-0.43266769635372115,0.05581379563879589,0.03776308750167758
2020-11-20,2020-12-22,328.5382995605469,328.5382995605469,16.831516911952008,0.22257595702125485,0.10119064138257046,5.72116213043455,0.33990769580440905,8.178570881887682,-1.947222122254378,0.0,-0.463166959845688,0.04701966935319742,0.0393005107405115
2020-11-23,2020-12-23,330.5076904296875,330.5076904296875,16.967576789505216,0.2230386700773302,0.10005504351225866,6.694254820539243,0.3945321658823889,9.146012836259287,-1.9870759786491814,0.0,-0.4155417958604766,0.04914024121037241,0.03973523661762417
2020-11-24,2020-12-24,335.8333740234375,335.8333740234375,16.666188141831043,0.21559525677077776,0.08579213844038042,9.766882504183684,0.5860297760391561,12.05431507985215,-1.7911108165451564,0.0,-0.4430697784819562,0.05325198064137819,0.03912102372388419
2020-11-25,2020-12-28,335.315673828125,335.315673828125,16.590700249552953,0.21494942163312739,0.08915278181450532,8.925683658458752,0.5379931843864915,11.411703430751517,-1.9011126772418645,0.0,-0.5293859128507793,0.05552118220012382,0.03825503535515118
2020-11-27,2020-12-29,336.2495422363281,336.2495422363281,12.73883314674535,0.16453332468334975,0.08973917272433232,5.186945671724061,0.40717588588946046,8.049507403199135,-2.3813085727477117,0.0,-0.41319200532243466,0.06806115340495236,0.019018095810109034
2020-11-30,2020-12-30,334.7608642578125,334.7608642578125,12.846626366914563,0.16666645536106844,0.08735559797512375,4.562357989172142,0.35514055276972345,7.150517324015882,-2.096603657801949,0.0,-0.4328922170462186,0.05866345999556788,0.020146706845031573
2020-12-01,2020-12-31,338.4222717285156,338.4222717285156,12.378951940695515,0.1588505193680863,0.08161919797612546,5.522032142322985,0.44608236373948856,8.129194203935198,-2.157104764983199,0.0,-0.38057541505206965,0.06948188157700876,0.018571794025244802
2020-12-02,2021-01-04,339.13421630859375,339.13421630859375,12.326196287679437,0.15783997542529957,0.09647382907432506,5.523938950338504,0.4481462749266713,8.06372218678112,-2.3191872141123433,0.0,-0.14925772891696032,0.07133829341328261,0.015606258145997086
2020-12-03,2021-01-05,339.041748046875,339.041748046875,11.868300922492779,0.15200906421590152,0.09892542132842273,4.433256837577858,0.37353761642291683,8.034632995761047,-2.934153002025915,0.0,-0.5909859267750325,0.07623722938225556,0.013320516618788114
2020-12-04,2021-01-06,341.9635314941406,341.9635314941406,10.90958232223062,0.1385136541889191,0.0967211721397341,3.6489608681415575,0.33447301283991554,8.373882630536398,-3.9921946067564567,0.0,-0.6222077425971138,0.11051941304123246,0.009831047256683387
2020-12-07,2021-01-07,341.2607116699219,341.2607116699219,9.992620809481991,0.12711071739770946,0.10763916073803052,2.204748978123689,0.2206377105825535,6.845421025662236,-4.241465405224516,0.0,-0.28567850242884085,0.11352813988517892,0.004570945552972787
2020-12-08,2021-01-08,342.2593994140625,342.2593994140625,9.991736492844922,0.12672776865880445,0.10852680979541925,1.4542595044628115,0.14554622267152523,6.715975752037554,-5.1099029418515025,0.0,-0.033924044925245,0.11788926079802553,0.004281858904868352
2020-12-09,2021-01-11,339.1896667480469,339.1896667480469,9.967819001347038,0.12757041829195756,0.10600809375143659,1.6869215578549301,0.1692367766335807,5.4372935952729415,-3.3285399468922585,0.0,-0.33752546104051245,0.08430662948525156,0.005036495682371651
2020-12-10,2021-01-12,339.0788269042969,339.0788269042969,9.942166099969768,0.1272830794161996,0.1058937798692494,1.2980141541865464,0.1305564744276897,5.079091370966416,-3.353673371241209,0.0,-0.3448377107440487,0.08256613479469771,0.004987489690673525
2020-12-11,2021-01-13,338.6811828613281,338.6811828613281,9.821473375712628,0.12588250869474407,0.1053986148020652,0.9105003913359155,0.09270507148015877,4.60583506326291,-3.2429873042570616,0.0,-0.3737906798554033,0.07855668781449383,0.0047375379930882
2020-12-14,2021-01-14,337.164794921875,337.164794921875,9.423728528844379,0.12131756542845913,0.10470020592951897,0.49636699057163014,0.05267203836064865,3.732296269191127,-2.7297232638854685,0.0,-0.44056024206243055,0.06564577267158654,0.003755818559804785
2020-12-15,2021-01-15,341.72308349609375,341.72308349609375,9.519482781309307,0.1209146022365187,0.1006847018684036,0.8344227109158169,0.08765420665019057,4.59737674440086,-3.3961582851280383,0.0,-0.2836627576128657,0.08313299074409525,0.004482931843686219
2020-12-16,2021-01-19,342.2593994140625,342.2593994140625,9.009994591414966,0.11424761060550213,0.10343516737616443,0.2749078609059552,0.03051143462038223,4.21293089559908,-3.6099673595090103,0.0,-0.24199115867253973,0.08606451651149688,0.002353682678931294
2020-12-17,2021-01-20,344.1733093261719,344.1733093261719,8.948957159677235,0.112838896355634,0.11128039649007847,0.10101399139085743,0.011287794721603153,4.640008846216566,-4.277592938093444,0.0,-0.16313045979062332,0.09827145694159484,0.0003492898877684447
2020-12-18,2021-01-21,342.7990417480469,342.7990417480469,8.18786180142439,0.10363015961919037,0.10941155009560052,-0.6058051214713487,-0.07398819571746566,3.5899270846174622,-3.8897781098080344,0.0,-0.21819301298171184,0.08776108329905692,-0.0012316773116232294
2020-12-21,2021-01-22,341.5733642578125,341.5733642578125,8.261993600872046,0.10494779487354905,0.10938882183134811,-0.5587167211820656,-0.06762492785313869,3.213076567359448,-3.4039084570623035,0.0,-0.29211160907088957,0.07577322240813472,-0.0009518746928298925
2020-12-22,2021-01-25,340.9976501464844,340.9976501464844,7.953715378028534,0.10119064138256871,0.10879464352716303,-0.8731034026504858,-0.10977302570599397,2.7734601691523486,-3.247179550409309,0.0,-0.3281832873615299,0.07120073403188261,-0.0015967285567868496
2020-12-23,2021-01-26,341.3041076660156,341.3041076660156,7.871821863332599,0.10005504351225689,0.10948968441406928,-1.1628351245395834,-0.14772121939854058,2.6551482670817395,-3.4250053788864214,0.0,-0.31922998045516926,0.0737480322798196,-0.0019769792608528673
2020-12-24,2021-01-27,342.6319580078125,342.6319580078125,6.780064492734141,0.08579213844037832,0.14319379192250914,-2.1599339231216277,-0.3185712946294717,2.225528434249883,-4.06360792784439,0.0,-0.23862192543214383,0.08323250409503632,-0.013144171026973803
2020-12-28,2021-01-28,345.5753173828125,345.5753173828125,7.104976723630557,0.08915278181450335,0.14320065733533835,-3.2395373580064586,-0.4559532682537902,3.2202362407540117,-6.031811352697248,0.0,-0.3174537024805508,0.11050854358257398,-0.012558209756008553
2020-12-29,2021-01-29,344.9161682128906,344.9161682128906,7.137870616326836,0.08973917272433034,0.16041275296377677,-5.842507394846962,-0.8185224570312439,2.877416628630485,-5.5647869636968,0.0,-3.041327303868025,0.11380975591269966,-0.01767913219217048
2020-12-30,2021-02-01,345.40826416015625,345.40826416015625,6.958998407939248,0.08735559797512173,0.1705046803325251,-13.157128647681162,-1.8906641267040256,3.2527183587886346,-11.342372343919683,0.0,-4.886102067359424,0.1813725951907892,-0.021440845517705483
2020-12-31,2021-02-02,347.1632080078125,347.1632080078125,6.537148266036951,0.08161919797612328,0.1762443137727843,-15.566182832820004,-2.3811885855017896,3.342984096907306,-14.669158875846358,0.0,-3.9729033981161868,0.26710465576474557,-0.024400364658974036
2021-01-04,2021-02-03,342.43707275390625,342.43707275390625,7.61624069339797,0.09647382907432321,0.16799789828712627,-5.64804678810043,-0.7415793454369634,2.646647033309375,-7.372911050140202,0.0,-0.8046736427710135,0.11710912849865453,-0.018916094132629895
2021-01-05,2021-02-04,344.79541015625,344.79541015625,7.862869183886545,0.09892542132842094,0.17041708921859733,-8.687366017822,-1.1048595385034645,3.370090925225766,-10.149435808834923,0.0,-1.7418858903789667,0.1661352438338619,-0.01925574531273376
2021-01-06,2021-02-05,346.8568420410156,346.8568420410156,7.734249002424093,0.09672117213973223,0.16994682742031728,-10.639025765783686,-1.3755732149881867,3.6632638385883416,-12.150580526123122,0.0,-1.9577917528366757,0.1939173254124701,-0.01952693901014739
2021-01-07,2021-02-08,352.0101623535156,352.0101623535156,8.732121937244756,0.10763916073802889,0.1646110901179576,-8.616269604189597,-0.986732625370127,5.2404077346832905,-12.963343408716792,0.0,-0.6990292039600071,0.19430472619612377,-0.01551062206543514
2021-01-08,2021-02-09,354.0158386230469,354.0158386230469,8.854082599801359,0.10852680979541762,0.16400417102417766,-7.360320802425861,-0.8312911834130607,5.174182711147266,-12.090100323670205,0.0,-0.26446429515180625,0.1799388947510728,-0.015119299668956962
2021-01-11,2021-02-10,351.6294250488281,351.6294250488281,8.590894446462215,0.10600809375143493,0.1616239832066605,-8.208735384858812,-0.9555158005973664,4.523997345797255,-11.795073556922368,0.0,-0.7639435456493792,0.17371562808422478,-0.014884596006773856
2021-01-12,2021-02-11,351.70379638671875,351.70379638671875,8.583473674867378,0.10589377986924772,0.16156582442812004,-8.067349625990857,-0.9398700260026726,4.270341611817763,-11.433037761669045,0.0,-0.7355217759126066,0.16913170022707538,-0.014890023008141413
2021-01-13,2021-02-12,352.65087890625,352.65087890625,8.566465524074033,0.10539861480206351,0.16196284204420225,-7.743607466324249,-0.9039442748660652,4.1251252698158885,-11.128207230609913,0.0,-0.576620643898012,0.16390486163218101,-0.015123094200841446
2021-01-14,2021-02-16,351.4159240722656,351.4159240722656,8.480075056209074,0.10470020592951729,0.1611728742887147,-7.925942514967289,-0.9346547598259698,3.724937654005831,-10.735372515395975,0.0,-0.759457853826054,0.1560497997510377,-0.015014562284802508
2021-01-15,2021-02-17,348.8531188964844,348.8531188964844,8.096394665914517,0.10068470186840185,0.15793274634490345,-8.045671150190344,-0.9937350490166054,2.973266074675348,-9.8206487361303,0.0,-1.0585863668196107,0.13970212191581627,-0.014805343177714652
2021-01-19,2021-02-18,351.5924072265625,351.5924072265625,8.382142620945757,0.10343516737616272,0.1579364135994037,-7.336577523784229,-0.875262788472626,3.320662124415765,-9.78030576920113,0.0,-0.7398153116083699,0.13711856739060818,-0.014245076890507111
2021-01-20,2021-02-19,356.45794677734375,356.45794677734375,9.14070957126367,0.11128039649007687,0.15179916122782303,-3.663911297529296,-0.40083445042907906,4.464785854361665,-7.881203102446455,0.0,-0.12926262699129853,0.11823142245305877,-0.010659658706481898
2021-01-21,2021-02-22,356.78289794921875,356.78289794921875,8.995822305239557,0.1094115500955989,0.15460723665064183,-3.443989419852187,-0.3828432024325623,4.444935147192041,-7.872257636674726,0.0,0.09978364696196178,0.11645057733145527,-0.011932510330425819
2021-01-22,2021-02-23,355.5200500488281,355.5200500488281,8.962124444510948,0.10938882183134649,0.1539760735536024,-4.029489144442721,-0.4496131658728161,4.289238628842039,-7.9278452491982385,0.0,-0.27646637673301455,0.11441614735334944,-0.01174271688533431
2021-01-25,2021-02-24,356.9222412109375,356.9222412109375,8.948739385107615,0.10879464352716141,0.1577847601800018,-3.6113977212772284,-0.4035649677414087,5.235880034773401,-8.962805725809206,0.0,0.2372940067007112,0.12176603694209485,-0.013059756084858553
2021-01-26,2021-02-25,356.3650817871094,356.3650817871094,8.991685929453723,0.10948968441406766,0.18047011013614161,-6.750860130421984,-0.7507891382536448,4.776484848607357,-8.818060124244452,0.0,-2.583000987396166,0.12628386738866265,-0.020581469659458954
2021-01-27,2021-02-26,347.6552734375,347.6552734375,11.465223782263223,0.1431937919225079,0.15827362316135715,-1.0389293369552774,-0.09061570508222508,3.6514342618415077,-4.080403384907027,0.0,-0.5437076779024479,0.06625253598716827,-0.004546077743476807
2021-01-28,2021-03-01,350.645263671875,350.645263671875,11.564383262094566,0.14320065733533707,0.1758446489234156,-3.121887469269609,-0.2699571086944559,5.8319304623718065,-11.258596502273999,0.0,2.388283855504393,0.0835052848716667,-0.010414912293726653
2021-01-29,2021-03-02,343.6254577636719,343.6254577636719,12.692705912941278,0.16041275296377563,0.1612030603815163,0.11576875867444869,0.009120888758354729,3.3204177665495607,-2.997178437638754,0.0,-0.16626768516417886,0.04120288507217126,-0.0002541753629494818
2021-02-01,2021-03-03,349.3452453613281,349.3452453613281,13.714621095205473,0.17050468033252408,0.16067934808784481,-0.020761941939895223,-0.0015138545786841635,6.3817712017257024,-6.452856665224794,0.0,0.12617167928582312,0.07584815772675191,0.0032539931133614246
2021-02-02,2021-03-04,354.28509521484375,354.28509521484375,14.376121224766308,0.1762443137727833,0.1590653885917389,-0.9176941171089137,-0.06383461176773927,10.57201502862537,-10.460913438403873,0.0,-0.9057000180327779,0.12309568929766833,0.00576026028939839
2021-02-03,2021-03-05,354.5636901855469,354.5636901855469,13.715117686412981,0.16799789828712522,0.17194868065726537,-3.082991518865299,-0.2247878282458703,9.580689838030336,-11.736636140478847,0.0,-0.7808646683865168,0.14618054803035044,-0.0013430549508829555
2021-02-04,2021-03-08,358.5935974121094,358.5935974121094,14.070471373175934,0.1704170892185963,0.16793600890797447,-0.8822934178714092,-0.06270532055901275,10.340573417254667,-9.967636093500117,0.0,-1.1076322367638067,0.14759850486214704,0.0008394812097997292
2021-02-05,2021-03-09,360.0049133300781,360.0049133300781,14.08692115351235,0.16994682742031625,0.17498728734801913,0.21221737743655922,0.01506485165380841,9.60323543842695,-10.077907362952924,0.0,0.8319850975077877,0.14509579554521013,-0.0017386265831874637
2021-02-08,2021-03-10,362.6048278808594,362.6048278808594,13.743788277055614,0.16461109011795652,0.17450223771893295,0.749599047319208,0.054540933853777146,8.847105280575098,-8.94973098456022,0.0,0.9839543809554211,0.13172962965109314,-0.003354219979092979
2021-02-09,2021-03-11,362.3633728027344,362.3633728027344,13.684068816401435,0.16400417102417655,0.17801432177590754,-1.2016626374839632,-0.08781471750885057,9.744646104693075,-10.421528197784426,0.0,-0.38246479689160623,0.14231574750099374,-0.004791730644008993
2021-02-10,2021-03-12,362.20556640625,362.20556640625,13.479883391333203,0.16162398320665938,0.17801611802846795,-1.0493549976941097,-0.07784599964483262,9.605287057219456,-9.99148765479804,0.0,-0.4989260247768334,0.16422837533863452,-0.00556742633033892
2021-02-11,2021-03-15,362.7905578613281,362.7905578613281,13.496803140118203,0.16156582442811895,0.17899253625000608,-0.9617371511670569,-0.07125666286917734,9.624943266768167,-9.704885152343289,0.0,-0.7257749798969201,0.1560202856950003,-0.0059348124100719775
2021-02-12,2021-03-16,364.5826416015625,364.5826416015625,13.596754715422833,0.1619628420442012,0.17842941670180348,0.5773184583998443,0.042460018620839764,9.400744497326189,-8.648303081686649,0.0,-0.02831151521750863,0.14681144202215843,-0.0056050945415109625
2021-02-16,2021-03-17,364.2668762207031,364.2668762207031,13.518814637904711,0.1611728742887136,0.17866220104738625,0.19149558466935446,0.014165116528222069,9.450069729513814,-8.639874692356212,0.0,-0.4758342058151041,0.14286524667309783,-0.0059434866766111885
2021-02-17,2021-03-18,364.35052490234375,364.35052490234375,13.250481722185327,0.15793274634490231,0.18632685835643048,-0.5542765653154902,-0.04183067279640581,9.015437560329833,-9.905517176861961,0.0,0.48208783804164757,0.14628478682498253,-0.009774945776934052
2021-02-18,2021-03-19,362.7998046875,362.7998046875,13.194391967197475,0.1579364135994026,0.18583577562706016,1.0619008979038327,0.08048123024871628,9.544430124593742,-9.731307013516243,0.0,1.4115159664881047,0.16273817966177664,-0.009591024762269484
2021-02-19,2021-03-22,362.1590576171875,362.1590576171875,12.66005437226542,0.1517991612278219,0.1877094180830054,-2.1829081587274217,-0.1724248644231381,9.389368979005416,-10.71385232629785,0.0,-0.6985572037247891,0.15986760771028408,-0.01219184028759025
2021-02-22,2021-03-23,359.3734436035156,359.3734436035156,12.79469840505206,0.15460723665064066,0.1878095816616822,-2.287198213595275,-0.17876140110439506,8.152968639945945,-9.925272584425423,0.0,-0.3583679264726898,0.15652634264301196,-0.011369041339188875
2021-02-23,2021-03-24,359.8099365234375,359.8099365234375,12.758024343793409,0.15397607355360124,0.1887597444850129,-0.8531069675257754,-0.06686826616229177,8.782060667432182,-10.133799526817043,0.0,0.6559072600839189,0.1572753682248798,-0.011921609911063339
2021-02-24,2021-03-25,363.77484130859375,363.77484130859375,13.217167958679113,0.15778476018000065,0.18578936288527775,1.2964890096429826,0.09809128655217227,10.035714641648667,-9.728350781385691,0.0,1.1562772771747518,0.1671521277946783,-0.009621656816257106
2021-02-25,2021-03-26,355.0093994140625,355.0093994140625,14.75046851755323,0.18047011013614067,0.17135329848133363,1.2350305727862292,0.08372822675540972,8.407502417125539,-6.760148827818277,0.0,-0.30443358707084234,0.10788942945030025,0.003207507752117731
2021-02-26,2021-03-29,353.1801452636719,353.1801452636719,12.871924843088266,0.15827362316135604,0.16970972586728167,-1.418128615116757,-0.11017222617472305,5.7776997656563855,-6.736819286232132,0.0,-0.35679764627390026,0.1022114482671682,-0.0037508512653249525
2021-03-01,2021-03-30,361.7413024902344,361.7413024902344,14.645434371585083,0.1758446489234146,0.15036881203676247,2.9352749575791677,0.20042252644101544,10.203788233391316,-6.938593563791173,0.0,-0.19581864008552172,0.134101071935381,0.008310560921651729
2021-03-02,2021-03-31,358.9185485839844,358.9185485839844,13.322816530376485,0.16120306038151522,0.1473948035871179,0.9113454972496129,0.06840486733204751,7.815973830902029,-6.481235238235362,0.0,-0.3030248746615389,0.1203682207555728,0.004261198551881378
2021-03-03,2021-04-01,354.1644287109375,354.1644287109375,13.103699767485807,0.16067934808784373,0.14061910570432126,0.46650643085826005,0.035601123280907414,5.688133033031068,-4.717639570471316,0.0,-0.4188090089337694,0.08517802276764047,0.006044120012851373
2021-03-04,2021-04-05,349.78167724609375,349.78167724609375,12.811741613411726,0.15906538859173783,0.13517968922991397,0.11013510835005036,0.008596419727569086,3.9288739067485863,-3.258204747699073,0.0,-0.5037377052793278,0.05679634542004907,0.007028249467544441
2021-03-05,2021-04-06,356.2164611816406,356.2164611816406,14.102645785255191,0.17194868065726437,0.12515518500279368,2.5009151107004755,0.17733658979900563,6.653703332661424,-3.6189805594181794,0.0,-0.4582311955039776,0.0755764670386852,0.01390252844669037
2021-03-08,2021-04-07,354.4429626464844,354.4429626464844,13.70540385041636,0.16793600890797344,0.12206437727608738,1.7151047256510878,0.12514076523173626,5.498984731761413,-3.217779727781901,0.0,-0.5009381425523766,0.06516213577620279,0.013302790888139942
2021-03-09,2021-04-08,359.5035400390625,359.5035400390625,14.48396355755682,0.1749872873480181,0.11553623783714642,3.0636834353614404,0.21152244847806204,7.241633870125713,-3.665118175065793,0.0,-0.4362204745159672,0.07661178518249777,0.017271928479856195
2021-03-10,2021-04-09,361.7413024902344,361.7413024902344,14.533774663938914,0.17450223771893195,0.1159871868333108,3.0022111351960916,0.206567887876035,7.41085586070107,-3.918624322647543,0.0,-0.4095663878011035,0.08045401505632829,0.01699800345940929
2021-03-11,2021-04-12,365.4090270996094,365.4090270996094,14.976226270707315,0.17801432177590656,0.11310295814200852,3.6380139972373513,0.2429192729514984,8.058567535047825,-3.950303414098477,0.0,-0.38658666757432997,0.08366345613753876,0.018896819616863073
2021-03-12,2021-04-13,365.9012145996094,365.9012145996094,14.996549619654985,0.17801611802846704,0.11306989709652544,3.384478046007075,0.2256837827263455,7.756279571406102,-3.876751056969635,0.0,-0.4122532049475393,0.08279726348180023,0.018904936648506256
2021-03-15,2021-04-14,368.083251953125,368.083251953125,15.168622438846938,0.1789925362500051,0.11399472740691913,3.5842351612084826,0.2362927270197743,7.868503226447962,-3.791933692336199,0.0,-0.40937933759947737,0.082955035303744,0.019043530156631593
2021-03-16,2021-04-15,367.6189270019531,367.6189270019531,15.101886850985949,0.17842941670180254,0.11724698912954787,3.1994129402939393,0.21185517888349567,7.3723232223462425,-3.6646156913702317,0.0,-0.4283422413010237,0.07995234938097354,0.018090200284601177
2021-03-17,2021-04-16,368.8725891113281,368.8725891113281,15.173132148234203,0.17866220104738528,0.11724064195962362,3.212558522943141,0.21172678729467254,7.335499144531364,-3.632400177255958,0.0,-0.4112815983080597,0.07925884602421415,0.01817481395599166
2021-03-18,2021-04-19,363.5055847167969,363.5055847167969,15.593020399113726,0.18632685835642954,0.1033231949705177,3.0766134805416527,0.1973070900822089,6.222015905969356,-2.569475240218506,0.0,-0.5180069074530785,0.05792027775621121,0.02404201552606134
2021-03-19,2021-04-20,362.8329162597656,362.8329162597656,15.52319383171124,0.18583577562705927,0.10818729123198616,2.6378691481090755,0.16993082587942426,5.725136958324936,-2.4858332467676525,0.0,-0.546385475299907,0.05504908814826693,0.02283044551879613
2021-03-22,2021-04-21,365.73016357421875,365.73016357421875,15.804716280406694,0.18770941808300448,0.10919793656994009,3.095277665194203,0.19584519014944024,6.1732225688880815,-2.4892058549691614,0.0,-0.5327724697842244,0.05596657894060929,0.023310636285927513
2021-03-23,2021-04-22,362.85162353515625,362.85162353515625,15.688679850073441,0.1878095816616813,0.11084188316806493,2.4726003117150412,0.15760410278902254,5.207825555220382,-2.107466712693318,0.0,-0.5818169153693633,0.045941615442619425,0.022986515899692778
2021-03-24,2021-04-23,361.0069274902344,361.0069274902344,15.687794886739283,0.188759744485012,0.1104079175753055,1.9986650579753586,0.1274025490774875,4.555452421699066,-1.8972119685946955,0.0,-0.619837165757253,0.03973822937172036,0.023440332874731573
2021-03-25,2021-04-26,363.0379943847656,363.0379943847656,15.528093294788334,0.18578936288527684,0.11021865028693306,1.981291061356103,0.12759396944253806,4.626715368585605,-1.9946732738609991,0.0,-0.6101790055317925,0.04057202783668404,0.022369536490243834
2021-03-26,2021-04-27,368.8883056640625,368.8883056640625,14.553824472489339,0.17135329848133268,0.10057805062837863,2.7068516669339147,0.18598902797340972,5.259519697761415,-1.9846472047544037,0.0,-0.5217630014187955,0.04625782465425241,0.019246008632227994
2021-03-29,2021-04-28,368.7019348144531,368.7019348144531,14.407132968066747,0.1697097258672807,0.10049814509161473,2.285969854126904,0.15866931048625227,4.916868258967694,-2.0359430347071856,0.0,-0.5477554395828055,0.04719993055070123,0.01870151388709232
2021-03-30,2021-04-29,367.7237548828125,367.7237548828125,12.733651293206435,0.15036881203676136,0.09947718336134571,0.9862544584427724,0.07745260457767927,3.5250532165926476,-1.9315063551581135,0.0,-0.5645300143654336,0.042762388626201214,0.012715069623840072
2021-03-31,2021-04-30,369.21429443359375,369.21429443359375,12.532812670776792,0.1473948035871168,0.10470458030832842,0.8126139655585121,0.06483891420904368,3.567710655222145,-2.144832988544161,0.0,-0.5638949705222113,0.04636873059729257,0.010762178986941541
2021-04-01,2021-05-03,373.20135498046875,373.20135498046875,12.08679624138776,0.14061910570432012,0.1002742286199408,1.1212236556365838,0.09276433831136126,4.1590950064429,-2.454994363061878,0.0,-0.5256831007505537,0.057193886993896825,0.009718811963758603
2021-04-05,2021-05-04,378.5580749511719,378.5580749511719,11.786908006844385,0.1351796892299128,0.09371089958978716,2.214111582548128,0.18784498710454384,5.487517022428097,-2.7552152795389113,0.0,-0.4414449585231041,0.07674520181787024,0.009491815678368631
2021-04-06,2021-05-05,378.3345031738281,378.3345031738281,10.90813677669513,0.12515518500279238,0.09356089817121992,1.3420689063666487,0.1230337438776835,4.649373372266171,-2.788696315365256,0.0,-0.44203627583452654,0.07657187469973083,0.006910178666477806
2021-04-07,2021-05-06,378.77227783203125,378.77227783203125,10.65167041613438,0.12206437727608607,0.09651442370971937,1.1266211618216744,0.10576943500947515,4.56377249791891,-2.9188900364525185,0.0,-0.4379971184058912,0.08026418123892302,0.005584678215779439
2021-04-08,2021-05-07,380.5702209472656,380.5702209472656,10.131233325483066,0.11553623783714505,0.09797941441152459,0.9211571444290598,0.09092250813255633,4.8899104131215765,-3.4662250895495013,0.0,-0.40812054382972135,0.09440763531351336,0.0037486566051360727
2021-04-09,2021-05-10,383.3371276855469,383.3371276855469,10.244619534941933,0.11598718683330943,0.10336806271467168,1.4005283920953957,0.13670867788877178,6.039273095786445,-4.14913142040326,0.0,-0.3749442094974212,0.1146690737903973,0.0027680711201207298
2021-04-12,2021-05-11,383.4768981933594,383.4768981933594,9.99417257679778,0.11310295814200709,0.10870989189729452,1.0633281517549449,0.10639481593739343,5.7058230817688305,-4.417178848992474,0.0,-0.1092111039560027,0.1161049770654418,0.0009744385441511471
2021-04-13,2021-05-12,384.6134033203125,384.6134033203125,10.020870001866086,0.11306989709652403,0.13168981064949312,-6.704500577832988,-0.6690537424978545,6.971185311193164,-13.816777208019817,0.0,0.28063472874581197,0.13954340975214072,-0.004557404599480817
2021-04-14,2021-05-13,383.29986572265625,383.29986572265625,10.068111067952003,0.11399472740691771,0.1385113470523003,-5.300232938255874,-0.5264376706299106,5.935491962717809,-10.276650957682653,0.0,-0.7848530500301412,0.17422089326088122,-0.006190595385665305
2021-04-15,2021-05-14,387.4173889160156,387.4173889160156,10.465833442986025,0.1172469891295465,0.14379147254258948,-3.647731200363978,-0.3485370964706694,6.8548447315567085,-11.217182249865866,0.0,0.8812168446581148,0.1666105267129482,-0.00692913111602227
2021-04-16,2021-05-17,388.7123107910156,388.7123107910156,10.500247899278662,0.11724064195962225,0.1435574927758161,-2.3999361835771325,-0.22855995464088055,7.426106734280168,-10.279121271538425,0.0,0.6366950090200703,0.18361665533889704,-0.006863385604974152
2021-04-19,2021-05-18,386.8026123046875,386.8026123046875,9.21162100055875,0.10332319497051617,0.14566915300932456,-7.292788615780232,-0.7916943842281258,6.846941277038324,-13.549254192863431,0.0,-0.37800999607334984,0.2124657038818561,-0.010543819519538715
2021-04-20,2021-05-19,383.9705505371094,383.9705505371094,9.573306645752723,0.10818729123198467,0.14372659856900621,-5.432500486962098,-0.5674633319483474,6.902410633685794,-11.927713662111023,0.0,-0.1961825072592761,0.21101495127765563,-0.008952845152101992
2021-04-21,2021-05-20,387.60369873046875,387.60369873046875,9.753903331970093,0.10919793656993862,0.14486697039593677,-4.140561284107264,-0.4245030059438731,6.46379232562262,-11.013906354680895,0.0,0.6107129432278606,0.20116019827693302,-0.009062249760564882
2021-04-22,2021-05-21,384.0636901855469,384.0636901855469,9.809906395442539,0.11084188316806348,0.14110765975680467,-4.937555215424027,-0.5033233770424052,7.128300574324566,-11.415770590882191,0.0,-0.4353637083177458,0.214721490548646,-0.007625448577799518
2021-04-23,2021-05-24,388.2279052734375,388.2279052734375,9.877555110838188,0.11040791757530406,0.1405238441594839,-4.330727039074787,-0.43844119222608835,7.187384987743183,-11.126810980228713,0.0,-0.20695158471304653,0.184349461876208,-0.007557042514043783
2021-04-26,2021-05-25,389.038330078125,389.038330078125,9.881254278118973,0.1102186502869316,0.14061739170778448,-2.1216803780848466,-0.2147177188611663,7.1157603007719015,-9.992517682993984,0.0,0.9566518708757368,0.20157486673836433,-0.007625099979627566
2021-04-27,2021-05-26,388.9544982910156,388.9544982910156,9.01756181665408,0.10057805062837702,0.14076693518199843,-3.600229388839452,-0.39924643290943346,6.650251896812556,-10.304367260439518,0.0,0.25935828146138384,0.2054723066739126,-0.009699385772328577
2021-04-28,2021-05-27,388.8427734375,388.8427734375,9.007833574899479,0.10049814509161313,0.14076133407016025,-3.3412981606101084,-0.3709324925718774,6.697314793109299,-9.983931050515917,0.0,0.15226474977890003,0.20694665298246484,-0.009713876002356335
2021-04-29,2021-05-28,391.3206787109375,391.3206787109375,8.973453464806084,0.0994771833613441,0.139132342020287,-0.5890903610980871,-0.06564812125103245,6.22811167878036,-8.24980377442275,0.0,1.5998483155267138,0.1672465809823582,-0.00946209858654364
2021-04-30,2021-06-01,388.7496032714844,388.7496032714844,9.381370884748435,0.10470458030832688,0.13711614500560343,-1.896352155559157,-0.20214019665741084,6.934715938679956,-8.738577158886986,0.0,0.090125445551585,0.182616380903725,-0.007837788083654791
2021-05-03,2021-06-02,389.5880126953125,389.5880126953125,9.005056788225033,0.1002742286199392,0.13703002822623053,-1.7282847135020631,-0.19192379949918356,6.817994047099659,-8.491085742120555,0.0,0.11590735674362851,0.17110037522473248,-0.0087223077103577
2021-05-04,2021-06-03,387.1844482421875,387.1844482421875,8.365763703277992,0.09371089958978543,0.13583133846679113,-4.176913781980204,-0.4992866079092751,5.358338958571012,-9.182324085517768,0.0,-0.17046744295882624,0.18246121207459454,-0.009668419807753126
2021-05-05,2021-06-04,387.3056945800781,387.3056945800781,8.355039876949746,0.09356089817121817,0.13916647743184732,-4.5155025515618945,-0.5404525433827626,5.563153940110199,-9.978795597524384,0.0,0.07505533569881377,0.17491622984661265,-0.010613666774183815
2021-05-06,2021-06-07,390.3985595703125,390.3985595703125,8.686606178207,0.09651442370971769,0.13678187774471184,-2.8990276107656427,-0.3337353566273946,6.2325109248606925,-9.008144744066229,0.0,0.06583894800628179,0.18923273956636064,-0.009394248095350381
2021-05-07,2021-06-08,393.2398376464844,393.2398376464844,8.882160425014945,0.09797941441152294,0.13446267047525126,0.6068281555780342,0.06831988238683644,6.223893092571032,-6.8848358188958745,0.0,1.4167726048106688,0.1490017229077598,-0.008480244102911058
2021-05-10,2021-06-09,389.3458557128906,389.3458557128906,9.276201369283541,0.1033680627146701,0.12966751324545434,-1.2217429250371765,-0.13170724485162177,6.279606470468925,-7.331297077618079,0.0,-0.0187714269393896,0.15128089094865185,-0.006128707601876107
2021-05-11,2021-06-10,385.8710021972656,385.8710021972656,9.667026790332443,0.108709891897293,0.12576450513156287,-1.7060703461910407,-0.17648346106759574,5.28304674338779,-6.566813885561425,0.0,-0.2988194365345695,0.12348376748273451,-0.003998870154665771
2021-05-12,2021-06-11,377.67303466796875,377.67303466796875,11.456362238505903,0.13168981064949184,0.09537839413740429,0.4222340999237417,0.03685586149716648,3.8251090972723683,-2.854890247543988,0.0,-0.4894558796593129,0.058528870145354996,0.008245168160668977
2021-05-13,2021-06-14,382.2098083496094,382.2098083496094,12.19334713022974,0.13851134705229914,0.08853032724719509,2.3768671961205428,0.19493147949735762,5.606536178123308,-2.6908503638892176,0.0,-0.471843062124164,0.06697555598931171,0.011347774419747006
2021-05-14,2021-06-15,388.078857421875,388.078857421875,12.851666730221183,0.14379147254258834,0.07425591113716755,5.703350318643174,0.44378293013399805,8.228246488152273,-2.0630364105600356,0.0,-0.38677844957013574,0.0750813093789392,0.01516204723715501
2021-05-17,2021-06-16,387.0913391113281,387.0913391113281,12.798141339427076,0.14355749277581492,0.07674849067004552,5.1821710520974875,0.4049159104168382,7.563913979822189,-1.9787412421788966,0.0,-0.3337290822977269,0.06927260324812651,0.014718422911948088
2021-05-18,2021-06-17,383.7563171386719,383.7563171386719,12.874183540171884,0.14566915300932345,0.06891769349260944,4.1363008641687316,0.32128646071124034,6.145340670492905,-1.490352350073553,0.0,-0.4669245753499624,0.05176288090051964,0.016469853662112427
2021-05-19,2021-06-18,382.75018310546875,382.75018310546875,12.669493101091604,0.14372659856900502,0.08503794757023324,3.5659802988454885,0.28146195513838224,5.507896192613525,-1.4482749730510982,0.0,-0.44658770052587904,0.04705322019093587,0.013425882609258179
2021-05-20,2021-06-21,386.8677673339844,386.8677673339844,12.90721737592321,0.14486697039593563,0.09095017847132227,2.9312602751295316,0.2271024179539603,8.844266775185991,-5.553501489038204,0.0,-0.2874200447346412,0.0720849662835514,0.012714504147731518
2021-05-21,2021-06-22,386.5510559082031,386.5510559082031,12.56256655018467,0.1411076597568035,0.09206723475454802,2.615688960856346,0.20821294362161175,7.833908230678967,-4.680727049201705,0.0,-0.44152297569544474,0.09596924492553392,0.01143499592669277
2021-05-24,2021-06-23,390.4916687011719,390.4916687011719,12.63822223621517,0.1405238441594827,0.08620468868638277,4.208038539194547,0.3329612710192971,9.361483556577676,-4.5817865919144625,0.0,-0.45701092817785854,0.11464749729093864,0.012315702425842413
2021-05-25,2021-06-24,389.6252136230469,389.6252136230469,12.618558876269105,0.14061739170778328,0.08750254969416864,3.8628099559185216,0.3061213244551289,8.806562682598551,-4.286311856620018,0.0,-0.5549196772230547,0.1025211928369965,0.012116554647719706
2021-05-26,2021-06-25,390.3985595703125,390.3985595703125,12.657026483094057,0.14076693518199726,0.08790598079995487,4.0104969351203295,0.3168593303077255,8.7733340752489,-4.1097255787324,0.0,-0.5494795876318046,0.10363197376442532,0.012087868580130584
2021-05-27,2021-06-28,390.6034851074219,390.6034851074219,12.663167358200411,0.1407613340701591,0.08795488991065857,3.9128525834387915,0.30899477774846806,8.433868876924375,-3.8876326882607106,0.0,-0.5319242703337459,0.10145933489105885,0.012077690510014862
2021-05-28,2021-06-29,391.3021545410156,391.3021545410156,12.539276400005377,0.13913234202028582,0.08793401306801099,3.864111384257285,0.3081606355096876,8.200075521300326,-3.7337862660610015,0.0,-0.5009898277233602,0.1011880432587066,0.011625417941804661
2021-06-01,2021-06-30,390.95745849609375,390.95745849609375,12.34701973599067,0.13711614500560224,0.08766774961837247,3.4343280483568037,0.27815036517241365,7.6030347908592315,-3.5750151431901735,0.0,-0.4960683560165551,0.09762324329560283,0.011115202898047693
2021-06-02,2021-07-01,391.5722961425781,391.5722961425781,12.358685167797518,0.1370300282262293,0.08899416554033102,3.5491840938377095,0.2871813664357809,7.562680033206653,-3.4427755909898594,0.0,-0.47375840837994376,0.09696193999903684,0.010857267135461361
2021-06-03,2021-07-02,390.1189880371094,390.1189880371094,12.205313860946063,0.13583133846678988,0.08962082169053945,2.811225075986613,0.23032796272300923,6.674161101966739,-3.2446753811326996,0.0,-0.5314029381413062,0.08685770670606686,0.010418260829192167
2021-06-04,2021-07-06,393.68701171875,393.68701171875,12.6187885995908,0.13916647743184613,0.0863742270349214,4.237160199175662,0.3357818514618007,7.832300107717006,-3.053708192385671,0.0,-0.4514656765720933,0.08996603958369676,0.011906801344908392
2021-06-07,2021-07-07,393.30499267578125,393.30499267578125,12.390935195009376,0.13678187774471065,0.08628620758794181,3.5896047207440915,0.2896960289316867,7.157775708937427,-3.022136247412198,0.0,-0.4590241192653382,0.08701062151568598,0.011263972459459584
2021-06-08,2021-07-08,393.38885498046875,393.38885498046875,12.18384153891978,0.13446267047525,0.09256002096068067,3.128329146371925,0.256760491867763,6.687327370827183,-3.0096946780398914,0.0,-0.4629863099261003,0.0863172364892956,0.009512852271094026
2021-06-09,2021-07-09,392.8020324707031,392.8020324707031,11.732684561924316,0.1296675132454531,0.09762218477726362,2.360045193080225,0.2011513375838297,5.930682910861459,-3.020006512883597,0.0,-0.4673086961991203,0.08332250869853965,0.00728357303057355
2021-06-10,2021-07-12,394.62786865234375,394.62786865234375,11.433176968847107,0.1257645051315616,0.09728784508542809,2.1999849040936965,0.19242113632004224,5.996464002561175,-3.3603577837348984,0.0,-0.349178112969454,0.08694320176307245,0.006351785949620327
2021-06-11,2021-07-13,395.2799987792969,395.2799987792969,8.692074784809165,0.0953783941374026,0.09885472758860625,-0.29784677264962056,-0.03426647607429206,4.043417765144009,-3.927078081300656,0.0,-0.315233719823487,0.09895273666954556,-0.0006752190983878355
2021-06-14,2021-07-14,396.1650390625,396.1650390625,8.08846747077692,0.08853032724719326,0.09880943044387637,-0.9699449629923151,-0.11991702587624418,3.6268393761781246,-4.228218636667789,0.0,-0.26452282963951074,0.1040428728630491,-0.0019256847021481144
2021-06-15,2021-07-15,395.4383544921875,395.4383544921875,6.777963274678598,0.07425591113716537,0.09960675462335919,-2.1632221944552725,-0.3191551955639432,2.609279579315807,-4.322757805428126,0.0,-0.34561874871210363,0.10412521963077145,-0.004407565227787486
2021-06-16,2021-07-16,393.2304992675781,393.2304992675781,6.965018979268223,0.07674849067004341,0.10187696499472192,-2.092926514432179,-0.30049114304812297,2.289050472021648,-3.7882456457372493,0.0,-0.5086397933309025,0.0850915473856647,-0.0044885851764060545
2021-06-17,2021-07-19,393.1000671386719,393.1000671386719,6.256547046778792,0.0689176934926071,0.116078739374242,-2.744237654869721,-0.43861855978252456,1.8475803191232145,-3.94501545526754,0.0,-0.5598889190112522,0.08691359971406638,-0.00872462525837226
2021-06-18,2021-07-20,387.7970275878906,387.7970275878906,7.606648908259899,0.08503794757023134,0.11354006424129863,-0.874950926423594,-0.11502449199061932,1.5943739698375787,-1.8562174123472879,0.0,-0.5715923760070196,0.04151510790688756,-0.005659893660960807
2021-06-21,2021-07-21,393.34869384765625,393.34869384765625,8.249550467211577,0.09095017847132049,0.10688225446804425,-0.6967449151218261,-0.08445853115161707,2.8076264054232913,-3.5186196688360476,0.0,0.08187968515083718,0.06763133686002408,-0.0031518813562067174
2021-06-22,2021-07-22,395.4516296386719,395.4516296386719,8.395104901943995,0.09206723475454627,0.10601365156420368,-2.4992341577946036,-0.2977013613273461,3.406397388892773,-5.506644391456047,0.0,-0.2929947381209793,0.1059924171104172,-0.002762518602627653
2021-06-23,2021-07-23,394.974853515625,394.974853515625,7.8532483046075185,0.08620468868638088,0.10985010199298531,-2.6637466773875644,-0.339190431025177,2.7923053190711133,-5.023426894453731,0.0,-0.3352856806321386,0.0973394213726707,-0.0046357965563534305
2021-06-24,2021-07-26,397.31158447265625,397.31158447265625,8.0181097260417,0.08750254969416678,0.10892002083501907,-3.867750473320484,-0.482376845100856,3.416757197945453,-6.487164152004701,0.0,-0.6644834214730754,0.13286009778800129,-0.004206874735720862
2021-06-25,2021-07-27,398.72283935546875,398.72283935546875,8.083526335213605,0.08790598079995303,0.11084476647385245,-4.209404332626264,-0.5207386180322292,3.702915610425484,-7.0821493855418245,0.0,-0.6821771965463315,0.14799336096362703,-0.004559100794241175
2021-06-28,2021-07-28,399.5266418457031,399.5266418457031,8.104309219821602,0.08795488991065673,0.11098373484784688,-4.313556734373492,-0.5322547076342239,3.7431291279451613,-7.279046694763509,0.0,-0.6252028038454016,0.15243636370975444,-0.004581326741581436
2021-06-29,2021-07-29,399.7416076660156,399.7416076660156,8.106753465496922,0.08793401306800915,0.111393289312616,-4.325343255097835,-0.5335481427314754,3.5969210838416434,-7.175445518314193,0.0,-0.5962132062974058,0.15060561432800684,-0.004676074249639365
2021-06-30,2021-07-30,400.0780334472656,400.0780334472656,8.089115413341972,0.08766774961837062,0.11350314552338907,-4.371766560101207,-0.5404505111758613,3.473913842318716,-7.11704213295613,0.0,-0.5786813156146251,0.14995695384912172,-0.005197329720554314
2021-07-01,2021-08-02,402.2930908203125,402.2930908203125,8.256432538776295,0.0889941655403292,0.11287237553520323,-3.9608674064411957,-0.479731093040366,3.9114383740494514,-7.230405299174165,0.0,-0.4840306758868026,0.15786980542975654,-0.004820211658740426
2021-07-02,2021-08-03,405.36798095703125,405.36798095703125,8.377873940548028,0.08962082169053764,0.11325646219281832,-2.6926500039847383,-0.32140015749730916,4.979189351419605,-7.406240266429443,0.0,-0.10202917215484358,0.1635699168199601,-0.004795134547946141
2021-07-06,2021-08-04,404.6296081542969,404.6296081542969,8.060963864844496,0.08637422703491952,0.11466941093459418,-3.4686434781612547,-0.43030133074888416,4.319860891695604,-7.379939708889182,0.0,-0.24505872713332372,0.16350593383431042,-0.005688566708207004
2021-07-07,2021-08-05,406.0596618652344,406.0596618652344,8.081246787357458,0.08628620758793994,0.11594543279859594,-3.218370564350323,-0.39825173627728305,4.752749695020804,-7.664017202713704,0.0,-0.13526938172798267,0.17183367492935064,-0.005998033766944665
2021-07-08,2021-08-06,402.75103759765625,402.75103759765625,8.595647332068523,0.09256002096067892,0.1112639904860439,-2.7543741840216285,-0.3204382494551221,3.88630599212363,-6.1094740864211525,0.0,-0.4014375036641862,0.1297685860599677,-0.003812318098637149
2021-07-09,2021-08-09,407.0503845214844,407.0503845214844,9.16069825903756,0.09762218477726196,0.10607753612177118,-0.8317772368276906,-0.09079845371034835,5.627707764263839,-6.018241491011599,0.0,-0.2841174687222755,0.15712604135769237,-0.0017223527089797915
2021-07-12,2021-08-10,408.5083923339844,408.5083923339844,9.162136724186382,0.09728784508542644,0.10559228626860039,-0.2475844721092244,-0.02702256903192093,5.937730666789357,-5.765313312663437,0.0,-0.2580234920049944,0.1619783342301094,-0.0016848061180641197
2021-07-13,2021-08-11,407.11578369140625,407.11578369140625,9.27743940375359,0.09885472758860461,0.10473520931079353,-0.5588374364243123,-0.0602361720841001,5.380450125551347,-5.461827171921339,0.0,-0.3324253301200548,0.1450350599342884,-0.0011972069027585044
2021-07-14,2021-08-12,407.7232666015625,407.7232666015625,9.28704018713924,0.09880943044387473,0.10497317918429121,-0.38161515821235525,-0.0410911496582968,5.4269651439159805,-5.313473799951995,0.0,-0.3497868339736071,0.14531966820265357,-0.00125606480341439
2021-07-15,2021-08-13,406.33074951171875,406.33074951171875,9.329747280404007,0.09960675462335758,0.10378111459910405,-0.797958060896633,-0.08552836823057859,4.818162287647641,-5.064401427306469,0.0,-0.42174114585659567,0.12997777538108812,-0.0008490141808346029
2021-07-16,2021-08-16,403.1436462402344,403.1436462402344,9.466827133534764,0.10187696499472032,0.09841160108410704,-1.1214330175558302,-0.11845922627902733,3.7869528444187224,-4.285705943338767,0.0,-0.5236406802925507,0.09903923834322081,0.0006940727685980502
2021-07-19,2021-08-17,397.1900329589844,397.1900329589844,10.623193213473002,0.1160787393742406,0.08393321454147698,-0.02444364044959002,-0.0023009692056235086,2.813093451369692,-2.1843337497294906,0.0,-0.6017417421420832,0.05146159994754864,0.006429489231447271
2021-07-20,2021-08-18,402.8819274902344,402.8819274902344,10.54037607353294,0.11354006424129723,0.08346905121358067,1.600192788919685,0.15181553084598146,4.100574656647705,-1.8701404117172629,0.0,-0.5644346888629166,0.06580676714784124,0.0059242636774225485
2021-07-21,2021-08-19,406.14385986328125,406.14385986328125,10.004350351154415,0.10688225446804277,0.07936222755429016,2.131423243506447,0.21304964027579254,4.911533904075278,-2.0944680861343374,0.0,-0.6065180827586703,0.07912449167592149,0.0051254531577925155
2021-07-22,2021-08-20,406.9942932128906,406.9942932128906,9.944070431966452,0.10601365156420217,0.08324248822944183,1.963300735429243,0.19743431513899665,5.503101411374064,-2.890486648045335,0.0,-0.5516477848648438,0.09766624303476715,0.004309582471347303
2021-07-23,2021-08-23,411.1815185546875,411.1815185546875,10.408850353318599,0.10985010199298387,0.08127897450854511,2.473207408815881,0.2376062028817007,7.807456939144575,-4.873156966488563,0.0,-0.32130297430005106,0.13978958954008683,0.005460773210708232
2021-07-26,2021-08-24,412.1907958984375,412.1907958984375,10.34630544162195,0.1089200208350176,0.08111059978653347,2.0851434995975637,0.20153508045580024,7.401397490674545,-4.83005689287712,0.0,-0.3362875482842758,0.14990954991563246,0.005284641540969465
2021-07-27,2021-08-25,410.3121643066406,410.3121643066406,10.480627145444231,0.11084476647385101,0.07886486943810352,2.168945715629718,0.2069480848359848,6.559024301576375,-3.826289845807802,0.0,-0.43978334958010756,0.12400539055873963,0.0060668946231534505
2021-07-28,2021-08-26,410.14398193359375,410.14398193359375,10.489428976769005,0.11098373484784545,0.08239219483234173,1.9929358122770964,0.189994690529948,6.173029381029224,-3.5990704078978064,0.0,-0.46207624854241297,0.11894691231196283,0.0055289156314863065
2021-07-29,2021-08-27,411.8450012207031,411.8450012207031,10.571693228113162,0.11139328931261458,0.08637944966902773,2.188982754817232,0.20706075248155134,6.62923522970525,-4.07733496258578,0.0,-0.24211535570213086,0.12080215660017295,0.0049470555787597585
2021-07-30,2021-08-30,409.8449401855469,409.8449401855469,10.719068274151681,0.11350314552338768,0.08434814364536723,1.945190275770699,0.18147008919249033,5.826243568043355,-3.3590069936504166,0.0,-0.4182782724868574,0.10376802613533266,0.005768354707283816
2021-08-02,2021-08-31,408.9850769042969,408.9850769042969,10.637294684089824,0.11287237553520181,0.08404562019238673,1.5463734374288833,0.1453728117302034,5.250358238257719,-3.123393424960424,0.0,-0.48463728605190937,0.09595408981659112,0.005676506885436699
2021-08-03,2021-09-01,412.31231689453125,412.31231689453125,10.760225980198982,0.11325646219281692,0.0805677657419402,2.0022439912493155,0.18607824732806302,6.097604085941464,-3.600497082191582,0.0,-0.3828792402472242,0.11198377225342514,0.006335861351784814
2021-08-04,2021-09-02,410.2841796875,410.2841796875,10.840521177483055,0.11466941093459279,0.07769282171255429,1.7908719254152174,0.1652016444684462,5.304380826699597,-2.9358313080132983,0.0,-0.48575948465068847,0.09191810862053475,0.007112899258427761
2021-08-05,2021-09-03,412.8824157714844,412.8824157714844,11.030250344394574,0.11594543279859455,0.0758921339838932,2.3457165344405553,0.21266213016032018,5.9575212213737165,-3.0890983752501535,0.0,-0.42292148764798454,0.09978482403513071,0.007683727386224208
2021-08-06,2021-09-07,413.5647888183594,413.5647888183594,10.603550515186669,0.11126399048604249,0.0776489730540398,1.942895773203304,0.18323068017836483,5.613120200037899,-3.1542533591123583,0.0,-0.41401165473313795,0.1019594129891616,0.006350312562531155
2021-08-09,2021-09-08,413.2283020019531,413.2283020019531,10.102451317453557,0.10607753612176969,0.07777784967649723,1.3088017292323002,0.12955288653271127,4.966672008817166,-3.130586501016641,0.0,-0.4274117505093488,0.09987202805894974,0.005203049769365553
2021-08-10,2021-09-09,413.7423095703125,413.7423095703125,10.068887313846488,0.10559228626859889,0.07983697698566165,1.365022309507765,0.13556833709228422,4.9681006924825475,-3.1180933641245616,0.0,-0.38552853787750974,0.09945648097259889,0.004775788025220669
2021-08-11,2021-09-10,414.7704162597656,414.7704162597656,10.01222842037788,0.104735209310792,0.08483697521920865,2.075029114604604,0.20724947808634678,5.416471016253785,-3.5024909907924426,0.0,0.2602774771071764,0.09922838796394945,0.0037721517050307895
2021-08-12,2021-09-13,416.0134582519531,416.0134582519531,10.06498066353339,0.10497317918428972,0.08466785976908034,3.0354254599188266,0.3015828406821019,6.9711649809273535,-4.045893227748501,0.0,0.23273533306300692,0.12258162632310265,0.0038507218701803432
2021-08-13,2021-09-14,416.7705993652344,416.7705993652344,9.969150220139966,0.10378111459910253,0.08656301216586372,2.672665945654799,0.2680936575973549,7.484034552654092,-4.73030818187024,0.0,0.05105837410266245,0.13211879923170602,0.0032773646722045807
2021-08-16,2021-09-15,417.7518615722656,417.7518615722656,9.477291439273813,0.09841160108410546,0.09111543441360385,1.4674286414464177,0.15483628955055725,6.990650371742545,-5.747843672508837,0.0,0.3798609532929058,0.15523901108029203,0.001382820839557361
2021-08-17,2021-09-16,415.0134582519531,415.0134582519531,8.03524057282192,0.08393321454147513,0.0881001177400306,-1.2390030189728236,-0.15419613236765786,4.995434112177657,-5.753006736288893,0.0,-0.310322784348116,0.1711076105135722,-0.0007168462425419606
2021-08-18,2021-09-17,410.47113037109375,410.47113037109375,7.903555026459372,0.08346905121357878,0.08620780602510536,-0.44003022976119155,-0.05567497515840235,2.715199815023488,-2.648388364578625,0.0,-0.4311040816883219,0.0757375985176266,-0.0004647033091671549
2021-08-19,2021-09-20,411.1065979003906,411.1065979003906,7.528242980238417,0.07936222755428816,0.10461039501515916,-7.838016131716927,-1.0411481340721416,2.979192528265908,-6.750161343566453,0.0,-3.975566900376899,0.09148041603941567,-0.004644971582849022
2021-08-20,2021-09-21,414.3779296875,414.3779296875,7.957227201129854,0.08324248822943994,0.10004051267450893,-5.174788592183916,-0.650325604809819,4.680432700817397,-10.75937418385007,0.0,1.0866093118748519,0.18245642102617748,-0.003078792329550135
2021-08-23,2021-09-22,418.02301025390625,418.02301025390625,7.838805554070774,0.08127897450854317,0.10124273714829013,-2.1303020073622747,-0.27176359876103656,4.621752942955714,-7.718373940464708,0.0,1.1308435820213807,0.16452459187456886,-0.003643820128117355
2021-08-24,2021-09-23,418.6865539550781,418.6865539550781,7.835066629126402,0.08111059978653151,0.11053168984975979,-2.0320950169549974,-0.2593589963103572,4.1744311312207145,-7.005799247635262,0.0,0.9525419250028639,0.15326882554331214,-0.0056383250633126065
2021-08-25,2021-09-24,419.5650634765625,419.5650634765625,7.635242700575105,0.07886486943810152,0.11041654124351163,-1.9615162009040432,-0.2569029273629111,3.7409467466406268,-6.380727997763481,0.0,0.8234823317588467,0.14521728154005817,-0.0059721449486913065
2021-08-26,2021-09-27,417.08831787109375,417.08831787109375,7.927860524257767,0.0823921948323398,0.10898301936808005,-2.7839215885118023,-0.3511567313770877,5.055757091127616,-7.810356773644541,0.0,0.1376138565153932,0.1669357625102847,-0.005088824741293071
2021-08-27,2021-09-28,420.8175048828125,420.8175048828125,8.38396107844548,0.08637944966902592,0.12415128848139431,-0.7519996085536036,-0.08969502619554577,3.7616007349898757,-5.306016983081731,0.0,0.9101958548298739,0.11777921529151707,-0.00795213310646661
2021-08-30,2021-09-29,422.6680908203125,422.6680908203125,8.2237079872055,0.08434814364536537,0.12284591822100027,-0.5330789106818656,-0.06482220812208232,2.867896616638883,-4.249067945059162,0.0,0.9425060003895319,0.0944135826510982,-0.007976510287141494
2021-08-31,2021-09-30,422.0419006347656,422.0419006347656,8.182212177798476,0.08404562019238485,0.12813958439702702,-1.3721371176588377,-0.16769757222649143,2.8759082542304415,-5.596886787608422,0.0,1.4513424869831637,0.10250107126391443,-0.009356086815920206
2021-09-01,2021-10-01,422.2660827636719,422.2660827636719,7.84943765712282,0.08056776574193823,0.13691096379663484,-1.891850315721399,-0.24101730574351096,2.407131792881162,-5.736911919096213,0.0,1.5402611030901912,0.10233129259662048,-0.01225344713107562
2021-09-02,2021-10-04,423.56524658203125,423.56524658203125,7.594106436329469,0.07769282171255225,0.14103882577336394,-1.6492472562541138,-0.21717463010055732,1.7168725071107995,-4.610356292744897,0.0,1.329583548519817,0.08534701913972939,-0.013855775829870878
2021-09-03,2021-10-05,423.4624328613281,423.4624328613281,7.4172838401665615,0.07589213398389112,0.14778798541198354,-2.1377066663888513,-0.28820612942066504,1.4685577953053965,-4.9592701455387544,0.0,1.4413122683756843,0.08830658453119387,-0.016081672631503778
2021-09-07,2021-10-06,421.9483947753906,421.9483947753906,7.5608719190851446,0.07764897305403776,0.14916163460037132,-3.3494346442391247,-0.4429958184828506,1.7122696654220955,-6.654887819042504,0.0,1.6963809359725477,0.1031974265912141,-0.016219830220308012
2021-09-08,2021-10-07,421.4343566894531,421.4343566894531,7.564125135973882,0.07777784967649519,0.15332718087377353,-4.0508046685454815,-0.5355285106641668,1.6208864879698737,-7.2581461791907715,0.0,1.6955210198805668,0.10906599720520277,-0.017459830494399385
2021-09-09,2021-10-08,419.6304931640625,419.6304931640625,7.730058167282522,0.07983697698565967,0.15293042309977117,-5.409192427012329,-0.6997608957079703,1.8662349015890254,-8.723036214817997,0.0,1.572150735843028,0.12454184962639366,-0.017013771415266273
2021-09-10,2021-10-11,416.3218688964844,416.3218688964844,8.146954874984857,0.08483697521920677,0.15257861213658067,-6.974047857580558,-0.8560312367746509,2.753881566542866,-10.497840022906535,0.0,0.9255784360947802,0.15566783731171163,-0.01608292051718082
2021-09-13,2021-10-12,417.38739013671875,417.38739013671875,8.151600157588263,0.08466785976907847,0.15209012011694684,-6.5218766410585545,-0.8000731776554802,2.3226444266038113,-9.753633989376944,0.0,1.0512215389272548,0.14210861721282733,-0.01596275815931098
2021-09-14,2021-10-13,415.1349792480469,415.1349792480469,8.288244745193225,0.08656301216586187,0.1521838808497455,-7.709126369428986,-0.9301277419323194,3.131047251547564,-11.200621633590899,0.0,0.5382951113197374,0.17784709870522045,-0.01566677851526238
2021-09-15,2021-10-14,418.6024169921875,418.6024169921875,8.795073826560156,0.0911154344136021,0.16101319090358135,-5.231324638295234,-0.5948016743756271,2.0797202274030853,-8.135561466224882,0.0,0.9404715612807308,0.115954960754062,-0.017623225256573706
2021-09-16,2021-10-15,417.9388427734375,417.9388427734375,8.491734001193635,0.08810011774002881,0.16329767519120816,-5.566798740575962,-0.6555550067622783,2.361637100717867,-9.47450520631914,0.0,1.6801012704149567,0.13403190538955523,-0.018904499977046383
2021-09-17,2021-10-18,413.86761474609375,413.86761474609375,8.229187547799256,0.08620780602510354,0.159583872652359,-10.784344118453987,-1.3104992510880444,4.045223104140296,-13.424310254848946,0.0,-1.1542332364714845,0.25102373127378746,-0.01803522659106245
2021-09-20,2021-10-19,406.9667663574219,406.9667663574219,9.81218371056508,0.10461039501515763,0.14800512271148172,-6.464012981131191,-0.6587741497513127,5.8029588737796205,-11.939722192209144,0.0,-0.1250258461149284,0.20222381658665797,-0.010962181603613445
2021-09-21,2021-10-20,406.5823669433594,406.5823669433594,9.376039315443677,0.10004051267450732,0.14783291701594645,-6.972486620354346,-0.7436494649579448,5.075885687097842,-11.641457817893496,0.0,-0.20871436818547418,0.19820012137308257,-0.011846467177265448
2021-09-22,2021-10-21,410.5484619140625,410.5484619140625,9.580890502309984,0.10124273714828855,0.14520260151452502,-6.695010057316551,-0.6987878690088737,5.049247119057683,-11.09354411128504,0.0,-0.4522027838129834,0.19851028127613832,-0.010833703661308498
2021-09-23,2021-10-22,415.5367126464844,415.5367126464844,10.58418289079708,0.11053168984975832,0.14039873309887102,-3.619997569332554,-0.3420195594390317,5.233905490653064,-8.346477973780205,0.0,-0.3414332363990762,0.16599184980636672,-0.007494549794724853
2021-09-24,2021-10-25,416.2210693359375,416.2210693359375,10.590600803466344,0.11041654124351019,0.14117831945981094,-3.4283167499228284,-0.3237131503248359,4.977882188101116,-7.965009233143187,0.0,-0.28137338021265107,0.1598163246681771,-0.0077395053053166425
2021-09-27,2021-10-26,415.0303039550781,415.0303039550781,10.423587334454254,0.10898301936807858,0.14040177127307502,-3.9853315103307523,-0.382337805829821,4.70190319204626,-8.190021905568562,0.0,-0.3389709170615536,0.15824187974688939,-0.00783535886603388
2021-09-28,2021-10-27,406.6666564941406,406.6666564941406,11.63117111408198,0.12415128848139302,0.11840958279959153,-1.492181398859941,-0.1282915868251084,4.891967386563498,-5.884105542083339,0.0,-0.3843063999466398,0.11573684339347014,0.0013927131328167492
2021-09-29,2021-10-28,407.3512268066406,407.3512268066406,11.528529436903682,0.12284591822099897,0.12114583256226273,-1.738982572766588,-0.1508416647833656,4.608241536095424,-5.8180211820608845,0.0,-0.414112397898814,0.11509052890230935,0.0004148068763565691
2021-09-30,2021-10-29,402.3724060058594,402.3724060058594,11.877222576840893,0.12813958439702577,0.10853567138671164,-0.9406081334427654,-0.0791942836262776,3.8611202253038255,-4.245882353548982,0.0,-0.4736955943686342,0.0821504108290638,0.004639761126078236
2021-10-01,2021-11-01,407.15423583984375,407.15423583984375,12.839333158272325,0.13691096379663367,0.10401421911151267,0.2113222615252539,0.016458974848635337,4.715708617112486,-3.910675812487028,0.0,-0.5089965586364708,0.08471398446377301,0.007925654230345369
2021-10-04,2021-11-02,401.903564453125,401.903564453125,13.05514944328732,0.14103882577336277,0.08688577329577865,0.5062368602521019,0.03877679550519417,3.7625214002719836,-2.629546571124192,0.0,-0.5694143734049538,0.05732359549101275,0.012342812774323536
2021-10-05,2021-11-03,406.0853576660156,406.0853576660156,13.821092848958187,0.14778798541198243,0.08388923055217352,1.3789364920277194,0.09977043835080389,4.52173953989447,-2.494840633256773,0.0,-0.5880289207566607,0.05993349385326566,0.01480388562949661
2021-10-06,2021-11-04,407.77313232421875,407.77313232421875,14.007317788154467,0.1491616346003702,0.08397697387278444,1.4694452905457638,0.10490554385711345,4.64901992158372,-2.516559599478719,0.0,-0.6021816885156142,0.06083334304351168,0.01519706109582404
2021-10-07,2021-11-05,411.2985534667969,411.2985534667969,14.522328407279076,0.15332718087377248,0.08180558940047125,2.2882142328364807,0.15756524495683152,5.3557795168486715,-2.4017433039089235,0.0,-0.6030391885113329,0.06278279159188029,0.016817069937540046
2021-10-08,2021-11-08,410.5484619140625,410.5484619140625,14.458392879304114,0.15293042309977012,0.08027006178980509,1.8725384663597424,0.12951221356283052,4.890912087983101,-2.323460580002841,0.0,-0.6354130483035209,0.05949999331694526,0.016944431489735578
2021-10-11,2021-11-09,407.576171875,407.576171875,14.32074916500531,0.15257861213657964,0.07470871283915817,1.3262227660630401,0.09260847674811909,3.9860968569444224,-1.9329612032144814,0.0,-0.6797056964762562,0.047207191190762096,0.017698841107441007
2021-10-12,2021-11-10,406.57293701171875,406.57293701171875,14.23983590494089,0.15209012011694575,0.08244069552842696,0.9236504186771981,0.0648638386595953,3.5143368290999613,-1.8362741043264097,0.0,-0.7111060300120898,0.043306276084279303,0.01633493635797619
2021-10-13,2021-11-11,408.0356140136719,408.0356140136719,14.299860875187704,0.15218388084974444,0.08301321889534298,0.9045990863876341,0.06325929281992124,3.547139441929934,-1.8649366662293927,0.0,-0.7335295783987611,0.0440741109142142,0.01626873907912308
2021-10-14,2021-11-12,414.8990478515625,414.8990478515625,15.38266229637091,0.16101319090358038,0.06889634758217178,3.2842671856673746,0.21350447161816727,5.24169312932624,-1.2011477856855846,0.0,-0.7085878320904007,0.047690325882895554,0.02117854093478939
2021-10-15,2021-11-15,418.0588073730469,418.0588073730469,15.719405686315696,0.16329767519120722,0.06682005253681444,4.069830115128639,0.258904833703196,5.968796813948695,-1.1868879248518458,0.0,-0.6620169552554991,0.050061818712782764,0.02220121130183037
2021-10-18,2021-11-16,419.2965087890625,419.2965087890625,15.40790412711587,0.159583872652358,0.06704098650020135,3.9165768823182248,0.25419270849599646,5.912011151461316,-1.2844901976517944,0.0,-0.6587607971568326,0.052183274334395714,0.020972518539803833
2021-10-19,2021-11-17,422.5313720703125,422.5313720703125,14.40192566281317,0.14800512271148064,0.06594539260890026,3.9640389435807606,0.27524367479664197,6.024543755265662,-1.3872731466552923,0.0,-0.6154119209191895,0.057819744110487944,0.017556721542498446
2021-10-20,2021-11-18,424.19097900390625,424.19097900390625,14.441698660468973,0.14783291701594542,0.06575760415278739,4.212854739110469,0.29171462707792456,6.3792886170596,-1.5011118255917564,0.0,-0.6032714523362462,0.06205060002122759,0.017530508849528725
2021-10-21,2021-11-19,425.29730224609375,425.29730224609375,14.222173976066529,0.14520260151452394,0.06682425537656876,4.138069437536387,0.2909589943492497,6.390102592426704,-1.589375274647491,0.0,-0.5976450032660884,0.06501287697676149,0.01661831437995275
2021-10-22,2021-11-22,424.8566589355469,424.8566589355469,13.738221617411455,0.14039873309886988,0.0679789340458318,3.450173092597538,0.25113680567103974,5.701105259936082,-1.564198666369286,0.0,-0.6237242233942502,0.06300927757503208,0.015090668781760151
2021-10-25,2021-11-23,427.135009765625,427.135009765625,13.888447650533749,0.14117831945980983,0.06651833274873585,4.180673562338882,0.3010180595797698,6.4345046204905,-1.6280719608609284,0.0,-0.5587514766537652,0.06700762063699954,0.015506629293824573
2021-10-26,2021-11-24,427.51947021484375,427.51947021484375,13.824625245093586,0.14040177127307388,0.06666463923301877,4.1555650773732395,0.30059151721657457,6.432027359542792,-1.6446803330266333,0.0,-0.564188889057935,0.06759306008502533,0.015268483252548006
2021-10-27,2021-11-26,425.62542724609375,425.62542724609375,11.611724972965902,0.11840958279959021,0.10508396349776532,1.8633502873547627,0.16047144517226886,4.067676848469072,-1.4997602378694668,0.0,-0.6471285084087502,0.057437814835992446,0.0029781899143733366
2021-10-28,2021-11-29,429.7322692871094,429.7322692871094,11.994019778173765,0.12114583256226148,0.10823802725411004,-0.5274744125431141,-0.04397811762016524,6.964270612524105,-5.384124459986635,0.0,-2.0066641825583447,0.10095638252219369,0.0029608422033420255
2021-10-29,2021-11-30,430.604248046875,430.604248046875,10.770467226949961,0.10853567138671022,0.12884354831034484,-8.2299522606329,-0.7641221209085376,6.018903509088487,-7.6948942483676355,0.0,-6.4016695071184815,0.152292014235278,-0.0048206679778362155
2021-11-01,2021-12-01,431.344970703125,431.344970703125,10.340870775161108,0.10401421911151118,0.13383183063385115,-8.967815691139094,-0.8672205548375957,6.036152911395674,-10.773862903676688,0.0,-4.009736287903167,0.22036941095498364,-0.007092001113430363
2021-11-02,2021-12-02,433.0890197753906,433.0890197753906,8.67879629939489,0.0868857732957769,0.14430157484066478,-11.75939271659962,-1.354956645015337,4.70138721233258,-12.894263118903885,0.0,-3.331139679178298,0.23537713084999246,-0.013273806900290838
2021-11-03,2021-12-03,435.733154296875,435.733154296875,8.43200294509657,0.0838892305521717,0.14495648724957977,-10.680151870000316,-1.2666209843073053,4.555472840176142,-14.376443665631012,0.0,-0.6484038892974358,0.21077715524792098,-0.013974980193102162
2021-11-04,2021-12-06,437.7864685058594,437.7864685058594,8.480555944625223,0.0839769738727826,0.15053039296075602,-8.614456266252489,-1.0157890971419308,4.21122065390833,-13.558143555601651,0.0,0.9100375452991208,0.17757090985839707,-0.01560726706408961
2021-11-05,2021-12-07,439.3054504394531,439.3054504394531,8.290999973075031,0.08180558940046939,0.1672552271643676,-7.439524316373365,-0.8973012110159416,3.5925703082182046,-12.516836924230367,0.0,1.638740990380981,0.1539986907423047,-0.021282156556646024
2021-11-08,2021-12-08,439.6805114746094,439.6805114746094,8.143107512821246,0.0802700617898032,0.1674887270233622,-7.619707072753229,-0.9357247292579735,4.031564628096904,-12.379050969452644,0.0,0.9113937167934035,0.1836144481908798,-0.021609190860167517
2021-11-09,2021-12-09,438.2272033691406,438.2272033691406,7.556906944950356,0.07470871283915613,0.1687916617075647,-12.792691555670217,-1.692847569628801,3.9290921515511883,-14.814641629706722,0.0,-1.6683636381558768,0.23877843935876325,-0.022909233287917472
2021-11-10,2021-12-10,434.70166015625,434.70166015625,8.267488255456385,0.08244069552842512,0.16922827461596224,-16.61232654186489,-2.00935592873701,4.432515779776376,-18.35273794594888,0.0,-2.423898061156464,0.2682063145358996,-0.021841740650285033
2021-11-11,2021-12-13,434.84234619140625,434.84234619140625,8.327314946212027,0.08301321889534115,0.17248800147750804,-16.209373095830983,-1.9465305684402374,4.339963569703447,-18.13383494850715,0.0,-2.133323188871716,0.28217852815548106,-0.02286091614233899
2021-11-12,2021-12-14,438.1239318847656,438.1239318847656,6.970998392730394,0.06889634758216955,0.1721041171119314,-17.406722298880652,-2.497019984545256,4.085154806085501,-19.13508980054524,0.0,-2.035757154922621,0.3210301494983329,-0.024873120416714283
2021-11-15,2021-12-15,438.2740478515625,438.2740478515625,6.764731679377633,0.06682005253681214,0.18072660069408142,-22.778244955440584,-3.367205978750102,3.5056618874901964,-19.724038800711707,0.0,-6.222212037891724,0.3376560043273603,-0.028197184777415618
2021-11-16,2021-12-16,440.0086975097656,440.0086975097656,6.813794096114037,0.06704098650019906,0.18291937364263777,-19.785913444347557,-2.9038026634282397,3.508524842294097,-19.566336951558466,0.0,-3.387048382105603,0.34105295297755756,-0.028965003382895052
2021-11-17,2021-12-17,438.9397888183594,438.9397888183594,6.686989827075905,0.06594539260889791,0.18635054426720318,-22.72977260152709,-3.399103810431007,3.6762278059637024,-24.099891734759634,0.0,-1.8973614134412722,0.40874725928995753,-0.030377730542341167
2021-11-18,2021-12-20,440.43060302734375,440.43060302734375,6.690741209885232,0.06575760415278505,0.1888406232977888,-18.587250839463536,-2.7780555631118737,2.8921613357321267,-20.103046312487546,0.0,-1.030281764906698,0.3460840978014496,-0.031336718503583
2021-11-19,2021-12-21,439.6429748535156,439.6429748535156,6.786284611909025,0.06682425537656642,0.19990007502102589,-20.161494925961335,-2.970917973375387,2.902352069980714,-21.47291106847899,0.0,-1.2319844391427441,0.3589514883204618,-0.035494558886779215
2021-11-22,2021-12-22,438.4053039550781,438.4053039550781,6.883247518732787,0.06797893404582953,0.20284785852329815,-24.379188320812148,-3.5418148562090908,3.2274376307889012,-24.517115618056064,0.0,-2.711929210556258,0.3775811229887799,-0.03652611823348074
2021-11-23,2021-12-23,438.9866638183594,438.9866638183594,6.745364409029037,0.06651833274873352,0.2038960765253186,-23.676486110761118,-3.5100381054385816,3.391560930888937,-24.717732915867163,0.0,-1.9366914247780147,0.41362270100490406,-0.03714892143074734
2021-11-24,2021-12-27,440.1587219238281,440.1587219238281,6.778138111416524,0.06666463923301644,0.2092281029787589,-21.57054822353558,-3.1823707143417406,3.0627723788615375,-24.88373061846354,0.0,0.6405395166898651,0.39012950062330093,-0.039332224952021905
2021-11-26,2021-12-28,430.34173583984375,430.34173583984375,10.422591337119997,0.10508396349776383,0.19122871189837995,-13.92941453113093,-1.3364636567416208,5.283291781696416,-18.5869670078119,0.0,-0.3505982234845275,0.27514108153100786,-0.025525780869914243
2021-11-29,2021-12-29,435.6206359863281,435.6206359863281,10.866145709055758,0.1082380272541086,0.1875941674805386,-12.726588006497252,-1.1712145545674963,6.008258748098958,-17.86209710071533,0.0,-0.5824267892949925,0.29032286458607226,-0.023476101128855204
2021-11-30,2021-12-30,427.14447021484375,427.14447021484375,12.677563335931836,0.12884354831034361,0.17212574205019385,-6.549232040043933,-0.5166002224955594,5.442041396951203,-11.699492551929918,0.0,-0.11816085977512926,0.1736200252902528,-0.013026611135130022
2021-12-01,2021-12-31,422.4000244140625,422.4000244140625,13.02110511035579,0.13383183063384999,0.16611879904072716,-4.460296696074749,-0.34254363652493974,4.190250195699841,-8.431570440514697,0.0,-0.10253771160790998,0.11643873965183651,-0.009684496503925985
2021-12-02,2022-01-03,428.86962890625,428.86962890625,14.252794187382193,0.1443015748406637,0.16027699258117295,-3.9291366315401888,-0.27567483118633684,6.121067927841193,-9.55637904587555,0.0,-0.34292076243752084,0.150904751068248,-0.0048657698493697055
2021-12-03,2022-01-04,425.1379699707031,425.1379699707031,14.192790278550433,0.14495648724957869,0.1556017919630896,-3.3850649124356096,-0.23850594886556303,4.9081256158188635,-7.841387317630681,0.0,-0.3351324463726975,0.11667076425114223,-0.003199534466387346
2021-12-06,2022-01-05,430.1729736328125,430.1729736328125,14.91214285048224,0.150530392960755,0.16937946395422487,-2.6899511969735386,-0.180386630140587,6.174634595249932,-8.285962560353903,0.0,-0.44527067724144925,0.13335255462819087,-0.00603000360450125
2021-12-07,2022-01-06,439.07098388671875,439.07098388671875,16.90902337742233,0.16725522716436667,0.15416078479086578,4.205604937811856,0.24871956492930067,11.586058171772047,-7.864656343915872,0.0,0.6428008597489531,0.15859774979330418,0.0042087634464682624
2021-12-08,2022-01-07,440.233642578125,440.233642578125,16.977434328703907,0.16748872702336126,0.1545025096265564,4.556207198653594,0.26836841836286013,12.756690717940163,-8.427799402321586,0.0,0.3850459445183969,0.1577300614832971,0.004181448199001871
2021-12-09,2022-01-10,437.26141357421875,437.26141357421875,16.99381032988768,0.1687916617075637,0.1527067312264548,6.052689265047164,0.3561702259558624,12.29553112426925,-7.445544764519034,0.0,1.3434006017029707,0.1406976964059773,0.00517127930013192
2021-12-10,2022-01-11,441.37762451171875,441.37762451171875,17.198094554809558,0.1692282746159613,0.15247820690596425,6.029136712154042,0.35057004093909666,13.145421552867598,-8.617895346976939,0.0,1.6534099147603847,0.15179940849694584,0.0053886053482371625
2021-12-13,2022-01-12,437.4676818847656,437.4676818847656,17.37364018417705,0.17248800147750712,0.14914300706490408,4.377926661098115,0.2519867232593713,12.820871228867317,-7.533108775627294,0.0,-0.7645079823653979,0.14532780977653922,0.007508474097342472
2021-12-14,2022-01-13,434.4578857421875,434.4578857421875,17.21575949909203,0.17210411711193052,0.15539679655625774,3.5923678973995834,0.20866740718520418,10.684525039159729,-7.118946906005939,0.0,0.15385394381352924,0.12706417956762364,0.005471662746930141
2021-12-15,2022-01-14,441.2463073730469,441.2463073730469,18.359594043441206,0.18072660069408053,0.14523760947503,6.121480793543924,0.33342135883068535,14.371328235791523,-7.995481348815521,0.0,-0.09872485862192831,0.15564123481027184,0.011568140992416306
2021-12-16,2022-01-18,437.355224609375,437.355224609375,18.418211451006613,0.1829193736426369,0.15485979663250188,2.425017989660363,0.13166414101125049,14.602118658296117,-11.319027934881333,0.0,-0.7322104469471883,0.12586228680719214,0.009477940640754773
2021-12-17,2022-01-19,432.700439453125,432.700439453125,18.563575710446912,0.18635054426720235,0.15465252776133956,2.483274193860467,0.13377132900440994,12.997813273927713,-9.01193307216733,0.0,-1.3643890928295712,0.1382169150702996,0.010809121005710638
2021-12-20,2022-01-20,428.0993347167969,428.0993347167969,18.61130147290632,0.18884062329778797,0.1550117844374709,2.355130156187556,0.1265430125677171,11.628554154719914,-7.832647725528849,0.0,-1.3198004839105173,0.12097578909315065,0.011632127693008115
2021-12-21,2022-01-21,435.7019958496094,435.7019958496094,20.049842477487033,0.19990007502102505,0.1530244602076406,4.888767482839796,0.24383071778888782,12.847624125075791,-7.13683367709775,0.0,-0.6992241371374761,0.12279882800081235,0.016543554571571664
2021-12-22,2022-01-24,440.0584716796875,440.0584716796875,20.548600947592604,0.20284785852329737,0.14830510425800122,5.112379222027073,0.2487945157466314,12.009246612884482,-6.3960192928002115,0.0,-0.3953294843762958,0.10551861368095845,0.019152849758511056
2021-12-23,2022-01-25,442.79656982421875,442.79656982421875,20.783185592763232,0.20389607652531785,0.14779684310704083,4.708158441489616,0.22653690024925777,10.906696026955686,-5.871778488357688,0.0,-0.2323597883280057,0.09439930878042382,0.01972970319001103
2021-12-27,2022-01-26,449.06298828125,449.06298828125,21.627892426998216,0.20922810297875816,0.13297627359252395,4.901994407608811,0.2266515068056111,9.323621435486318,-4.323571311393283,0.0,-0.02659569895240734,0.07146001753180173,0.026093709737536046
2021-12-28,2022-01-27,448.6961364746094,448.6961364746094,19.753124101575168,0.19122871189837914,0.13226659840637858,3.143831998455937,0.15915619130875805,7.668268284694922,-4.53185464223778,0.0,0.08057740584588322,0.07315904984712367,0.01907396720031906
2021-12-29,2022-01-28,449.2700500488281,449.2700500488281,19.402914834217768,0.18759416748053778,0.16594874508141863,2.354417454557904,0.12134349270068436,6.745366861313063,-4.462438608353219,0.0,0.14249548934770626,0.07100628774962386,0.0076525856786183975
2021-12-30,2022-01-31,448.028076171875,448.028076171875,17.755717484309343,0.172125742050193,0.18197713753974973,0.9913801098573458,0.05583441563166481,5.613109409994683,-4.764876017228454,0.0,0.2163268858293856,0.07318016873815124,-0.0034884075108314143
2021-12-31,2022-02-01,446.89892578125,446.89892578125,17.09370881524015,0.16611879904072627,0.1848927853370957,0.1948318487984011,0.01139786870738642,4.9783172711669,-4.955503531633527,0.0,0.24606863242065657,0.07405052315577183,-0.006589886674976151
2022-01-03,2022-02-02,449.4864807128906,449.4864807128906,16.58892924447423,0.16027699258117198,0.18749799321112706,-0.3345436201601615,-0.02016667955055616,3.852787136479418,-4.487003499105246,0.0,0.3638684184606496,0.06419567599490403,-0.00946678310733479
2022-01-04,2022-02-03,449.3359069824219,449.3359069824219,16.100362453130543,0.15560179196308863,0.20180914040568868,-0.9569080338033586,-0.059433943589095914,3.2388657815106203,-4.546255393060425,0.0,0.4149254241435421,0.06444384639719827,-0.016515011489158654
2022-01-05,2022-02-04,440.7077331542969,440.7077331542969,17.18731316744902,0.16937946395422396,0.19456571473294743,-0.27729460233916825,-0.01613367951334798,5.174489548950216,-6.483187441924899,0.0,1.1066544938097518,0.07525120317398311,-0.00916641454012242
2022-01-06,2022-02-07,440.2936706542969,440.2936706542969,15.63048923583736,0.15416078479086479,0.19456262254161502,-1.859333779498229,-0.11895557147598268,4.173934455891366,-7.166220669360897,0.0,1.2150955871381333,0.08214315316671694,-0.014089066522935633
2022-01-07,2022-02-08,438.55291748046875,438.55291748046875,15.603149004612646,0.15450250962655537,0.197670471901702,-3.060281756309621,-0.19613231632953912,4.356896236414782,-8.424587100515057,0.0,1.1029149295102556,0.09550582171961924,-0.01520258998093773
2022-01-10,2022-02-09,438.00732421875,438.00732421875,15.402891828115202,0.1527067312264538,0.2054031423025989,-3.7699652654704323,-0.24475697859469742,4.136693487060472,-8.7766522461984,0.0,0.9721521086317298,0.10215861496432455,-0.018871105105913288
2022-01-11,2022-02-10,441.99676513671875,441.99676513671875,15.519960593977913,0.15247820690596325,0.2104480032162726,-2.832368813090852,-0.18249845390650501,2.9234333343716745,-6.722248814868914,0.0,1.0404098525199654,0.07396318511354047,-0.021038758476458547
2022-01-12,2022-02-11,443.191650390625,443.191650390625,15.222072816346241,0.149143007064903,0.21835865580755326,-3.221601490781268,-0.21164013138353582,2.321740191873914,-6.584804936087573,0.0,1.111547678276573,0.07008442484416426,-0.02543686600971981
2022-01-13,2022-02-14,437.0850830078125,437.0850830078125,15.640796491422321,0.15539679655625668,0.21488591667991117,-5.445487088374875,-0.3481591932585577,4.718516703995189,-11.100809776955609,0.0,1.0597087129398857,0.12290272835428112,-0.022027792807419094
2022-01-14,2022-02-15,437.2639465332031,437.2639465332031,14.62586441918063,0.14523760947502892,0.2242976877135467,-6.48336868739068,-0.44328106028989783,3.7012444889771126,-11.207872810029503,0.0,1.1472992169477065,0.1240395832859946,-0.0292154895076227
2022-01-18,2022-02-16,429.5201721191406,429.5201721191406,15.317059515647372,0.15485979663250082,0.2168359233204081,-8.302303385664459,-0.5420298443825406,7.0242022796401,-15.346397348068646,0.0,0.21180287076236481,0.1919111879982849,-0.02303626102915439
2022-01-19,2022-02-17,425.0601501464844,425.0601501464844,15.137754927428006,0.15465252776133856,0.2261682088293281,-9.783895736778845,-0.6463240938754705,9.22975743176907,-20.066550109407824,0.0,1.274320512803297,0.2214235719433013,-0.027234654342094964
2022-01-20,2022-02-18,420.3556213378906,420.3556213378906,15.004933100745859,0.15501178443746985,0.2242630798962035,-12.028471520599396,-0.8016344651347689,9.993246007810017,-21.03000883719667,0.0,-0.7347536634248427,0.2569550277879262,-0.026265275690042333
2022-01-21,2022-02-22,412.10369873046875,412.10369873046875,14.522074071083551,0.15302446020763955,0.2169499734956683,-8.161207306119678,-0.5619863434225506,9.572372242016492,-15.378263874149846,0.0,-2.136393477021351,0.21892219696483836,-0.02365080557793172
2022-01-24,2022-02-23,413.8539123535156,413.8539123535156,14.134698631348186,0.14830510425800014,0.22375926405078073,-9.600932520152128,-0.6792456472229984,8.565649015974198,-16.256565131240468,0.0,-1.6768041259338886,0.2332122789520109,-0.02807380429957072
2022-01-25,2022-02-24,408.8011474609375,408.8011474609375,13.914357116844485,0.14779684310703972,0.22779357086633728,-8.154634865759874,-0.5860590465863501,7.500283166843322,-14.671941620358314,0.0,-0.7894085165357061,0.1935678957092066,-0.030046004095630113
2022-01-26,2022-02-25,407.7755126953125,407.7755126953125,12.490083651817002,0.13297627359252273,0.24057020864826592,-16.102832482262443,-1.2892493702329906,6.198269322817797,-17.937770381180336,0.0,-4.17331602802886,0.19001539587110686,-0.04019133595051674
2022-01-27,2022-02-28,405.7619323730469,405.7619323730469,12.362212754616394,0.1322665984063774,0.24003289539286166,-14.938769747158346,-1.2084219907621145,5.996083322711283,-19.10438912509914,0.0,-1.5958049880802507,0.2346589566901364,-0.04012133781668655
2022-01-28,2022-03-01,415.8392028808594,415.8392028808594,15.889426887412327,0.16594874508141763,0.229435951366543,-6.839386589915421,-0.43043632966608836,9.657877253464083,-15.516235624727072,0.0,-0.7827922824624234,0.1982359361900731,-0.02510186978537335
2022-01-31,2022-03-02,423.3289794921875,423.3289794921875,17.7358097711153,0.18197713753974887,0.2298369462926273,-3.5679206299671478,-0.20117043856536485,7.957543850609604,-11.173620065166457,0.0,-0.20589630572170062,0.14594810968872982,-0.019709343293959368
2022-02-01,2022-03-03,426.1893005371094,426.1893005371094,18.141377182762795,0.18489278533709483,0.22826300343966804,-3.4192270184884705,-0.18847670626336363,6.98364275850934,-10.250317940061265,0.0,-0.0237573731626555,0.12879446377397433,-0.017918656669588875
2022-02-02,2022-03-04,430.3293151855469,430.3293151855469,18.57539251222161,0.18749799321112623,0.22526504093574368,-3.0648883101481488,-0.16499722997140528,5.6593501374766,-8.791397094486644,0.0,0.17297965724748632,0.10582101038560557,-0.01558884120958274
2022-02-03,2022-03-07,420.2144775390625,420.2144775390625,19.521614696581878,0.2018091404056879,0.23336170401793652,-1.2089368619061815,-0.06192811817548368,10.268731940084042,-11.080783140606288,0.0,-0.24241307072190255,0.15447259066189992,-0.013730755750872355
2022-02-04,2022-03-08,422.19036865234375,422.19036865234375,18.910209025187953,0.19456571473294662,0.23214834006324783,-2.368785080012458,-0.1252648808301004,8.489409767369766,-10.823547953304326,0.0,0.10733612260003078,0.14198301667792274,-0.016037034444578997
2022-02-07,2022-03-09,420.8354187011719,420.8354187011719,18.849220617311857,0.19456262254161427,0.2544159603794718,-3.3940074032361736,-0.18006088804112066,8.570246412224916,-12.245572081310973,0.0,0.43052556441272327,0.1492072985627662,-0.02687286680553829
2022-02-08,2022-03-10,424.2980651855469,424.2980651855469,19.307531516277066,0.19767047190170126,0.2516932250817549,-3.0492417730203556,-0.15793017198753323,7.092205995266468,-10.383487800809537,0.0,0.3669322119634676,0.12489217944068173,-0.024275864090213664
2022-02-09,2022-03-11,430.5081481933594,430.5081481933594,20.355603544519624,0.20540314230259812,0.24576173841309965,-1.8893365265496982,-0.09281653194008918,5.228832722429359,-7.363108024713239,0.0,0.33335066197737,0.08841188624323149,-0.018208381200047447
2022-02-10,2022-03-14,422.7738037109375,422.7738037109375,20.480337903709568,0.21044800321627186,0.2407747122571692,-2.1984102499674805,-0.1073424794211665,7.447768357577017,-9.863103350370064,0.0,0.3315081293568054,0.11458338653111234,-0.01368410000480666
2022-02-11,2022-03-15,414.4372863769531,414.4372863769531,20.83035811554575,0.2183586558075525,0.24824873496735175,-2.381216706352461,-0.11431472724299219,10.225233777850983,-12.244336869496532,0.0,-0.21644202082194472,0.14567159388489054,-0.013946931846809264
2022-02-14,2022-03-16,413.08233642578125,413.08233642578125,20.432395830234725,0.21488591667991042,0.26109291534813356,-2.9428508762545675,-0.14402867391105942,10.06061708013249,-13.304093283346539,0.0,0.4521938438371365,0.15156851687768072,-0.021993553257622228
2022-02-15,2022-03-17,419.7440185546875,419.7440185546875,21.6702999347751,0.22429768771354597,0.25855665203245815,-0.8165724296482608,-0.03768163948381157,8.593256565226367,-10.160147879075758,0.0,0.8644420413968739,0.11412315719575815,-0.016542089596590252
2022-02-16,2022-03-18,420.2144775390625,420.2144775390625,20.97359537100388,0.2168359233204074,0.2615464445097557,0.766344361766528,0.03653853086276297,9.233354207531844,-11.428192564080529,0.0,3.084721497902394,0.1235387795872146,-0.021388724993481135
2022-02-17,2022-03-21,411.2380065917969,411.2380065917969,21.408033433992557,0.22616820882932742,0.24960073915747563,-2.055046845599975,-0.09599419077592092,13.772891795517873,-14.879939930207073,0.0,-0.753941012325956,0.1940576985848454,-0.011148470302891927
2022-02-18,2022-03-22,408.5753173828125,408.5753173828125,21.090437389757,0.2242630798962028,0.25069423767800236,-3.2765927203277556,-0.15535916395546637,13.208812807980372,-15.469398237159515,0.0,-0.8237781748675048,0.19222911628117165,-0.012553671800424097
2022-02-22,2022-03-23,404.1906433105469,404.1906433105469,20.184419394299738,0.2169499734956676,0.25217775219754446,-5.099498538888611,-0.25264529235499117,11.597518593539636,-15.701422865177353,0.0,-0.8104898372601776,0.185104429990762,-0.01652632770363527
2022-02-23,2022-03-24,397.02081298828125,397.02081298828125,20.448006088838724,0.22375926405078006,0.24560687063802975,-4.192334228746063,-0.20502410897825354,10.215192588573263,-13.601336836581474,0.0,-0.6564805632959445,0.14970941744192534,-0.010254526656059165
2022-02-24,2022-03-25,402.9956359863281,402.9956359863281,21.129569685184237,0.22779357086633664,0.24202836451979834,-2.945507816948634,-0.13940216771257694,11.218486841501248,-13.346469230756833,0.0,-0.6640028906305656,0.15352253706245536,-0.006687818304091646
2022-02-25,2022-03-28,411.8873291015625,411.8873291015625,22.805819542908978,0.24057020864826528,0.23262284592937135,0.8321987314704415,0.036490630380752856,13.632580257990565,-11.978886477862437,0.0,-0.6646035211609769,0.15689152749664032,0.0037606368407898452
2022-02-28,2022-03-29,410.8334655761719,410.8334655761719,22.696711287298967,0.24003289539286102,0.23456970022527537,0.24860260017021574,0.010953243270505593,12.780954617521166,-11.691695898109746,0.0,-0.6885495127780441,0.15210660646313784,0.0025928466069046058
2022-03-01,2022-03-30,404.576416015625,404.576416015625,21.365239163395614,0.22943595136654227,0.22769397455555684,-1.7144206548034617,-0.0802434572200214,10.190669732043713,-11.063589426460943,0.0,-0.7077844732471326,0.13371648713905968,0.0007963097305637851
2022-03-02,2022-03-31,412.0190124511719,412.0190124511719,21.796264434595685,0.22983694629262663,0.22967248728438278,0.06753353176236487,0.003098399359441319,11.113211140135727,-10.256290049033948,0.0,-0.6532275055553787,0.13616005378401075,7.557046572476828e-05
2022-03-03,2022-04-01,409.96783447265625,409.96783447265625,21.539383174600573,0.22826300343966732,0.22843062589898872,-0.7059070357400401,-0.0327728528722425,10.170234030155237,-10.10212772633946,0.0,-0.6451727620947069,0.12884057746113692,-7.655210930616191e-05
2022-03-04,2022-04-04,406.6369934082031,406.6369934082031,21.084067877932,0.22526504093574296,0.22639321518051825,-1.665266574119471,-0.07898222410213594,8.931898938151514,-9.777318295543058,0.0,-0.7003747324355895,0.11947248429226112,-0.0005095492119904926
2022-03-07,2022-04-05,394.649658203125,394.649658203125,21.197259617935856,0.23336170401793585,0.2015490380822285,-0.5135361603178126,-0.024226535390607234,6.609729874809439,-6.395131225171175,0.0,-0.649900232324026,0.07823457763205818,0.013835670150283107
2022-03-08,2022-04-06,391.65753173828125,391.65753173828125,20.92727638119996,0.2321483400632471,0.20342798747680518,-0.9937040521655831,-0.04748367795525834,5.58923549912062,-5.860972728888468,0.0,-0.6538306290378503,0.06813619335997208,0.01250990570525782
2022-03-09,2022-04-07,402.158203125,402.158203125,23.54740862810513,0.2544159603794712,0.18571661624451832,2.8725665637584825,0.12199077228098534,8.786338108001315,-5.173076099441772,0.0,-0.6631117239290987,0.07758372087202485,0.03023681934649495
2022-03-10,2022-04-08,400.34228515625,400.34228515625,23.19045847392576,0.25169322508175423,0.18494824492199793,2.12925624129349,0.09181604769424993,7.8932525939224005,-4.987728099917132,0.0,-0.7033105790959208,0.07295767361588548,0.029143626252327262
2022-03-11,2022-04-11,395.25189208984375,395.25189208984375,22.356540554492057,0.24576173841309903,0.19016327192646648,0.990040277002322,0.044284144704284094,5.908206985061762,-4.1110157446931845,0.0,-0.7498426579200386,0.05730830544613011,0.024236762078049284
2022-03-14,2022-04-12,392.36328125,392.36328125,21.743240837900686,0.2407747122571686,0.1882436578587136,0.19433060662981916,0.008937518012084063,4.729398828010496,-3.718908338783117,0.0,-0.7669832866842836,0.04917659591317151,0.022536787338493902
2022-03-15,2022-04-13,400.9914855957031,400.9914855957031,22.910487395914004,0.24824873496735114,0.17804916965596834,3.5311829344007037,0.15412954222137049,8.429504015007682,-4.187988525955813,0.0,-0.6438880497708362,0.06644450488016407,0.02992592759771035
2022-03-16,2022-04-14,409.8832092285156,409.8832092285156,24.628968172091987,0.261092915348133,0.1693080159104132,10.87163551964045,0.441416605181191,16.021338571722648,-6.213957644241564,0.0,1.1681363897709462,0.10388179761164518,0.039504306193466614
2022-03-17,2022-04-18,415.01116943359375,415.01116943359375,24.695088256776927,0.25855665203245765,0.16355210909668447,14.537799220533671,0.5886919321514936,19.454093584604447,-6.76774572850755,0.0,1.9786664165043637,0.1272150520676198,0.040102249920259604
2022-03-18,2022-04-19,419.5566711425781,419.5566711425781,25.253973962909697,0.2615464445097552,0.16880117045831344,14.548076917815763,0.5760707973795491,19.519869331289055,-8.112393200432066,0.0,3.2646703724138275,0.12406958545506966,0.03991270748759788
2022-03-21,2022-04-20,419.43402099609375,419.43402099609375,24.094580582181294,0.24960073915747502,0.16882003138575843,14.540745138033547,0.603486127863412,19.336850240948586,-7.813617786576429,0.0,3.1582217246047914,0.1407090409433931,0.03380032599086942
2022-03-22,2022-04-21,424.3420104980469,424.3420104980469,24.483212125199827,0.2506942376780018,0.17102732045230343,9.12111694383006,0.37254576307991755,18.444224458287785,-8.555050042768753,0.0,-0.6423052556876523,0.12575221600121395,0.03359725646385958
2022-03-23,2022-04-22,418.8771667480469,418.8771667480469,24.310785716080062,0.2521777521975439,0.19050262078641783,6.550237703273183,0.26943751550327766,19.260750248602502,-13.478840921752113,0.0,0.9048504899658072,0.13652211354307103,0.027302370176912137
2022-03-24,2022-04-25,425.1914367675781,425.1914367675781,24.034863538453607,0.24560687063802916,0.1827327416600389,6.447876842880362,0.2682718307330658,15.347345254429463,-9.139676228549163,0.0,0.3659267478354118,0.12571893083529317,0.026931480030011085
2022-03-25,2022-04-26,427.2679138183594,427.2679138183594,23.80068136124291,0.2420283645197977,0.20301237164560157,5.226140435538355,0.21957944632831458,13.350781157942176,-8.308717310712103,0.0,0.29972929376273244,0.1156527054543721,0.017363706190956216
2022-03-28,2022-04-27,430.3070983886719,430.3070983886719,23.039372153919118,0.23262284592937077,0.20059042512227485,3.7999142672070434,0.16493132893643797,10.912575707757425,-7.362781542550853,0.0,0.35376221996857454,0.10364211796807427,0.013876869797544822
2022-03-29,2022-04-28,435.63031005859375,435.63031005859375,23.519397139622242,0.23456970022527476,0.2177638623024886,3.41376269330965,0.14514669202802874,8.723384403239898,-5.5617956047987365,0.0,0.33353821657371785,0.08136432170512121,0.007601844538878057
2022-03-30,2022-04-29,432.94036865234375,432.94036865234375,22.689694986279534,0.2276939745555562,0.24767736583504996,2.3965981990883165,0.10562496325038923,8.480083699503208,-6.450884944041697,0.0,0.4536283359147121,0.08622889228809051,-0.009499531498082893
2022-03-31,2022-05-02,426.27691650390625,426.27691650390625,22.53440357820506,0.22967248728438214,0.24750873221517575,1.9047733640511524,0.08452734759279013,9.646228345553054,-8.40247579234484,0.0,0.7558639769955301,0.09484316615261944,-0.008511121107368902
2022-04-01,2022-05-03,427.4849853515625,427.4849853515625,22.476196851583296,0.22843062589898805,0.2481956208263798,1.0576415663088596,0.04705607328912302,8.654378778916396,-8.390623212496335,0.0,0.8848747966152589,0.09098879672639477,-0.009420515348788669
2022-04-04,2022-05-04,431.14715576171875,431.14715576171875,22.466761169276708,0.2263932151805176,0.2718705873338329,0.7039549281693098,0.031333173609909025,7.085151645824534,-7.119018029983922,0.0,0.8157166548981172,0.07789534256944762,-0.02265972837747112
2022-04-05,2022-05-05,425.7011413574219,425.7011413574219,19.751043910086025,0.2015490380822278,0.29374155450197104,-1.7155906634935718,-0.08686075892006356,6.438090197208633,-9.384969760618603,0.0,1.320656114464343,0.08936721454789497,-0.04566208608936311
2022-04-06,2022-05-06,421.4443054199219,421.4443054199219,19.73562938027166,0.2034279874768045,0.2930411876548997,-3.9279966786418754,-0.19903072777442918,6.938393202167527,-12.828836008790883,0.0,2.063264783487943,0.10081865550638024,-0.04449019157333123
2022-04-07,2022-05-09,423.5680847167969,423.5680847167969,18.1100397402887,0.18571661624451755,0.30716551081082905,-4.515627236832188,-0.2493438612830014,5.153193764737703,-11.614473842232984,0.0,2.0384208899842515,0.09276804932122139,-0.05985998948236413
2022-04-08,2022-05-10,422.4354553222656,422.4354553222656,17.986976354079303,0.18494824492199713,0.30826649135745016,-6.184578407549225,-0.34383646733079803,4.923149586977044,-13.319952477158614,0.0,2.311276551815642,0.09905206918324984,-0.06082237639410585
2022-04-11,2022-05-11,415.215087890625,415.215087890625,18.177450288635157,0.1901632719264657,0.30770474009003196,-11.4895288792884,-0.6320759345699789,6.263198088136576,-19.977196689357246,0.0,2.356827883760593,0.13235816182831597,-0.05852013708409518
2022-04-12,2022-05-12,413.6766052246094,413.6766052246094,17.92749904239585,0.1882436578587128,0.3080277928500346,-13.432914534422537,-0.7492910473823318,6.0008481632544415,-21.276775591430255,0.0,1.9847763644587624,0.14176347070559564,-0.05944544644403571
2022-04-13,2022-05-13,418.41461181640625,418.41461181640625,17.15200379750894,0.1780491696559675,0.3190879845256139,-10.437679651158646,-0.6085399568693284,4.1562795385913445,-16.810459916247673,0.0,2.324555775273719,0.10805504877591945,-0.0701156350534389
2022-04-14,2022-05-16,413.20465087890625,413.20465087890625,16.10792265983477,0.1693080159104123,0.31781263948502314,-15.072969755411407,-0.9357488283076981,4.253349761165035,-21.26804266287361,0.0,2.0756851189446333,0.13396197264755927,-0.07233966956491686
2022-04-18,2022-05-17,413.3745422363281,413.3745422363281,15.567456131626841,0.16355210909668358,0.3288519649753611,-15.676294273659096,-1.006991389030552,3.561343151108489,-21.20623813130731,0.0,2.1024927828166726,0.1338920762770306,-0.08139432247818265
2022-04-19,2022-05-18,420.0474853515625,420.0474853515625,16.325723354173675,0.16880117045831255,0.3456533012189911,-10.020572026018897,-0.6137903851872594,2.36521708713999,-14.481981217593736,0.0,2.1815190143445604,0.08532690990968188,-0.09098236949549032
2022-04-20,2022-05-19,419.7359619140625,419.7359619140625,16.315435870851672,0.16882003138575755,0.34511220751764987,-10.806835724400798,-0.6623688027671845,2.0303308324060154,-14.837238151635267,0.0,2.0881648751100026,0.08809328028152895,-0.09060223278061727
2022-04-21,2022-05-20,413.45953369140625,413.45953369140625,16.281311539771423,0.17102732045230257,0.34433774477853846,-14.442912926945837,-0.8870853488470625,2.6678860671016227,-18.644050445564258,0.0,1.6450626839417892,0.11181123242494236,-0.08931813813807529
2022-04-22,2022-05-23,402.1145324707031,402.1145324707031,17.635306613682047,0.19050262078641703,0.34405339071244123,-15.962841886828983,-0.9051638418605372,5.004569802929343,-22.220650543309173,0.0,1.393880579811035,0.14064172626019183,-0.08208148713423433
2022-04-25,2022-05-24,404.4458923339844,404.4458923339844,17.014953792659128,0.18273274166003806,0.3426965830752469,-16.054974234541532,-0.9435802430135446,3.82407850356413,-21.171816314995468,0.0,1.422766111444508,0.13000253455475813,-0.0840496931768554
2022-04-26,2022-05-25,392.7326965332031,392.7326965332031,18.353573007505815,0.2030123716456008,0.3324433399860132,-16.555884837439066,-0.9020524140268724,6.79980738361036,-24.131393293643995,0.0,0.9339816360022418,0.15828056340776717,-0.06930455125988444
2022-04-27,2022-05-26,393.8370361328125,393.8370361328125,18.185847748651042,0.20059042512227404,0.3407586372608622,-16.607168568356258,-0.9131918840345573,6.010683325619301,-23.360861139306508,0.0,0.8959747666028647,0.15296552127198065,-0.07587993021714523
2022-04-28,2022-05-27,403.7851257324219,403.7851257324219,20.239736371822346,0.21776386230248787,0.34009186223315385,-10.942532647072028,-0.5406460067486928,4.329813016463134,-16.35109515496034,0.0,1.1780751756048564,0.09932568417976573,-0.0682413750323176
2022-04-29,2022-05-31,388.8630065917969,388.8630065917969,22.16644525075074,0.2476773658350493,0.314203815687654,-5.051048680218003,-0.22786913386786417,13.295372013959986,-20.655366634865977,0.0,2.482060202091917,0.17311426140383196,-0.0373799602456924
2022-05-02,2022-06-01,391.2036437988281,391.2036437988281,22.284700739550004,0.24750873221517508,0.31467420743108593,-5.865254324576554,-0.26319645900234745,13.627898237730921,-19.526033531656644,0.0,0.19372506569863457,0.16084409634951508,-0.03775928429961885
2022-05-03,2022-06-02,392.9969787597656,392.9969787597656,22.44892501901566,0.24819562082637914,0.3214361593964402,-5.086675188639617,-0.226588809233889,12.794981458750174,-20.181534142606374,0.0,2.461464555421516,0.16158706020475788,-0.04172013837014195
2022-05-04,2022-06-03,404.9649353027344,404.9649353027344,25.336915250553375,0.2718705873338323,0.30703078266699896,-3.3473902647343152,-0.13211514628487406,8.131706048276808,-11.849689544616432,0.0,0.4601235475479485,0.08953031594277752,-0.020354285247867004
2022-05-05,2022-06-06,390.5713195800781,390.5713195800781,26.4001955946959,0.2937415545019705,0.28113307332016624,6.2582054992364675,0.237051482319086,19.117754681669194,-15.19964583956079,0.0,2.4958332823434257,0.15573662521533668,0.007248295926792131
2022-05-06,2022-06-07,388.23992919921875,388.23992919921875,26.18009947902044,0.2930411876548992,0.28227444984028305,5.461865652139197,0.2086266194869157,20.080187780979788,-15.330147090533744,0.0,0.8580795151163507,0.1462545534231805,0.006194272629559391
2022-05-09,2022-06-08,375.80963134765625,375.80963134765625,26.562101504599894,0.3071655108108285,0.25939608488371374,4.789202578082268,0.18030209609932019,16.64074250621792,-11.238708866435688,0.0,-0.49405812273074484,0.1187729389691358,0.027064322178678366
2022-05-10,2022-06-09,376.677978515625,376.677978515625,26.718806656795948,0.30826649135744955,0.27408484133894895,6.680339588676645,0.25002387548537824,17.230206663643322,-12.45201139030564,0.0,2.018467186974342,0.11632287163529466,0.019905729442035697
2022-05-11,2022-06-10,370.69403076171875,370.69403076171875,26.246481147185932,0.30770474009003146,0.2877275906828204,2.0289686245920393,0.07730440561589641,15.371183677876381,-13.492926266297474,0.0,0.25061557786847677,0.09990436485538505,0.011895040633733187
2022-05-12,2022-06-13,370.3070068359375,370.3070068359375,26.24657750476362,0.3080277928500341,0.3169544392090285,-5.535267176734635,-0.210894817647368,17.223826767808546,-23.57079868235177,0.0,0.9435696502656632,0.13186491245708026,-0.005578995366246203
2022-05-13,2022-06-14,379.1602783203125,379.1602783203125,27.83802873742553,0.3190879845256134,0.3027707026967662,0.1581177846227888,0.005679920303057047,18.33713388302303,-18.57657398855164,0.0,0.5451442176257464,0.14758632747432576,0.010147043457124486
2022-05-16,2022-06-15,377.621826171875,377.621826171875,27.614376642481574,0.31781263948502264,0.3088017210098598,-1.0950829557137922,-0.039656262022193606,16.711676781442183,-17.820932559789142,0.0,0.1563546104569956,0.1421817878238664,0.005646370917785679
2022-05-17,2022-06-16,385.38958740234375,385.38958740234375,29.160295259558154,0.3288519649753606,0.31492923371486475,1.5228144379272521,0.052222188574311657,16.088451875455192,-14.659811187811469,0.0,0.21644999740427984,0.12227624712079516,0.008963192619923899
2022-05-18,2022-06-17,369.8539123535156,369.8539123535156,29.412977739607214,0.3456533012189906,0.2870099609493228,2.2950394510392016,0.07802812321000485,17.104854706763142,-14.7615110741745,0.0,0.06780254446373848,0.11610672601320106,0.03710148695945448
2022-05-19,2022-06-21,367.5887756347656,367.5887756347656,29.1871295013174,0.34511220751764937,0.3024974592913742,1.7203746353966949,0.05894291986880873,16.210658856268324,-14.315386112236183,0.0,-0.05915720799278307,0.11574090064262657,0.02759772289996848
2022-05-20,2022-06-22,367.749267578125,367.749267578125,29.134418036085947,0.344337744778538,0.30240817395798614,2.000693008409712,0.06867111626982389,16.32941667787759,-13.964067527141603,0.0,-0.24980044417343,0.11485569815276062,0.02711777880256598
2022-05-23,2022-06-23,374.6299133300781,374.6299133300781,29.655045200800316,0.3440533907124408,0.2964770429959128,2.2896306672180913,0.07720880719333045,14.821721323956139,-12.471471165249135,0.0,0.04537933054760389,0.10599882203666135,0.030474098637127092
2022-05-24,2022-06-24,371.76995849609375,371.76995849609375,29.312729014364578,0.34269658307524653,0.3172784076357767,4.088064699210975,0.13946380417898435,15.677962017010575,-14.136804457956444,0.0,2.6545188902354626,0.10761175007874234,0.01677536009955527
2022-05-25,2022-06-27,375.0545654296875,375.0545654296875,28.68788784151664,0.3324433399860127,0.3157493610418825,2.5958841911662205,0.09048711447517233,16.127271470703953,-13.640126959769836,0.0,0.22279315808413913,0.11405347785206303,0.010820915302698575
2022-05-26,2022-06-28,382.54864501953125,382.54864501953125,29.992207101530965,0.34075863726086175,0.31349698182864977,2.0970324172560026,0.06991924302726486,13.810590368167249,-11.576406269717523,0.0,-0.03906797025475378,0.0980837109390556,0.017836091252206795
2022-05-27,2022-06-29,391.93994140625,391.93994140625,30.66843241420483,0.34009186223315335,0.2978956473728919,2.0408516845477607,0.06654567983730693,10.261145628140335,-8.280249984509192,0.0,0.1330965491439171,0.07314050822732862,0.026920658033499786
2022-05-31,2022-06-30,389.7406921386719,389.7406921386719,28.177294512820026,0.31420381568765354,0.2982010225814849,-0.003877412739313968,-0.00013760770174545443,9.081539490179072,-9.168023112085066,0.0,0.16202207203177485,0.07941586286492967,0.009800187924037695
2022-06-01,2022-07-01,386.5882873535156,386.5882873535156,27.99118330821264,0.31467420743108543,0.3020004462015327,-0.44278469881743376,-0.01581872027137632,9.726960945764233,-10.125851814054787,0.0,0.04384720589765653,0.08774103642460455,0.007815587316456929
2022-06-02,2022-07-05,393.9502868652344,393.9502868652344,29.13654445790442,0.3214361593964397,0.2919224539070541,-0.031809881827598474,-0.0010917520392150968,7.559737832580714,-7.69817967376668,0.0,0.17213941367890903,0.0655074543206023,0.01810248547241726
2022-06-03,2022-07-06,387.4849548339844,387.4849548339844,27.375309096293762,0.30703078266699846,0.2892939285724276,-0.639280586050802,-0.023352451795232942,8.293591819432917,-8.993365642995496,0.0,0.13708728869843523,0.07659405118679401,0.010576924396240805
2022-06-06,2022-07-07,388.6648254394531,388.6648254394531,25.14474317529806,0.2811330733201657,0.2952799989948026,-2.451207329364763,-0.09748388807457792,6.164972164803141,-8.830513931528388,0.0,0.2872759640748926,0.07294152671452317,-0.008154472891928985
2022-06-07,2022-07-08,392.3929138183594,392.3929138183594,25.48889701947641,0.2822744498402825,0.29211454167513756,-2.5321095537549354,-0.09934166832798282,4.914184717517245,-7.755955254728704,0.0,0.37138488204356784,0.06172389858696152,-0.005652040425441512
2022-06-08,2022-07-11,388.1267395019531,388.1267395019531,23.170249356193636,0.2593960848837131,0.2923115524369376,-3.630950474993142,-0.15670744061382116,4.817109166327163,-8.832063446351995,0.0,0.4528694810357567,0.0688656760040216,-0.018159714835094057
2022-06-09,2022-07-12,378.8960876464844,378.8960876464844,23.898785569509243,0.27408484133894834,0.2831280560564891,-0.20212510798808125,-0.008457547242315035,10.624088689360363,-10.777731702977247,0.0,0.05024062747999322,0.09872272185119901,-0.005038995874529953
2022-06-10,2022-07-13,367.9096374511719,367.9096374511719,24.359753801436682,0.28772759068281983,0.2658090410734614,5.918834058112623,0.24297593918061453,18.027060687700274,-11.461527010297457,0.0,-0.5259461112074278,0.1207535080827665,0.012132720123747207
2022-06-13,2022-07-14,353.94073486328125,353.94073486328125,25.812827997255084,0.316954439209028,0.2282888415116756,12.32449061302654,0.47745603908014717,18.987316028308694,-7.635640365161801,0.0,1.0534979615922693,0.08068301171265103,0.04834432137556647
2022-06-14,2022-07-15,352.87420654296875,352.87420654296875,24.584542033560922,0.3027707026967657,0.23644819384727397,7.672436010148232,0.3120837475709091,17.79266926522363,-9.532703185029586,0.0,-0.505199710799448,0.0823303592463582,0.03576235003785524
2022-06-15,2022-07-18,357.90496826171875,357.90496826171875,25.43121938589769,0.3088017210098593,0.23422651697788413,11.440025890010673,0.44984181514923666,19.89831632398842,-9.429431211200257,0.0,1.0766617771627727,0.10552099994027703,0.04049644164305994
2022-06-16,2022-07-19,346.0596618652344,346.0596618652344,25.076967358636296,0.31492923371486425,0.21570218570831282,7.250965537614604,0.2891484218931055,13.217400192919323,-5.706213545736333,0.0,-0.19866651743648547,0.061554592131912826,0.05265298932888812
2022-06-17,2022-07-20,346.80572509765625,346.80572509765625,22.905222162821843,0.2870099609493222,0.21588157342806757,4.669695506979053,0.20387034335596085,11.451771432334846,-6.619769054555192,0.0,-0.09621238714362135,0.06609448365696297,0.03576986393835331
2022-06-21,2022-07-21,355.5361022949219,355.5361022949219,24.74766277528974,0.30249745929137367,0.20328326365811647,7.481725035542695,0.3023204697541423,16.048289562908757,-8.182906726333545,0.0,-0.2925036044129139,0.0911541966196855,0.05018062759424098
2022-06-22,2022-07-22,354.8914794921875,354.8914794921875,24.695508761886742,0.30240817395798564,0.20711325927284954,6.770160810952859,0.2741454276658367,14.897117333572604,-7.6436518291535585,0.0,-0.3956192585562119,0.08768543490999892,0.04855480150998071
2022-06-23,2022-07-25,358.3703918457031,358.3703918457031,24.44897317473459,0.29647704299591227,0.2054829747452382,6.770801564816338,0.27693602984575405,15.086272621957717,-7.816359906581942,0.0,-0.4049029568901411,0.09420819366931639,0.04567538411344782
2022-06-24,2022-07-26,369.76434326171875,369.76434326171875,26.994375843317357,0.3172784076357763,0.18136187503042286,17.8662400516275,0.6618504593448642,21.013942903279375,-6.5774270916640925,0.0,3.5230122429814337,0.09328800296917004,0.06777345823734313
2022-06-27,2022-07-27,368.35198974609375,368.35198974609375,26.761804965308187,0.315749361041882,0.2009814888641803,10.033768997990663,0.37492870944234213,21.2915170119231,-10.889740687707484,0.0,-0.27413641830007673,0.09387090792484973,0.059304100132294126
2022-06-28,2022-07-28,360.8254699707031,360.8254699707031,26.028169975895395,0.31349698182864927,0.18727064678517485,9.164940804065395,0.3521162191791823,16.554688234179256,-7.154705886019032,0.0,-0.15029323840605074,0.08474830568879226,0.06321006246833474
2022-06-29,2022-07-29,360.5316162109375,360.5316162109375,24.713991431761258,0.2978956473728914,0.19072297695599172,7.130296770195798,0.288512553299354,14.57751910477757,-7.111634625961672,0.0,-0.24873448208907484,0.08685322653100487,0.052366562784758326
2022-06-30,2022-08-01,357.6025085449219,357.6025085449219,24.538308508786628,0.29820102258148434,0.1874391264727549,6.176727143133462,0.2517177229604768,12.786530961153646,-6.189116948572668,0.0,-0.34523161801847435,0.07545525142901645,0.05379042373577353
2022-07-01,2022-08-02,361.384765625,361.384765625,25.113479561978636,0.30200044620153216,0.18938131826270052,6.465683193530481,0.25745867583078413,13.573851548066019,-6.566038768239447,0.0,-0.4599054590789328,0.08222412721714609,0.05533898579900625
2022-07-05,2022-08-03,362.06719970703125,362.06719970703125,24.322081838288966,0.29192245390705357,0.19400236946639982,5.296209788241583,0.2177531439724062,12.459510738648582,-6.629590306251249,0.0,-0.4500140577497595,0.08369658640593737,0.04758179973653832
2022-07-06,2022-08-04,363.2900085449219,363.2900085449219,24.184699053346378,0.289293928572427,0.19464355217885132,4.815815261213345,0.19912653246545123,12.046254703977008,-6.6859044008457476,0.0,-0.4597806388319828,0.08475440308606706,0.045804864704067264
2022-07-07,2022-08-05,368.73114013671875,368.73114013671875,25.054342830496893,0.29527999899480206,0.1910880112038522,6.061757408182814,0.2419443786330034,13.39718180729033,-6.742689444293622,0.0,-0.5044065064273661,0.08832844838655794,0.050675649780526764
2022-07-08,2022-08-08,368.4278259277344,368.4278259277344,24.765630034194942,0.29211454167513695,0.19117491826565305,5.37748142066863,0.2171348523434985,12.556351409199099,-6.586227370779705,0.0,-0.5057827766910883,0.08685984105964265,0.048783056084196204
2022-07-11,2022-08-09,364.2191162109375,364.2191162109375,24.49921721659669,0.292311552436937,0.18575060373654242,4.454445294789025,0.18181990287311778,10.851694801748986,-5.791737025532591,0.0,-0.5314112305768878,0.07410125085042876,0.05094275689960217
2022-07-12,2022-08-10,360.9960632324219,360.9960632324219,23.520276106454162,0.2831280560564885,0.1897233199378519,3.087478675510056,0.13126881085646888,8.996812496023052,-5.304946471040524,0.0,-0.5392044313687169,0.06518291810369846,0.044166557998085575
2022-07-13,2022-08-11,359.10028076171875,359.10028076171875,21.966912277806443,0.26580904107346076,0.18711104523893635,1.51431974122778,0.06893639497790155,7.241463319768553,-5.142274021145987,0.0,-0.5244767066821945,0.060392850712617664,0.03564390306598547
2022-07-14,2022-08-12,358.22821044921875,358.22821044921875,18.823152877679576,0.22828884151167486,0.1894374416031508,-0.8059508723579825,-0.04281699657838278,5.066851933574754,-5.3671851163781605,0.0,-0.4464542726684684,0.05916341688607669,0.016229250877595434
2022-07-15,2022-08-15,365.0721435546875,365.0721435546875,19.867694120002824,0.23644819384727328,0.18338570153962153,0.5799228933636869,0.02918924007289903,6.63379451697429,-5.523737720098075,0.0,-0.46463435868181013,0.06549954483061794,0.02227743284445858
2022-07-18,2022-08-16,362.0578308105469,362.0578308105469,19.51869676419642,0.23422651697788335,0.17727615945938163,-0.0454430744987917,-0.002328181796550523,5.450207281272735,-4.943026829925585,0.0,-0.4969893221615892,0.055634203684421166,0.023435224542922573
2022-07-19,2022-08-17,371.8403015136719,371.8403015136719,18.462223585276632,0.215702185708312,0.16492759890248365,1.1300551638270804,0.06120904985292691,6.700678643292723,-5.120168452586943,0.0,-0.38482368503096176,0.06563134184768828,0.019326320039604595
2022-07-20,2022-08-18,374.2100524902344,374.2100524902344,18.595319784210147,0.21588157342806677,0.16474056607410495,1.0675589113969863,0.05741008618219533,6.945314914630003,-5.4161053058663695,0.0,-0.3936854599507115,0.06796523741588743,0.019465399635361244
2022-07-21,2022-08-19,378.0207214355469,378.0207214355469,17.689585518851686,0.2032832636581156,0.1735047543945177,0.4953773362466336,0.02800389730549158,6.840113897949595,-5.903984493050139,0.0,-0.3679229762611763,0.07282909239159906,0.011220185485993035
2022-07-22,2022-08-22,374.51348876953125,374.51348876953125,17.855294118223156,0.2071132592728487,0.18789940413493703,0.27978636619621966,0.015669658777038516,5.812563571445508,-5.04036967875656,0.0,-0.43271215230371496,0.05969537418903084,0.007589716092357861
2022-07-25,2022-08-23,374.9684143066406,374.9684143066406,17.73641625406509,0.20548297474523736,0.18854898671899803,-0.11976391904272532,-0.006752430554581514,5.481390448654836,-5.086591393469615,0.0,-0.45445974510474146,0.060103229123226694,0.006672532517390958
2022-07-26,2022-08-24,370.53216552734375,370.53216552734375,15.471411106397056,0.18136187503042192,0.1816734493635752,-1.3981553552905552,-0.09037025424994696,3.307115523144631,-4.228830631276361,0.0,-0.43152810385491364,0.044912143303757694,-0.00011311248910914756
2022-07-27,2022-08-25,380.1535339355469,380.1535339355469,17.58818208422275,0.20098148886417946,0.1670627632869034,1.9366158598137417,0.11010892715006389,6.803208503329946,-4.290715215288376,0.0,-0.5123338639670861,0.06354356426074088,0.012483591989006379
2022-07-28,2022-08-26,384.9215393066406,384.9215393066406,16.595219304179636,0.18727064678517394,0.20520146500399977,0.13855798416358311,0.008349271053542884,8.250521652865258,-6.399018352714298,0.0,-1.6241712683322167,0.08877404765532833,-0.007037346092450367
2022-07-29,2022-08-29,390.5332946777344,390.5332946777344,17.14718314689256,0.19072297695599086,0.1992682916158522,-6.084015768651284,-0.35481138310194343,11.317345287857183,-13.414332639503346,0.0,-3.8149025590984884,0.17212585790677157,-0.0033325981045448927
2022-08-01,2022-08-30,389.37677001953125,389.37677001953125,16.80238360757741,0.187439126472754,0.20216474901074943,-5.078928505429872,-0.302274285842362,10.502688270425391,-12.477060144138928,0.0,-2.9410637063069522,0.16349292540929106,-0.005737159609710246
2022-08-02,2022-08-31,386.8080139160156,386.8080139160156,16.86428369758397,0.18938131826269963,0.20252180451977672,-3.4827907538306135,-0.2065187479222476,9.925109256421605,-10.684362147043972,0.0,-2.574378304252132,0.14915955895600014,-0.00514979759902872
2022-08-03,2022-09-01,392.86517333984375,392.86517333984375,17.5458212636982,0.19400236946639896,0.1937187732165542,-3.661377487306652,-0.20867518438033655,9.861091570896331,-12.329353184490571,0.0,-1.053751044292629,0.13936482941977396,0.00010995626205041048
2022-08-04,2022-09-02,392.5997619628906,392.5997619628906,17.591851454456332,0.19464355217885043,0.19582705609112858,-3.438881360754692,-0.19548149151086436,9.285914337658568,-11.653667427671866,0.0,-0.9370067183029304,0.1341215524384264,-0.0004621234925171469
2022-08-05,2022-09-06,391.93621826171875,391.93621826171875,17.241679718011028,0.19108801120385133,0.19583991164279962,-3.706120080460323,-0.2149512194330365,8.54029325958546,-11.202723437269627,0.0,-0.912711128148976,0.13097877462717328,-0.0018386429664163512
2022-08-08,2022-09-07,391.48114013671875,391.48114013671875,17.229483661421995,0.19117491826565217,0.20832892010335557,-3.6519798530580374,-0.21196107351928792,8.075574175113214,-10.748071683482907,0.0,-0.8524572168244037,0.12702512786390688,-0.00685308957755152
2022-08-09,2022-09-08,389.92657470703125,389.92657470703125,16.67471365885794,0.1857506037365415,0.2101017585410099,-3.9696822651487196,-0.23806599299772355,7.39535220601134,-10.325701683486592,0.0,-0.9152154319412646,0.12411735573222123,-0.009639462153535158
2022-08-10,2022-09-09,398.11663818359375,398.11663818359375,17.388632249102244,0.18972331993785105,0.20371865490812593,-2.9652765407026322,-0.17052960222651936,6.421543913934095,-9.317631655831022,0.0,0.030144766134275157,0.09933356493994965,-0.005506352229335917
2022-08-11,2022-09-12,398.11663818359375,398.11663818359375,17.149492265636866,0.18711104523893546,0.20805858576315434,-3.289635125585164,-0.1918211381789267,5.888380259333178,-9.214441155465943,0.0,0.134948871579144,0.0985231010315308,-0.008277831859356898
2022-08-12,2022-09-13,404.8563537597656,404.8563537597656,17.656390631348273,0.1894374416031499,0.24656388228181617,-2.189327871327521,-0.12399634313937581,4.625517619378244,-7.431837408805993,0.0,0.6892961124628038,0.07230419436262026,-0.024907203764734473
2022-08-15,2022-09-14,406.5246887207031,406.5246887207031,17.163445344474212,0.1833857015396206,0.24644096417465713,-2.7393867342521503,-0.15960587628369724,3.7569695795336187,-7.595283223336482,0.0,1.1655014028034265,0.06657449325275153,-0.02710283329415584
2022-08-16,2022-09-15,407.3209228515625,407.3209228515625,16.624842167802626,0.1772761594593807,0.2467469002225986,-3.4361292542609476,-0.20668642863363285,3.0533785086934784,-7.969186212064393,0.0,1.5443676448624533,0.06468919575263878,-0.029457196056793256
2022-08-17,2022-09-16,404.4297180175781,404.4297180175781,15.358506975464365,0.16492759890248262,0.24682272167369557,-5.212601868755712,-0.3393950907521796,2.7691543500316262,-10.45422692120254,0.0,2.544319014381557,0.07184831196626812,-0.033720343054672405
2022-08-18,2022-09-19,405.6052551269531,405.6052551269531,15.38570589816186,0.16474056607410395,0.24923010816137176,-5.453161325020119,-0.35443036290402585,2.2521514191804908,-10.121719159389437,0.0,2.4840265049623977,0.06762008977360882,-0.034976192703712855
2022-08-19,2022-09-20,400.1546630859375,400.1546630859375,15.985338914443076,0.1735047543945167,0.24840738345413102,-7.679909601380018,-0.4804345808671635,3.4509435814058445,-14.234188200021306,0.0,3.189643174374739,0.08630815713937567,-0.031602328357026116
2022-08-22,2022-09-21,391.8223876953125,391.8223876953125,16.949386672970093,0.1878994041349361,0.24575494978078288,-9.112963261249377,-0.5376574053727977,5.926199178731714,-16.20720283947222,0.0,1.2853946056502163,0.11735420615917433,-0.025089309267491075
2022-08-23,2022-09-22,390.87457275390625,390.87457275390625,16.96677037407116,0.1885489867189971,0.24610822574752594,-9.209291463898978,-0.5427839984192123,5.781491422876026,-15.684222313579976,0.0,0.8124362994112461,0.11899687260626604,-0.025018538387834646
2022-08-24,2022-09-23,392.12579345703125,392.12579345703125,16.401137248900426,0.18167344936357427,0.24810269730683795,-9.653603745866462,-0.5885935590541848,4.703310651341683,-15.327012813879017,0.0,1.082507378636299,0.11240896196560234,-0.028549706207269272
2022-08-25,2022-09-26,397.66162109375,397.66162109375,15.296713044021146,0.1670627632869024,0.23818054632747096,-8.607821913519729,-0.5627236314591239,2.4452024284405662,-13.199238744252225,0.0,2.225330097075459,0.07911569478358567,-0.028820005771796955
2022-08-26,2022-09-27,384.2011413574219,384.2011413574219,18.14826426479405,0.20520146500399894,0.2156430053620512,-4.136583472778284,-0.22793273298333397,7.126798714013367,-10.772881483569085,0.0,-0.38153456778287576,0.10896613543969298,-0.004394264521790238
2022-08-29,2022-09-28,381.6607666015625,381.6607666015625,17.50756326011725,0.1992682916158513,0.23155200132938913,-4.559341309646186,-0.2604212386330484,6.875189817771516,-10.671898171587737,0.0,-0.6494616943580479,0.11317126147202648,-0.01390847727614547
2022-08-30,2022-09-29,377.4709777832031,377.4709777832031,17.56677542658352,0.20216474901074857,0.23807710066801926,-3.7648426993899875,-0.2143160943295667,7.256757499915223,-9.953767421376646,0.0,-0.953579374495638,0.11425340343303879,-0.015810120119911217
2022-08-31,2022-09-30,374.5987548828125,374.5987548828125,17.46386352022941,0.20252180451977586,0.2410782841507421,-3.521049448360543,-0.20161915742652858,7.102332433610254,-9.467965790447773,0.0,-1.0427960164272734,0.11262007509577776,-0.01710365778311964
2022-09-01,2022-10-03,375.774169921875,375.774169921875,16.758012060152907,0.1937187732165533,0.26249671781988937,-4.6568012263103356,-0.2778850623567247,6.013323537215209,-9.62804684207464,0.0,-0.9317680979209646,0.11030982352991199,-0.031377563769688206
2022-09-02,2022-10-04,371.8118591308594,371.8118591308594,16.761559790416044,0.1958270560911277,0.28611699383865397,-4.0942322727862575,-0.24426320246921562,6.068331195465105,-9.074346284151796,0.0,-0.9802436581373962,0.10797352596204236,-0.04351469826595068
2022-09-06,2022-10-05,370.4089050292969,370.4089050292969,16.699408516464672,0.19583991164279874,0.2860199102331665,-4.352843670070797,-0.26065855361159285,5.867418853449037,-9.091129329317832,0.0,-1.0212292460354677,0.10790394816653222,-0.0434541180575294
2022-09-07,2022-10-06,377.0633544921875,377.0633544921875,18.08226404168107,0.20832892010335471,0.278614071811504,-3.6928729171938244,-0.2042262467067982,5.097629672384436,-8.147199620638563,0.0,-0.55700861811966,0.08629435082021782,-0.03422486205995595
2022-09-08,2022-10-07,379.5279846191406,379.5279846191406,18.355173295102077,0.2101017585410091,0.2897508426538136,-4.00916963958764,-0.21842178088601608,4.403255161781983,-7.95288893839876,0.0,-0.38054929536163473,0.07898656760917669,-0.03981280187657057
2022-09-09,2022-10-10,385.4239807128906,385.4239807128906,18.074610359615605,0.2037186549081251,0.28065069579642543,-4.249377661115602,-0.2351020341002789,2.904289587866375,-7.1254910822537925,0.0,0.032047766860601304,0.06022393358892215,-0.03726352269344196
2022-09-12,2022-10-11,389.5664367675781,389.5664367675781,18.657639414486226,0.2080585857631535,0.27432552242424196,-4.083396109614171,-0.218859203937864,2.0843891942805493,-6.395392304764117,0.0,0.27507615780548683,0.047469156936115274,-0.031966117143569776
2022-09-13,2022-10-12,372.6270446777344,372.6270446777344,21.145542512578857,0.24656388228181544,0.2368993811437446,0.620804779520995,0.029358659355828615,7.067223484336846,-6.277052822410352,0.0,-0.08874600375705284,0.08061987864847155,0.004672431259591776
2022-09-14,2022-10-13,374.0489501953125,374.0489501953125,21.21566014412116,0.24644096417465644,0.2582357284314557,0.07862649027106272,0.003706059096768198,6.196178379112228,-5.9897867473636115,0.0,-0.05212304314499608,0.07564209833269575,-0.005952542615190244
2022-09-15,2022-10-14,369.80224609375,369.80224609375,21.000804776030435,0.24674690022259788,0.265825360004417,-0.7835118699111376,-0.03730865927602022,6.991846801391526,-7.570806023451057,0.0,-0.11628016399170435,0.08827248385987622,-0.00977908925201721
2022-09-16,2022-10-17,366.98101806640625,366.98101806640625,20.846987029741,0.2468227216736949,0.2840156916275321,-1.587728718059111,-0.07616106422448504,7.388313138480952,-8.758617198163488,0.0,-0.12063432486275864,0.09679033351388863,-0.019743457156255154
2022-09-19,2022-10-18,369.8269958496094,369.8269958496094,21.21336623955395,0.24923010816137103,0.28611076331176183,-1.5862459708167762,-0.07477577829487048,6.25647777555219,-7.702373350047737,0.0,-0.05600224439235922,0.08434815192893863,-0.019743722068710293
2022-09-20,2022-10-19,365.58197021484375,365.58197021484375,20.900714542570768,0.24840738345413038,0.2846919630997133,-2.304682687851823,-0.11026812902293959,7.478295620473291,-9.598200116094525,0.0,-0.08572627155017398,0.09905192068021448,-0.01934328569904114
2022-09-21,2022-10-20,359.204833984375,359.204833984375,20.317058532188383,0.24575494978078227,0.280083482546515,-2.5972937936651874,-0.12783808195218252,11.014965396114343,-12.85253172324372,0.0,-0.6195341234730398,0.14019334306278244,-0.018051261853629146
2022-09-22,2022-10-21,356.1875305175781,356.1875305175781,20.175328781726137,0.24610822574752525,0.2922991185418633,-1.3689013153103815,-0.06785026058907491,12.641351930494684,-15.783507208186023,0.0,1.9347739136510684,0.16151995127006655,-0.024869515919755406
2022-09-23,2022-10-24,350.2197265625,350.2197265625,19.997903629264698,0.24810269730683726,0.2884304238231538,-5.249737624726151,-0.262514397611345,15.071126308243,-19.13637753298892,0.0,-0.9906138372018813,0.1938725627784165,-0.021637160975876014
2022-09-26,2022-10-25,346.7550964355469,346.7550964355469,19.008979083237904,0.23818054632747027,0.28949142544682943,-6.443195347775998,-0.3389553599676271,12.721732844762926,-18.491784536295413,0.0,-0.4908628195106193,0.1822808367328823,-0.027075312758384998
2022-09-27,2022-10-26,345.869873046875,345.869873046875,17.16806053617816,0.21564300536205042,0.2911343115641797,-9.316168937721272,-0.5426453918944053,10.344523394665094,-19.06983541945798,0.0,-0.406572041024996,0.18428487190348333,-0.038257281608371545
2022-09-28,2022-10-27,352.6753845214844,352.6753845214844,18.796000223904173,0.2315520013293884,0.28540725608935746,-5.823529747460043,-0.30982813779996965,11.649950042902569,-16.776827112048117,0.0,-0.5195337500502434,0.17711892826415937,-0.027840972508810985
2022-09-29,2022-10-28,345.3083190917969,345.3083190917969,18.92145391963652,0.23807710066801857,0.28330986189463847,-5.037430260278484,-0.2662284981732129,10.239918735540527,-14.763591856467846,0.0,-0.36955174839716604,0.14420539095404655,-0.023583771984269274
2022-09-30,2022-10-31,339.9685974121094,339.9685974121094,18.863462221144175,0.24107828415074142,0.27771673632862803,-4.350584743725619,-0.23063553724771804,8.503461145703236,-12.448520581765862,0.0,-0.2915371987051196,0.11398810895798243,-0.019007846547959083
2022-10-03,2022-11-01,348.9442138671875,348.9442138671875,21.07990456616494,0.2624967178198887,0.26666717298877013,-1.3352845050678184,-0.06334395399545902,11.672871360910523,-12.665801610268662,0.0,-0.2183349214734489,0.12401933423623024,-0.002206854283608381
2022-10-04,2022-11-02,359.7568359375,359.7568359375,23.68674091188163,0.2861169938386534,0.2623766414010575,3.523187085405624,0.14874089679590913,16.719948511014966,-13.677157350123087,0.0,0.5998322376026017,0.11943631308887381,0.013021432210368916
2022-10-05,2022-11-03,358.9192199707031,358.9192199707031,23.62358074120425,0.28601991023316586,0.26458463255637765,3.3978899146956394,0.14383466892337113,17.53012241242741,-13.499352060554127,0.0,-0.49184937788766925,0.14103105928990728,0.011802361264794892
2022-10-06,2022-11-04,355.2166748046875,355.2166748046875,22.77509547191545,0.2786140718115033,0.2670947090308853,3.733107476397336,0.16391182557283793,16.860100945517605,-13.79490182012296,0.0,0.8062556907619717,0.13834733975935165,0.0062862174190922715
2022-10-07,2022-11-07,345.3083190917969,345.3083190917969,23.02390540625038,0.28975084265381296,0.24730164870594776,2.930353095524538,0.127274371737517,12.70520159975737,-9.125770350476143,0.0,-0.5488817779664927,0.10019637579024691,0.022797445365914673
2022-10-10,2022-11-08,342.6717224121094,342.6717224121094,22.13120901882874,0.2806506957964249,0.24486136587998242,1.4942264472171018,0.06751671117225666,10.48829976581056,-8.363588917497792,0.0,-0.5394748877000195,0.0910095133956673,0.018807724550406794
2022-10-11,2022-11-09,340.50164794921875,340.50164794921875,21.495906276890366,0.27432552242424135,0.2565384538908411,0.4832045042358004,0.02247890821683009,8.893566379922357,-7.7764101446575635,0.0,-0.5511810415177228,0.08277068951133884,0.009442513928629728
2022-10-12,2022-11-10,339.3785095214844,339.3785095214844,18.504621998333192,0.23689938114374384,0.3110397336563144,-2.2703077852706883,-0.12268868747900859,6.197596845785821,-8.032048860577767,0.0,-0.3557809338107164,0.08007483666796808,-0.04062439912670217
2022-10-13,2022-11-11,348.3350524902344,348.3350524902344,20.701847707506232,0.25823572843145504,0.30200152122473467,-3.9057773082054155,-0.18866805337328557,11.50248796712912,-20.75462407560158,0.0,5.46981570827092,0.12345690800385778,-0.02451922738352967
2022-10-14,2022-11-14,340.3970031738281,340.3970031738281,20.824070976557664,0.26582536000441626,0.2895158478292058,-0.653560026739342,-0.0313848347652616,7.862671781653714,-10.19346982784563,0.0,1.7512656115348755,0.07402759208211017,-0.013156304122786344
2022-10-17,2022-11-15,349.1441345214844,349.1441345214844,22.81932564141863,0.28401569162753143,0.28011655573900834,-2.619011544576324,-0.11477164512796294,11.917929470332515,-16.84513745838647,0.0,2.4164624646437587,0.10826602116611156,0.002199628291580047
2022-10-18,2022-11-16,353.2464599609375,353.2464599609375,23.257585430997466,0.28611076331176116,0.2813934842628603,-3.6816680554868526,-0.1582996681409569,12.5164231995227,-17.350775467806876,0.0,1.2713992251541917,0.1187150123568504,0.0026770758972460007
2022-10-19,2022-11-17,350.7431335449219,350.7431335449219,22.978363726056557,0.2846919630997126,0.2799021867892889,-3.3722073692931644,-0.14675576596732232,11.011824476313214,-15.480443940598438,0.0,1.2015564710812465,0.10514437608915896,0.0027042796841421635
2022-10-20,2022-11-18,347.80206298828125,347.80206298828125,22.417194120621076,0.28008348254651444,0.27669558156539475,-3.3434165531717213,-0.14914518450354083,9.296602541996712,-13.693376945648513,0.0,1.1446203099327525,0.09126245945277202,0.0018863123375716384
2022-10-21,2022-11-21,356.2541809082031,356.2541809082031,23.962437123788987,0.2922991185418627,0.2677217710817459,-1.592221147147427,-0.06644654460320862,12.2263699290288,-13.859198963512059,0.0,0.14625843131137803,0.10565054397557892,0.013763827989203156
2022-10-24,2022-11-22,360.6134338378906,360.6134338378906,23.934929612749215,0.2884304238231532,0.2683008869196677,-0.42968238949038096,-0.01795210583203494,13.481480461851287,-13.512776326378118,0.0,-0.28668279492651083,0.11170373003701996,0.01120674346492348
2022-10-25,2022-11-23,366.3719482421875,366.3719482421875,24.40650218342978,0.28949142544682877,0.264357896501379,2.1079484279069334,0.08636831333160372,15.843233338199616,-12.687601639022553,0.0,-0.9303519854807655,0.11733128578943793,0.013920187964603023
2022-10-26,2022-11-25,363.61163330078125,363.61163330078125,24.35994907452408,0.291134311564179,0.2621854400273724,1.1678834255104107,0.04794276958205125,14.162409533882293,-12.214231162738894,0.0,-0.6724492089468374,0.10784573668620816,0.01601798240760159
2022-10-27,2022-11-28,361.6699523925781,361.6699523925781,23.753690437537273,0.2854072560893568,0.26877149575272147,-0.09379147363910079,-0.003948501134412564,12.492036322232819,-11.98214076787304,0.0,-0.5019499338159842,0.10173709418292919,0.009219184899300514
2022-10-28,2022-11-29,370.27435302734375,370.27435302734375,24.14026847647486,0.2833098618946378,0.2572377952024276,5.487401518511518,0.22731319346589263,16.64641974155076,-10.884327861265435,0.0,-0.16416932581753402,0.11052103595632913,0.014093194566152656
2022-10-31,2022-11-30,367.5997314453125,367.5997314453125,23.49321259225215,0.2777167363286273,0.2757234951124689,1.4992173920149412,0.06381491616473814,15.112916319752017,-14.285746685529492,0.0,0.7789844591951911,0.10693670140283819,0.0011031398799886405
2022-11-01,2022-12-01,365.99114990234375,365.99114990234375,22.460649774674607,0.26666717298876946,0.27485091178095733,-0.9836398786006839,-0.04379391907485162,12.813658146358748,-14.00484621516645,0.0,0.31759524086260793,0.11004705065549579,-0.004431642557001292
2022-11-02,2022-12-02,356.80621337890625,356.80621337890625,21.545001554389785,0.2623766414010568,0.25570642760376144,-1.7612139545975083,-0.08174582629531822,8.310890207822647,-10.120260688501336,0.0,0.12243010497180669,0.07427357889056287,0.0034557248350210734
2022-11-03,2022-12-05,353.1322021484375,353.1322021484375,21.502422468149774,0.26458463255637693,0.2625252132150075,-2.128559177457703,-0.09899159876570222,6.901776994066593,-9.081623193780725,0.0,0.11335473132711185,0.06206770907072412,0.0010855402114078594
2022-11-04,2022-12-06,358.2149353027344,358.2149353027344,22.01863945145857,0.26709470903088456,0.2665897908488627,-1.5670638093023967,-0.0711698746308592,8.376972756274165,-9.897935956065709,0.0,0.024369184061725578,0.07046979357267456,0.00026946700745252017
2022-11-07,2022-12-07,361.6413879394531,361.6413879394531,20.58348374808213,0.24730164870594698,0.26551945264855786,-2.694667249809072,-0.13091405142048163,8.328785718509339,-11.000298236608456,0.0,0.05472911562107011,0.07788384733093671,-0.009342474282110158
2022-11-08,2022-12-08,363.5926208496094,363.5926208496094,20.49053278130023,0.2448613658799816,0.2660829658784808,-2.3560760936844076,-0.11498364238896586,9.428136115965028,-11.56303020733035,0.0,-0.13324012266487467,0.08794187965425794,-0.010843056230078543
2022-11-09,2022-12-09,356.1018371582031,356.1018371582031,21.024469487838758,0.25653845389084035,0.2556498151974924,-2.1064465697111814,-0.10019023647324937,6.593843806176136,-8.650676941876613,0.0,0.007479846741393865,0.0570932807520263,0.0004551503141907859
2022-11-10,2022-12-12,375.6710510253906,375.6710510253906,26.886865027781766,0.31103973365631377,0.18249387611450119,15.211713440656212,0.5657674639619826,22.23107810927501,-7.809950334578836,0.0,0.8817828034674662,0.0911971375074026,0.06344170109369571
2022-11-11,2022-12-13,379.3070983886719,379.3070983886719,26.359038464794537,0.302001521224734,0.18131704483280955,15.447508714561588,0.5860421932762636,21.754395337003302,-7.498085389056443,0.0,1.292887342537775,0.10168857592306538,0.058329048075150394
2022-11-14,2022-12-14,376.0804443359375,376.0804443359375,25.05536197217731,0.28951584782920514,0.1801383149525594,13.511142618417182,0.5392515435786005,19.846730848075612,-7.209017828690184,0.0,0.9802367884651054,0.10680718943334493,0.05136961363031598
2022-11-15,2022-12-15,379.2879943847656,379.2879943847656,24.449468653023956,0.2801165557390077,0.1975738367410989,7.488884186310756,0.30630048826785106,20.297381020208533,-12.015318718485936,0.0,-0.6906138540621082,0.10256426134974012,0.0394298638344862
2022-11-16,2022-12-16,376.3945617675781,376.3945617675781,24.373450310681505,0.28139348426285965,0.19987314653461255,7.650942564828796,0.3139047802959526,19.309080306657172,-10.480616484071444,0.0,-1.0542115724676342,0.12330968528935456,0.03923301827994555
2022-11-17,2022-12-19,375.24285888671875,375.24285888671875,24.170219880473837,0.2799021867892882,0.20137567789545227,7.369132240592478,0.3048847828871308,18.154771533680183,-9.663497084439573,0.0,-0.996662239513147,0.12547996913499265,0.03779307052157262
2022-11-18,2022-12-20,376.94659423828125,376.94659423828125,24.002073735189498,0.2766955815653941,0.20047222253269095,6.654548595083156,0.27724890226159526,16.62005313361204,-9.15914737146681,0.0,-0.6838548132530143,0.12250235380903801,0.03637133285061488
2022-11-21,2022-12-21,375.5759582519531,375.5759582519531,23.13992776908728,0.26772177108174516,0.20826852099537457,6.3751936862694265,0.2755062051138324,15.521484225785043,-9.13692967306272,0.0,0.11069064669188283,0.12005151314473098,0.02829916987354559
2022-11-22,2022-12-22,380.6300964355469,380.6300964355469,23.502001820603937,0.26830088691966697,0.20664941261678965,5.185901766585516,0.22065787443004517,14.205130120697778,-8.639824362639787,0.0,-0.27462461490855244,0.10477937656407718,0.02928138618701575
2022-11-23,2022-12-23,383.0286560058594,383.0286560058594,23.302867396693443,0.26435789650137825,0.20637812404738837,4.070423647308701,0.17467479765542815,12.620247173754853,-8.217138428391618,0.0,-0.23090804827604922,0.10177704977856292,0.0272931673573142
2022-11-25,2022-12-27,382.9429626464844,382.9429626464844,23.10638048813078,0.26218544002737165,0.2063440700971153,3.5657931553536173,0.15432071488588547,12.016906806396207,-8.165740272569304,0.0,-0.18245094610746082,0.10292243236585243,0.026163329698103262
2022-11-28,2022-12-28,376.8323974609375,376.8323974609375,23.30828560971142,0.26877149575272075,0.20369190257297465,5.893576800557298,0.252853294285262,14.562733041044446,-8.187913767106249,0.0,-0.37314105117478813,0.10810142220607694,0.030747725755356593
2022-11-29,2022-12-29,376.18511962890625,376.18511962890625,22.27068684612604,0.25723779520242684,0.215165442325266,4.519240854134864,0.20292328141289367,13.374216980934381,-8.481833882499886,0.0,-0.2604592025518412,0.1126830417477185,0.019875115709578325
2022-11-30,2022-12-30,388.0351867675781,388.0351867675781,24.621418997782087,0.27572349511246813,0.18040597466645078,5.081806065193632,0.20639777364787157,9.90703620030982,-4.686314861807335,0.0,-0.0687031256077765,0.0702121477010863,0.043477130061683154
2022-12-01,2023-01-03,387.7496643066406,387.7496643066406,24.525515076795557,0.2748509117809566,0.18030088997013213,4.698037248455023,0.19155712871857275,9.57689446155569,-4.752380362322229,0.0,-0.05516660941646671,0.07131024136185506,0.043034612782801504
2022-12-02,2023-01-04,387.30230712890625,387.30230712890625,22.792472891775674,0.2557064276037607,0.18400240522140474,3.154081592991872,0.13838259709546374,8.227160514086563,-4.987706404523947,0.0,-0.010610699204455603,0.07476181736622063,0.031528891990615295
2022-12-05,2023-01-05,380.3349914550781,380.3349914550781,22.97872983884878,0.26252521321500677,0.1782434435838161,5.864177861152655,0.2552002613842666,11.43216771229576,-5.370404255070652,0.0,-0.1091925291335086,0.08839306693889017,0.03714876239296773
2022-12-06,2023-01-06,374.8526306152344,374.8526306152344,22.99780427562945,0.2665897908488619,0.1920252234796254,8.554405589104135,0.3719661880142687,14.473547247013842,-6.57495686102529,0.0,0.7572826997865996,0.10146749667103896,0.03419643013243987
2022-12-07,2023-01-09,374.21484375,374.21484375,22.86658618190276,0.2655194526485571,0.1919745509487134,9.624127412206434,0.420881688925793,16.120613240271386,-7.158696751230287,0.0,0.7767890730943166,0.11457814992890838,0.03364635152282919
2022-12-08,2023-01-10,377.1464538574219,377.1464538574219,23.094586632726134,0.26608296587848,0.19155443417821955,9.313400470165163,0.403272014272281,14.836489655059818,-6.545116038756353,0.0,1.1267227292274677,0.10469587536578387,0.034107043477350524
2022-12-09,2023-01-11,374.3290710449219,374.3290710449219,22.024134484267933,0.25564981519749164,0.19485791900819097,8.358201423789104,0.37950192457094983,16.616007628295602,-8.583254684301489,0.0,0.4386384618319694,0.11318998203696586,0.027387219410308916
2022-12-12,2023-01-12,379.7258605957031,379.7258605957031,15.954130656799407,0.18249387611450008,0.18872561397867582,3.614248430833584,0.22653997943117296,8.35739493618518,-7.0371182462860675,0.0,2.4048108501557275,0.11083910922111549,-0.002313342552333661
2022-12-13,2023-01-13,382.6003112792969,382.6003112792969,15.971367359285125,0.18131704483280842,0.18729592096035289,2.8641074325204556,0.17932762850485537,7.26333063856321,-5.9021770045275135,0.0,1.589427844055443,0.08647404557070226,-0.0022038912614840978
2022-12-14,2023-01-17,380.1541748046875,380.1541748046875,15.766218434954823,0.1801383149525582,0.18604745219772117,4.8492157462280545,0.3075699963332361,9.500667160504475,-6.813442595369889,0.0,2.2758972271937323,0.11390604610021333,-0.002163841955316291
2022-12-15,2023-01-18,370.8550109863281,370.8550109863281,16.86738375888399,0.19757383674109785,0.1732750749101953,3.3328478589269253,0.19759127476847302,10.62992755686446,-7.34250732513936,0.0,0.1719065274651771,0.12647890026345404,0.009011169379464189
2022-12-16,2023-01-19,366.4765930175781,366.4765930175781,16.86200502087786,0.19987314653461152,0.1698703721799428,2.8342218759494813,0.1680833253483356,9.861315711690061,-6.876879162399463,0.0,-0.03950917018026415,0.11070550316079694,0.011093331361094007
2022-12-19,2023-01-20,363.3690185546875,363.3690185546875,16.84456629724275,0.20137567789545122,0.177053693583861,1.8341123148670704,0.108884508066396,9.021315143942909,-7.04997933351822,0.0,-0.040211455728972945,0.0970120398287435,0.009204153236164775
2022-12-20,2023-01-23,363.8662109375,363.8662109375,16.792022779885713,0.20047222253268993,0.1803659985859683,1.128508785042925,0.06720505324675397,9.017890790573048,-7.644203204706334,0.0,-0.13910187177795155,0.10607692904577108,0.007657218561282833
2022-12-21,2023-01-24,369.306884765625,369.306884765625,17.705169495533085,0.2082685209953736,0.17493293257570583,2.125474333220268,0.12004823414746259,11.186656024843115,-8.530459002633307,0.0,-0.40191046249667833,0.12881222649284094,0.012774245938063936
2022-12-22,2023-01-25,364.0382995605469,364.0382995605469,17.317051190705712,0.20664941261678865,0.16505391362473107,1.7692029143536843,0.10216536839154455,8.731335156723434,-6.50913188750561,0.0,-0.3577600267385167,0.09524032812556335,0.015461185332023585
2022-12-23,2023-01-26,366.1323547363281,366.1323547363281,17.393824038666082,0.20637812404738737,0.16734427783446965,1.7256195845604907,0.09920875252759122,8.999862546842834,-6.7585971508295755,0.0,-0.4141453659850314,0.10150044546766432,0.014587822761378638
2022-12-27,2023-01-27,364.6885681152344,364.6885681152344,17.322378456195793,0.2063440700971143,0.1656339159466403,1.3170052890258717,0.07602912569750553,8.14535363261529,-6.290425847603834,0.0,-0.44508912122459854,0.092833374761077,0.015143281152424123
2022-12-28,2023-01-30,360.15625,360.15625,16.88745457959635,0.20369190257297362,0.1657755795906373,0.754323015322484,0.04466765620402421,6.25295841065122,-4.959552224655832,0.0,-0.4689964679793769,0.0700867026935309,0.014008848385186054
2022-12-29,2023-01-31,366.6391296386719,366.6391296386719,18.15872958006301,0.215165442325265,0.1624476113547956,2.8169598399189226,0.1551297863376821,8.552735300085212,-5.143624971632801,0.0,-0.5102593993381572,0.08189108919532954,0.019906941136148215
2022-12-30,2023-02-01,365.67340087890625,365.67340087890625,15.188159869847311,0.18040597466644964,0.16334058447388183,-0.023681386114105862,-0.0015592004770189408,5.995594199410177,-5.469969224921543,0.0,-0.46737636159496665,0.08192999900778927,0.0058661691590823455
2023-01-03,2023-02-02,364.1339111328125,364.1339111328125,15.115418821675803,0.18030088997013097,0.16515156664731948,-0.3600848266400476,-0.02382235192343324,5.290012926388108,-5.086343989705379,0.0,-0.49008115759289,0.07367260572982429,0.005233370957957263
2023-01-04,2023-02-03,366.94512939453125,366.94512939453125,15.544434276365138,0.1840024052214036,0.17249855132957853,-0.09577428398029042,-0.0061613232284633505,5.975746948530732,-5.48276688041573,0.0,-0.5086891856415037,0.08006516645374344,0.004101134916458374
2023-01-05,2023-02-06,362.75701904296875,362.75701904296875,14.886645822575076,0.17824344358381494,0.1676024317989028,-0.5936513595443103,-0.039878114023782225,4.3088683814557225,-4.314496167612992,0.0,-0.5290025529122909,0.0590210204748625,0.003680150035710754
2023-01-06,2023-02-07,371.0758056640625,371.0758056640625,16.403978177363626,0.1920252234796243,0.1567838245226905,1.727786213491754,0.10532726847174069,6.946881226605124,-4.615704819568523,0.0,-0.5263940273054395,0.07699616623947096,0.012292518820437852
2023-01-09,2023-02-08,370.8655090332031,370.8655090332031,16.390360400163587,0.1919745509487123,0.16395113717797652,1.3161153779498136,0.08029813535623523,6.50896793384766,-4.576395385052201,0.0,-0.5406637584702549,0.07579341237537653,0.009974252830008055
2023-01-10,2023-02-09,373.46630859375,373.46630859375,16.46922417447084,0.1915544341782185,0.16777206146909215,1.2224006210652192,0.07422332759062679,6.840348348920326,-5.033943080541291,0.0,-0.502971418834158,0.08103322847965211,0.008545636643748605
2023-01-11,2023-02-10,378.18988037109375,378.18988037109375,16.964806626448222,0.19485791900818988,0.16331332918901537,2.038885993524616,0.12018327343301291,8.19569124096627,-5.7158150268665615,0.0,-0.3498969499870397,0.09109327058794575,0.011298365109402589
2023-01-12,2023-02-13,379.5667724609375,379.5667724609375,16.49134634218342,0.18872561397867468,0.1669781363118187,1.6613590682928816,0.10074126355852892,8.32638779010788,-6.24090213844014,0.0,-0.32325980668545323,0.1008667766893223,0.007735659365459422
2023-01-13,2023-02-14,381.039306640625,381.039306640625,16.430058096348063,0.18729592096035177,0.16699697048330184,1.4460334496070573,0.08801146296180594,8.771631102976817,-6.842500599787237,0.0,-0.370187064522896,0.11290998905955894,0.007191773857785556
2023-01-17,2023-02-15,380.3412780761719,380.3412780761719,16.290772162000223,0.1860474521977201,0.16658401044606677,0.9645968098676008,0.05921123936148433,8.118375688299908,-6.629429680065386,0.0,-0.41441743712325824,0.10993176124352344,0.0068634219329676595
2023-01-18,2023-02-16,374.3365173339844,374.3365173339844,14.934188704768246,0.1732750749101941,0.16395286241593282,-0.028556342679337376,-0.0019121455637037582,5.00654752907748,-4.471276850972651,0.0,-0.4921518625209603,0.07167515826314004,0.003143710490755576
2023-01-19,2023-02-17,371.61126708984375,371.61126708984375,14.534542639111976,0.1698703721799416,0.1613401652092849,-0.4335457964128864,-0.029828650765124795,3.904837026458972,-3.73744626523576,0.0,-0.5438129094304375,0.05712364820573854,0.002825294434792531
2023-01-20,2023-02-21,378.5340881347656,378.5340881347656,15.43054129766574,0.17705369358385978,0.16789077925668258,1.452748862867395,0.09414762806066693,6.404479064312265,-4.70660646672452,0.0,-0.16275249543788017,0.08237123928247468,0.003160696652271193
2023-01-23,2023-02-22,383.07598876953125,383.07598876953125,15.907451020587928,0.1803659985859671,0.16260850642547486,2.785021378382595,0.1750765333036784,10.534088010889173,-7.543946348044733,0.0,-0.06966568565678266,0.1354545988050787,0.006090367083989391
2023-01-24,2023-02-23,382.6648254394531,382.6648254394531,15.412321128686699,0.1749329325757046,0.16369868491438405,4.012320877668799,0.26033203202603483,10.547557549977743,-7.653805680033889,0.0,1.2494075146059038,0.13083850688090337,0.0038042714568372257
2023-01-25,2023-02-24,382.80816650390625,382.80816650390625,14.548531315113337,0.16505391362472976,0.16789887594866387,-0.00143691894836806,-9.876728566239238e-05,10.313181127809175,-9.33989045122462,0.0,-0.8346780351297691,0.14004956040315625,-0.0009472381419850656
2023-01-26,2023-02-27,387.0154724121094,387.0154724121094,14.91224265841322,0.16734427783446837,0.16342019000231822,0.11197276435234471,0.0075087810007686325,9.906586642572625,-9.254219237907572,0.0,-0.38402765290604135,0.1563669874066013,0.0012979488235459503
2023-01-27,2023-02-28,387.9046325683594,387.9046325683594,14.793952615711873,0.16563391594663895,0.16329436696504293,-0.11943168069666399,-0.008073006842662314,9.324837485473715,-8.96506098326502,0.0,-0.32807707176499035,0.15113111114037017,0.0007695438293041541
2023-01-30,2023-03-01,383.0377502441406,383.0377502441406,14.620815582390122,0.16577557959063602,0.15825248821923346,1.9461272026832148,0.1331066103471824,10.25819094381262,-7.416793433090978,0.0,-0.7551524467693203,0.14011786126908493,0.0024376927610326726
2023-01-31,2023-03-02,388.6696472167969,388.6696472167969,14.538378205931451,0.16244761135479427,0.1515473502915274,0.5462891838754445,0.03757566188865318,8.235229274146276,-7.330663350162072,0.0,-0.2277902896421723,0.13048645046646104,0.003422627054495371
2023-02-01,2023-03-03,392.80035400390625,392.80035400390625,14.773539421385465,0.16334058447388053,0.1576993365080961,0.2695401990563937,0.018244795060161433,6.941483364190795,-6.632499507527557,0.0,0.07300214984375251,0.1124458074505387,0.0018110658011751754
2023-02-02,2023-03-06,398.5183410644531,398.5183410644531,15.154540818543069,0.16515156664731817,0.14785813752240423,0.4413422492647783,0.02912277280778793,5.282516248420633,-5.007569839708616,0.0,0.2513959026529081,0.08500006210017917,0.005413011134469375
2023-02-03,2023-03-07,394.282470703125,394.282470703125,15.65953435588628,0.1724985513295773,0.15246277271016678,1.610322608888623,0.10283336479180284,7.356641951479553,-5.95942533856096,0.0,0.3096412925584361,0.0965352965882737,0.006510853148330841
2023-02-06,2023-03-08,391.8728332519531,391.8728332519531,15.122664405805466,0.1676024317989015,0.15196154755537863,0.6983755964830607,0.046180724358001364,8.019372800329839,-7.334532696051172,0.0,0.13039422468452228,0.11685873247999268,0.004998263209479825
2023-02-07,2023-03-09,396.9979553222656,396.9979553222656,14.33291134726224,0.1567838245226891,0.15398410008054808,0.07853065833478468,0.005479044447573799,4.828405189518012,-5.030734712748012,0.0,0.36175489762673746,0.08089471606213604,0.0008700645543451221
2023-02-08,2023-03-10,392.656982421875,392.656982421875,14.823270065552038,0.16395113717797521,0.15682246513218762,0.5770231168980331,0.03892684369550708,6.793687025653099,-6.451168562143547,0.0,0.3345330512274717,0.10002839783916402,0.0022866898118150437
2023-02-09,2023-03-13,389.2529296875,389.2529296875,15.036742643139462,0.16777206146909088,0.15548233561332,0.42455842195994364,0.02823473354806994,7.984892445390391,-7.715966587224863,0.0,0.2670777881954951,0.11144522440113348,0.003972707921815331
2023-02-10,2023-03-14,390.1612854003906,390.1612854003906,14.671836848994104,0.163313329189014,0.16822658834907253,-0.3131519928693365,-0.021343748304480777,6.8700711901930225,-7.369264384320966,0.0,0.29159607693319106,0.10555487567458656,-0.0016289415367690546
2023-02-13,2023-03-15,394.7413635253906,394.7413635253906,15.176699400738926,0.1669781363118174,0.16127118112930788,0.2124161465486054,0.013996201739243992,5.189092763995225,-5.273215106942061,0.0,0.37273547927197087,0.07619698977658228,0.0018733041433258435
2023-02-14,2023-03-16,394.55975341796875,394.55975341796875,15.171425682416839,0.1669969704833005,0.1757398869845479,-0.2051552095435909,-0.013522474013853474,4.870107822949478,-5.369202789043917,0.0,0.3709526414681033,0.0770128849173433,-0.0029965197267413264
2023-02-15,2023-03-17,395.84100341796875,395.84100341796875,15.183105341711268,0.16658401044606547,0.17783116105515195,-0.5504986651251897,-0.03625731711238617,4.118214220245152,-5.000134802076564,0.0,0.4017558304839233,0.07033391377767698,-0.003873689305928546
2023-02-16,2023-03-20,390.3907775878906,390.3907775878906,14.737872988493677,0.1639528624159315,0.17775806330719593,-0.7274728715580636,-0.049360777645866855,5.278123548607446,-6.165614809051088,0.0,0.24723796756921185,0.0872195786835895,-0.0047173879763477145
2023-02-17,2023-03-21,389.4154968261719,389.4154968261719,14.46711887586548,0.16134016520928357,0.18472608602154872,-1.3770477191846453,-0.09518465500977401,5.216602731576191,-6.73923435862644,0.0,0.24154414867574436,0.09596024081016166,-0.008093077947081702
2023-02-21,2023-03-22,381.6034240722656,381.6034240722656,14.751660892361258,0.16789077925668128,0.18091628403796195,-4.325304535683145,-0.29320796941060956,10.491829402349776,-13.902513126641276,0.0,-0.7444117503267265,0.1702090610649056,-0.004543388070688846
2023-02-22,2023-03-23,381.0775451660156,381.0775451660156,14.268489676153308,0.16260850642547356,0.1812630700020528,-3.4324879952746983,-0.24056421339473363,9.838539827855518,-12.82066172505187,0.0,-0.24541844348946273,0.2049476545889414,-0.0064147741846458176
2023-02-23,2023-03-24,383.1046447753906,383.1046447753906,14.440420044673289,0.16369868491438275,0.18180823507823396,-2.243805363665331,-0.1553836631291771,8.892809262232078,-11.411539251290954,0.0,0.44797974695084947,0.1730551215574726,-0.006256974899564019
2023-02-24,2023-03-27,379.0121765136719,379.0121765136719,14.652196526652716,0.1678988759486626,0.17798431110697277,0.8648841352563892,0.05902760952483425,11.608727532932445,-11.168987770686186,0.0,0.6094003315868528,0.1842559585767662,-0.003488382455399279
2023-02-27,2023-03-28,380.3030090332031,380.3030090332031,14.310465107434112,0.16342019000231686,0.1777777934071183,1.7287335172326515,0.12080204970658819,11.224520119117154,-10.73598995809546,0.0,1.4133502298877398,0.17314687367687456,-0.004898785328310687
2023-02-28,2023-03-29,378.8974304199219,378.8974304199219,14.246612743471132,0.16329436696504157,0.1840994076235403,-2.357499424409113,-0.1654778905595996,11.465179837136603,-13.30378840588552,0.0,-0.34976459764590767,0.1691262580142906,-0.0072275416048247845
2023-03-01,2023-03-30,377.4440612792969,377.4440612792969,13.754407950198356,0.1582524882192321,0.18408471791903847,-2.9386639792632536,-0.21365252433281756,9.796611856813877,-12.138125238891536,0.0,-0.41081278652206427,0.18633781066352734,-0.008843333343753763
2023-03-02,2023-03-31,380.3795166015625,380.3795166015625,13.27496779448677,0.15154735029152597,0.1880928595705426,-3.7661655543138863,-0.2837043081850649,9.08909872744465,-12.40724794568782,0.0,-0.2555589451378285,0.19245739093287448,-0.012412324441041376
2023-03-03,2023-04-03,386.47998046875,386.47998046875,14.034531478167935,0.1576993365080947,0.18098568471815468,-2.5622490569602405,-0.18256748085577817,8.436980386673595,-10.737396597844965,0.0,-0.09538282657662334,0.16645001921217747,-0.007886737337806
2023-03-06,2023-04-04,386.7476806640625,386.7476806640625,13.169173794215908,0.14785813752240276,0.18239916823712388,-3.4432818847544695,-0.26146529300621796,7.2029304440856645,-10.529846158758575,0.0,0.05178102464117548,0.16814719472282524,-0.011407427742000851
2023-03-07,2023-04-05,380.8194274902344,380.8194274902344,13.370471626215107,0.15246277271016537,0.1733008468109612,-2.753712576816042,-0.20595478258350405,7.5021673954631645,-9.853332987880696,0.0,-0.2464688389982396,0.15607814540016537,-0.0067882864429246945
2023-03-08,2023-04-06,381.4408874511719,381.4408874511719,13.34833368643993,0.1519615475553772,0.17353496417201153,-2.7800101610110346,-0.20826645679641217,7.163964471326579,-9.569428661455193,0.0,-0.22273046755423825,0.15181550332822935,-0.0070220718547561595
2023-03-09,2023-04-10,374.4033203125,374.4033203125,13.27616276894625,0.1539841000805467,0.1575986726626991,-1.828996151436968,-0.13776542087259588,5.98110905552023,-7.262827184860626,0.0,-0.4302212218782089,0.11705680021831033,-0.0011262385474287637
2023-03-10,2023-04-11,369.0009460449219,369.0009460449219,13.325407015724181,0.1568224651321862,0.14552257798187,-1.0797636337560448,-0.08103044300875069,4.6706174809703525,-5.1509746686004725,0.0,-0.5169566604927784,0.0824497856330799,0.0034164648676463273
2023-03-13,2023-04-12,368.47503662109375,368.47503662109375,13.192878887972853,0.1554823356133186,0.14683416002467836,-1.4088010322205946,-0.1067849590815931,4.203471259374286,-4.991912351533835,0.0,-0.5414095901148077,0.07895034994630809,0.0026144861376197863
2023-03-14,2023-04-13,374.56591796875,374.56591796875,14.508533423894278,0.16822658834907123,0.14351140095843826,0.1812374025104191,0.012491779645483467,5.814671608505301,-5.037986264775599,0.0,-0.5077381892283569,0.08770975199076912,0.007704662822514235
2023-03-15,2023-04-14,372.2232971191406,372.2232971191406,13.822509978886927,0.16127118112930652,0.14106920968452286,-0.5468202807577427,-0.03956012920902054,4.673120607636531,-4.590368761609243,0.0,-0.5527343435349202,0.07683778325013674,0.0061078719418257155
2023-03-16,2023-04-17,378.75396728515625,378.75396728515625,15.325084222040402,0.17573988698454665,0.13098777765040973,2.0249073518937166,0.13213025928963656,6.934678113728185,-4.410378622539996,0.0,-0.4170474069654917,0.08234473232899135,0.013726709983548052
2023-03-17,2023-04-18,374.3253479003906,374.3253479003906,15.325895029904814,0.1778311610551507,0.12089291962941365,1.5396796205982355,0.10046262339614877,5.4966554173430895,-3.3449739985250573,0.0,-0.5492769149383503,0.0627248832816346,0.017008823825699085
2023-03-20,2023-04-19,377.9247131347656,377.9247131347656,15.466910595423514,0.1777580633071947,0.1187803754420028,2.1556458646722945,0.1393714569805638,6.283592058925536,-3.5655846208043145,0.0,-0.49513226465993176,0.06722930878888654,0.017489151480581496
2023-03-21,2023-04-20,382.8870849609375,382.8870849609375,16.2834778012502,0.18472608602154755,0.11514586951579535,4.137518933056526,0.25409307419198,8.110731192019854,-3.470604877976664,0.0,-0.42933922440225536,0.0732681565843923,0.02086515559029162
2023-03-22,2023-04-21,376.3601989746094,376.3601989746094,15.676196220809032,0.18091628403796076,0.09304672901554274,2.866369106892762,0.18284850907185388,5.489399084679635,-2.0282240483150256,0.0,-0.5483766041469239,0.04642932532490538,0.024073008049612245
2023-03-23,2023-04-24,377.3775939941406,377.3775939941406,15.74866521735359,0.18126307000205163,0.09315184320040644,2.893452368492433,0.18372683199234643,5.580827431120842,-2.0902454260158714,0.0,-0.5491757471103826,0.047953889502159626,0.024179034654935563
2023-03-24,2023-04-25,379.8539733886719,379.8539733886719,15.899626272544225,0.1818082350782328,0.11120375433701801,3.5427173758772597,0.2228176508774229,6.270528153342302,-2.1573225223514116,0.0,-0.5197102538019688,0.05077800131158816,0.020687959363614103
2023-03-27,2023-04-26,380.5642395019531,380.5642395019531,15.594733901176141,0.17798431110697158,0.1127647298245945,3.5061297442439923,0.22482780190174087,6.330287986595345,-2.318828159288935,0.0,-0.45251549226286214,0.05281459079947285,0.018962530707809455
2023-03-28,2023-04-27,379.71002197265625,379.71002197265625,15.541698623105333,0.17777779340711705,0.12938751485594496,2.9382333985053606,0.18905484334493436,6.198058796616817,-3.1024244627343283,0.0,-0.10455202639325123,0.05284890898395891,0.014863814828106212
2023-03-29,2023-04-28,385.22906494140625,385.22906494140625,16.327566157107185,0.18409940762353907,0.1237036567500899,3.6965546451050955,0.2263996121366828,9.917697177092807,-6.044087603913319,0.0,-0.0870265694872923,0.0900283585871275,0.01858999719399393
2023-03-30,2023-05-01,387.48468017578125,387.48468017578125,16.42185941045787,0.18408471791903724,0.12308977645214227,3.772457779169258,0.2297217193789187,10.469580961410283,-6.138890595900388,0.0,-0.45473152875204964,0.1035010575885799,0.01873609030429315
2023-03-31,2023-05-02,392.9461364746094,392.9461364746094,17.015477421493642,0.18809285957054145,0.12158929256901038,7.760665760770337,0.4560945055216144,12.71253202092884,-6.077046018836874,0.0,1.2333038283333935,0.10812406965504796,0.020594967753991028
2023-04-03,2023-05-03,394.4435119628906,394.4435119628906,16.43569893541209,0.18098568471815346,0.12319168450856947,6.660371647572524,0.40523811453020686,13.299266115594143,-6.5741875078591665,0.0,0.0523039121950003,0.11701087235743673,0.017579626940839928
2023-04-04,2023-05-04,392.2550048828125,392.2550048828125,16.471998673282116,0.18239916823712268,0.12412928162504844,6.512917978609806,0.3953933039816157,13.223032065467839,-6.44582327212876,0.0,-0.15064724989972178,0.11364356482956166,0.017861378016843593
2023-04-05,2023-05-05,391.22802734375,391.22802734375,15.610395394236662,0.17330084681095992,0.1397006046126339,1.0092099758948336,0.064649866349153,12.24707707238938,-10.23543076464668,0.0,-0.8797478465494403,0.12268848529845723,0.010516924576260328
2023-04-06,2023-05-08,392.7541809082031,392.7541809082031,15.692433403339152,0.17353496417201023,0.1391820722344074,3.2858204549283414,0.2093888417732052,12.303961712172992,-8.513571167916384,0.0,-0.35117261420425516,0.15339747512399848,0.010742734558717073
2023-04-10,2023-05-09,393.1572570800781,393.1572570800781,14.267908700975624,0.15759867266269773,0.14014400117657752,3.032151950976669,0.2125155139778357,11.136387977114742,-8.636633907872094,0.0,0.6865450811781746,0.15414719944422872,0.005197000559263587
2023-04-11,2023-05-10,393.26287841796875,393.26287841796875,13.179855483513876,0.14552257798186843,0.14101306535093966,0.9268255912312497,0.07032137737705672,10.530081517609348,-8.973598849586205,0.0,-0.4727644118054884,0.1568926649864149,0.0012921361028205985
2023-04-12,2023-05-11,391.659912109375,391.659912109375,13.244235342454544,0.14683416002467686,0.14031479694124843,0.8194580034248133,0.06187280595943743,9.702471084419688,-8.403066427075276,0.0,-0.3267799411570165,0.15316671276249982,0.001872028309488634
2023-04-13,2023-05-12,396.86224365234375,396.86224365234375,13.116984810162421,0.14351140095843673,0.13252529190156445,3.7331547059772845,0.2846046374228483,10.476972523297821,-6.770888171302266,0.0,0.1667753289801584,0.13970497499844262,0.003032569211458329
2023-04-14,2023-05-15,395.892822265625,395.892822265625,12.862666151874521,0.14106920968452127,0.13284744684551522,4.5010549408130345,0.3499317239262313,10.543433058523606,-7.005403768253262,0.0,1.100617659351202,0.13759200880849115,0.0022520777876434382
2023-04-17,2023-05-16,397.3133544921875,397.3133544921875,11.988015088979637,0.13098777765040803,0.1341871515788533,1.2445226932674558,0.10381390780960251,9.472249663833525,-7.517371710026578,0.0,-0.5713591350224729,0.1389961255171155,-0.0008483937550534185
2023-04-18,2023-05-17,397.57244873046875,397.57244873046875,11.07331403976832,0.12089291962941182,0.1409952318275587,-0.97154685407952,-0.08773767731957569,8.05137176676786,-8.802235343371564,0.0,-0.05796707860496608,0.16271619887078767,-0.005264557381583594
2023-04-19,2023-05-18,397.5053405761719,397.5053405761719,10.878440499323517,0.11878037544200094,0.1447461683694067,-3.168229413736043,-0.2912393016198472,8.334622102412256,-10.57510612602228,0.0,-0.7378455881816651,0.18989980194438852,-0.006842675667481934
2023-04-20,2023-05-19,395.3360900878906,395.3360900878906,10.48885139227093,0.11514586951579343,0.14329106874507788,-3.627730207450327,-0.3458653451915187,7.403461959332862,-10.312024106712759,0.0,-0.5207717683639252,0.19839629170648063,-0.007273759115558508
2023-04-21,2023-05-22,395.64324951171875,395.64324951171875,8.48817682213064,0.09304672901554034,0.1432966967171866,-6.9582062972480685,-0.819752750567874,5.395231811920533,-11.424857604798877,0.0,-0.705282628874213,0.22329787549555696,-0.011876249509565956
2023-04-24,2023-05-23,396.0559997558594,396.0559997558594,8.506593626839845,0.09315184320040407,0.14922706760031268,-6.5513426780749455,-0.7701487769915648,5.17097969577506,-10.98238350348272,0.0,-0.5249395110611069,0.21499935930624928,-0.013591451812955626
2023-04-25,2023-05-24,389.7690124511719,389.7690124511719,9.988045988670109,0.11120375433701604,0.1400928519095827,-3.0390389210474495,-0.3042676139551989,4.720441337654518,-7.427374118594096,0.0,-0.20665006660252797,0.12545607350528815,-0.007259732177512855
2023-04-26,2023-05-25,388.1181640625,388.1181640625,10.084965933854164,0.11276472982459254,0.14158793344850257,-2.8625535568606324,-0.28384365159344194,4.1846305084196675,-6.7627713424319005,0.0,-0.1786091822746337,0.10580354057392766,-0.00733125860580424
2023-04-27,2023-05-26,395.8448486328125,395.8448486328125,11.798093332763898,0.12938751485594327,0.1319678785503195,-0.9082464283434888,-0.07698247528024234,9.123712755270718,-9.909699802744406,0.0,0.05056682715977616,0.1728262080295253,-0.0006743919684749355
2023-04-28,2023-05-30,399.2234191894531,399.2234191894531,11.377209716833619,0.12370365675008811,0.12901866543781407,-1.2217610534307823,-0.10738670410751729,8.230447240643928,-8.882649017102652,0.0,-0.3763395010169357,0.1932197759551651,-0.0013432213380109772
2023-05-01,2023-05-31,398.8203430175781,398.8203430175781,11.309449165190017,0.12308977645214048,0.1306356768722414,-0.5380689495439128,-0.047576936921036365,7.960678583750339,-8.531300487679555,0.0,0.21661137383920745,0.1840584194539217,-0.001914587004830751
2023-05-02,2023-06-01,394.33782958984375,394.33782958984375,11.046338323267179,0.12158929256900859,0.12721689000613057,-1.058819858852189,-0.09585256470209412,6.54612457230579,-7.289656792948009,0.0,-0.16889919513631735,0.1463884430737635,-0.0014001810353999576
2023-05-03,2023-06-02,391.6311340332031,391.6311340332031,11.114756287101017,0.12319168450856771,0.131303464209684,-0.8333701208457569,-0.07497871292174944,5.490929032080124,-5.939182064534462,0.0,-0.2700864893721868,0.11503059901930138,-0.0020644085814052835
2023-05-04,2023-06-05,388.85723876953125,388.85723876953125,11.119832699237094,0.12412928162504673,0.12781860168603476,-0.7024409789555648,-0.06317010318003774,4.40580822621922,-4.671749267864433,0.0,-0.35036457375959046,0.08613536355067854,-0.000929516380223044
2023-05-05,2023-06-06,396.0559997558594,396.0559997558594,12.743354123099863,0.1397006046126323,0.1141286747397927,1.4960186830035695,0.11739599076916007,7.414526657839207,-5.651612984708436,0.0,-0.14794952502392247,0.11894546510314612,0.006490904531273628
2023-05-08,2023-06-07,396.16156005859375,396.16156005859375,12.699525207485493,0.13918207223440585,0.11546123024858074,1.0936326211027563,0.08611602427924907,6.965579466325243,-5.566437408133344,0.0,-0.18820307425128774,0.11730636283792344,0.006040353540947592
2023-05-09,2023-06-08,394.4242248535156,394.4242248535156,12.731056196707272,0.140144001176576,0.11432038392237741,0.9450432353107772,0.07423133011974299,6.207132859499391,-4.87319070418481,0.0,-0.2869665989393239,0.10193232106442313,0.006571190885620366
2023-05-10,2023-06-09,396.2671203613281,396.2671203613281,12.869712411440133,0.14101306535093813,0.11393026073010727,0.8983803636226071,0.06980578391355657,6.370055459857228,-5.088387363275322,0.0,-0.27776688224002355,0.10552085071937349,0.006904580289637724
2023-05-11,2023-06-12,395.57598876953125,395.57598876953125,12.78376470079101,0.14031479694124688,0.11565603718613308,0.5919995991515066,0.04630870584741566,5.8563610418988885,-4.832291253850595,0.0,-0.33262573445236343,0.09944445444439383,0.006311923303063146
2023-05-12,2023-06-13,395.0577392578125,395.0577392578125,12.059584848355314,0.13252529190156281,0.11565798586419508,-0.2269029361827961,-0.018815153177826113,5.0196285104281415,-4.7950424378534215,0.0,-0.35421281471127203,0.09727619404624184,0.004186183299432079
2023-05-15,2023-06-14,396.42071533203125,396.42071533203125,12.130548656680816,0.13284744684551364,0.11576711288126731,-0.2989034691899519,-0.02464055647024118,5.082180384031843,-4.9107162765771735,0.0,-0.3713892451855497,0.09897833145904839,0.004246419708507485
2023-05-16,2023-06-15,393.77166748046875,393.77166748046875,12.170757576940332,0.1341871515788517,0.11503365152882518,-0.3567068951343231,-0.02930852026912177,4.294564620516206,-4.123071868713061,0.0,-0.4473653075861552,0.08083433935142195,0.004773450664790539
2023-05-17,2023-06-16,398.5516052246094,398.5516052246094,12.94227245109488,0.1409952318275572,0.11318596343953545,0.8095699730998831,0.06255238221564373,5.474215905446116,-4.13414625191758,0.0,-0.442663256158029,0.08783642427075528,0.00706859307837074
2023-05-18,2023-06-20,402.390869140625,402.390869140625,13.413944988837898,0.1447461683694052,0.11373198290177049,1.6161835516426208,0.12048532724619718,6.192139863306316,-4.057811500467392,0.0,-0.4268840029587066,0.09126080823758535,0.008016489322855588
2023-05-19,2023-06-21,401.80535888671875,401.80535888671875,13.260009968282418,0.14329106874507638,0.11590574567237084,1.1393416758381818,0.08592313871282571,5.652010206166913,-3.9742343947571896,0.0,-0.4506669774354543,0.08776715813615325,0.007098188502237894
2023-05-22,2023-06-22,401.96856689453125,401.96856689453125,13.26591610762867,0.1432966967171851,0.11588168232220536,0.8555072913140975,0.06448912267899322,5.353968380686192,-3.9476658706827163,0.0,-0.4637892146111753,0.0870060040781693,0.007105378992232403
2023-05-23,2023-06-23,397.4573059082031,397.4573059082031,13.658940571849314,0.1492270676003112,0.11108837098955505,0.958835567347478,0.07019838488232467,4.470230458457171,-2.892641540169108,0.0,-0.5550056708763805,0.0637476800640869,0.009928091535474833
2023-05-24,2023-06-26,394.57781982421875,394.57781982421875,12.731374038869319,0.14009285190958112,0.108135907556007,0.2152660565789688,0.016908312953633615,3.2845125684500474,-2.4322658382514137,0.0,-0.5864651360563119,0.050515537563502785,0.007932632653198539
2023-05-25,2023-06-27,397.99481201171875,397.99481201171875,12.978422625266973,0.14158793344850104,0.11004102854883714,0.5525735372944496,0.042576324816135575,3.7051348367238255,-2.519500733672134,0.0,-0.5794130266819818,0.05364753907541825,0.00793811493413117
2023-05-26,2023-06-28,403.14910888671875,403.14910888671875,12.254925066675355,0.13196787855031786,0.1036337949559855,0.9811756801841511,0.08006378454750804,4.107000602797029,-2.5979331284442257,0.0,-0.46779525302987335,0.06009654113873882,0.006675557512092199
2023-05-30,2023-06-29,403.3027648925781,403.3027648925781,11.986180658516616,0.1290186654378124,0.10366639281347544,0.5822852026365126,0.048579711855317134,3.8423333328274323,-2.7287925207602743,0.0,-0.4695284899910371,0.061727119439487145,0.005899095032396379
2023-05-31,2023-06-30,401.0662841796875,401.0662841796875,12.068789471002503,0.13063567687223976,0.1047271966543632,0.36049725795749055,0.02987020850961497,3.243082442762882,-2.2856687442239876,0.0,-0.5471479027798974,0.04976853780143669,0.0060978943527865755
2023-06-01,2023-07-03,404.8768310546875,404.8768310546875,11.865276358361996,0.12721689000612885,0.10218705392288535,0.6535934009012294,0.05508454933210322,3.8751620593289124,-2.684109926935914,0.0,-0.4772756512736894,0.06018308021809028,0.005741943113392805
2023-06-02,2023-07-05,410.73187255859375,410.73187255859375,12.422693933631365,0.1313034642096823,0.09358415131218525,2.1975825168973415,0.1769006407658432,5.907942567734721,-3.2656851191894436,0.0,-0.35778025850023554,0.08689467314775509,0.008482606336641337
2023-06-05,2023-07-06,409.9447937011719,409.9447937011719,12.070497466034652,0.12781860168603307,0.0987151438061486,1.5776877070440491,0.13070610482157238,5.146185103852857,-3.0878857202256698,0.0,-0.39994050138634707,0.08067117519659159,0.006592915320304177
2023-06-06,2023-07-07,410.83740234375,410.83740234375,10.804084313177867,0.11412867473979078,0.09968364837603949,0.49744190096907914,0.0460420232339675,4.346726342309836,-3.402919205359259,0.0,-0.36010385089769664,0.0862613850837334,0.0030885246443030784
2023-06-07,2023-07-10,409.4168395996094,409.4168395996094,10.892107155103446,0.11546123024857885,0.09820087514663178,0.3454156954397831,0.03171247679820522,3.808712675560747,-2.956368600803745,0.0,-0.4335654557735325,0.07336292354371785,0.003687883810950976
2023-06-08,2023-07-11,411.8932189941406,411.8932189941406,10.849996728578844,0.11432038392237551,0.09838687178368237,0.37020321129267586,0.034120121927554335,4.271284074453668,-3.428327999963077,0.0,-0.38801849909193165,0.08473436410591141,0.0033891736407805784
2023-06-09,2023-07-12,412.6322937011719,412.6322937011719,10.83247070648622,0.11393026073010536,0.10084332220835951,0.2540514364105775,0.02345276929837047,4.348764426221362,-3.5998338959273823,0.0,-0.405879577092513,0.08899951679088734,0.0028107286760107736
2023-06-12,2023-07-13,416.3756103515625,416.3756103515625,11.095879217904326,0.1156560371861312,0.09991598401134474,1.0833600436138227,0.09763625057000543,5.722156223778707,-4.146616054976229,0.0,-0.38302250505347857,0.10915762013524279,0.0033931150766444637
2023-06-13,2023-07-14,419.1207580566406,419.1207580566406,11.169221605100518,0.1156579858641932,0.09875745761613033,1.3134266918056596,0.1175933953361506,6.435044167814127,-4.642813143863386,0.0,-0.3545754572626806,0.12422887488236936,0.0036237342593601323
2023-06-14,2023-07-17,419.6199645996094,419.6199645996094,11.193048899952828,0.11576711288126543,0.09897229246366558,1.033741916828319,0.09235570451520815,6.218736996506054,-4.69303675754093,0.0,-0.3669805650127731,0.12497775712411767,0.003606509749350296
2023-06-15,2023-07-18,424.8221740722656,424.8221740722656,11.260204857745151,0.11503365152882328,0.09360654142355536,1.7827988708837665,0.15832739221058637,6.736494300829361,-4.571531997208628,0.0,-0.24517670316559154,0.13698672957140348,0.00447055638677496
2023-06-16,2023-07-19,423.3751220703125,423.3751220703125,11.04207582564942,0.11318596343953352,0.09197183381346664,1.3199793864343405,0.11954087322677015,6.079639564112651,-4.324670822955573,0.0,-0.30874023147401214,0.12624912324865573,0.004352244104723492
2023-06-20,2023-07-20,421.1785888671875,421.1785888671875,11.037637455688383,0.11373198290176856,0.09346851239413617,1.1077795691541041,0.10036382999544854,5.424244646545218,-3.8128921385249783,0.0,-0.3950047627495729,0.10856817611665416,0.004198601125595388
2023-06-21,2023-07-21,419.0206298828125,419.0206298828125,11.190412324651675,0.11590574567236897,0.0904439569146485,0.9950765565137658,0.08892224233075699,4.8239446551780905,-3.2630422296421284,0.0,-0.475094383344645,0.09073148567760812,0.005254032537489083
2023-06-22,2023-07-24,420.53314208984375,420.53314208984375,11.228479997646645,0.11588168232220351,0.09070044223836252,0.9180725564655177,0.08176285273322255,4.838060879701065,-3.3582945397537003,0.0,-0.4688767118822407,0.0928170715997035,0.005201994075589559
2023-06-23,2023-07-25,417.3539123535156,417.3539123535156,10.68385819988606,0.1110883709895531,0.08389895086075747,0.45117682884546184,0.042229765727354325,3.720640153112173,-2.6597433260989183,0.0,-0.5383766220359362,0.07134337613192149,0.005301592213576786
2023-06-26,2023-07-26,415.64874267578125,415.64874267578125,10.358212363337174,0.10813590755600498,0.08100768077282526,0.07511116156774733,0.007251363356248884,3.042194418356728,-2.3248183709248367,0.0,-0.5828970030741372,0.059367882790147326,0.0051311301587688915
2023-06-27,2023-07-27,420.20556640625,420.20556640625,10.655725328929748,0.11004102854883517,0.08112077915594652,0.8249073915546319,0.07741447588884923,3.7642450302589183,-2.3278507009507785,0.0,-0.5436357074583447,0.06785123029515441,0.00552844715321771
2023-06-28,2023-07-28,420.41754150390625,420.41754150390625,10.042154973480166,0.1036337949559834,0.08552747574194657,0.2648569796939455,0.026374516266019922,3.2911860510845914,-2.401829227414034,0.0,-0.5553904539334921,0.06910939004298643,0.0034250143501895524
2023-06-29,2023-07-31,422.07452392578125,422.07452392578125,10.084895035742022,0.10366639281347333,0.08529461153213515,0.25362842400249974,0.02514933701378265,3.400506400024556,-2.518849787597929,0.0,-0.55567370933349,0.07235447909061993,0.0034715502425395114
2023-06-30,2023-08-01,427.0553283691406,427.0553283691406,10.307990231315245,0.10472719665436112,0.07928635524551768,1.3329548533268962,0.1293127780891211,4.399700147041148,-2.5786769725171776,0.0,-0.40332585579014657,0.08474246540682197,0.004681459590962798
2023-07-03,2023-08-02,427.54669189453125,427.54669189453125,10.070330996307035,0.10218705392288321,0.09559362885460605,0.9433846566654438,0.09367960765255871,4.19429504379456,-2.7581327867034107,0.0,-0.4043339650606239,0.08844363536516262,0.0013040521118460706
2023-07-05,2023-08-03,426.91082763671875,426.91082763671875,9.211690161698755,0.09358415131218295,0.096106092403463,0.1388812751271189,0.01507663335275569,3.389254054679533,-2.7174389647683017,0.0,-0.447889187947023,0.08504462683694466,-0.0004783876202414158
2023-07-06,2023-08-04,423.56787109375,423.56787109375,9.6387711320518,0.09871514380614639,0.0930527468712651,0.44991992093184763,0.0466781413074255,2.8245557482513175,-1.746207821304419,0.0,-0.5707960086111853,0.05763199740385331,0.0010858659163804265
2023-07-07,2023-08-07,422.4984130859375,422.4984130859375,9.708435764512899,0.09968364837603731,0.09611054756413512,0.2870956266202711,0.029571769704619923,2.560971774149927,-1.6237821654006108,0.0,-0.5988702705434875,0.051223711585615284,0.0006995924004795685
2023-07-10,2023-08-08,423.56787109375,423.56787109375,9.588731966218148,0.09820087514662956,0.0979468298417685,0.05457935066846176,0.005692030068287347,2.7717602629123825,-2.098242625510607,0.0,-0.5609318423503221,0.05800644438296764,4.9830403511575555e-05
2023-07-11,2023-08-09,426.2653503417969,426.2653503417969,9.668010445382265,0.09838687178368016,0.09935300925699392,0.12422250856945993,0.012848818200107796,3.881618400247776,-3.2686915750542496,0.0,-0.40186505753643237,0.08683925908772286,-0.00019104390904199978
2023-07-12,2023-08-10,429.69500732421875,429.69500732421875,9.988280638894594,0.10084332220835733,0.0953749719990906,2.6807230846108503,0.26838684069128504,6.877317422461976,-4.929931386150339,0.0,0.8848324039548527,0.15149535565567668,0.001072990350191259
2023-07-13,2023-08-11,433.1054992675781,433.1054992675781,9.97528876908072,0.09991598401134259,0.09092539110097274,0.9341760919240869,0.0936490274667183,7.042723572861509,-5.388612233659132,0.0,-0.5470536657364755,0.17288158154180167,0.0017157771140900169
2023-07-14,2023-08-14,432.83575439453125,432.83575439453125,9.853879738130303,0.09875745761612816,0.09319900408408827,1.6164002423519719,0.1640369362432133,6.883340684509452,-5.465778010616231,0.0,0.3658476489166476,0.16701008045793023,0.001066981072535448
2023-07-17,2023-08-15,434.3385925292969,434.3385925292969,9.909528759431652,0.09897229246366339,0.10039305446331279,-0.47366363103662934,-0.047798804820643734,6.75963383219501,-7.603494989706587,0.0,0.5300150862120481,0.15981755973706624,-0.0002832507089607656
2023-07-18,2023-08-16,437.56597900390625,437.56597900390625,9.443852435455511,0.09360654142355306,0.0981099454882815,-0.7491499164145239,-0.07932672831713826,4.691789927624585,-5.545194251955805,0.0,0.2466540732955363,0.14239966537880988,-0.0008633768064342136
2023-07-19,2023-08-17,438.5390625,438.5390625,9.300206302961755,0.09197183381346428,0.09927971451576043,-1.1068002649420805,-0.11900814120538461,4.015893425694559,-5.271736611868957,0.0,0.28199156079129717,0.1329486395589876,-0.0013976434993193988
2023-07-20,2023-08-18,435.6296081542969,435.6296081542969,9.388249866375673,0.09346851239413384,0.09815257931199144,-1.2647201152825005,-0.134713086388139,4.709451049420107,-5.973871892537843,0.0,0.14647532362590754,0.14677459579061158,-0.0008975660164244181
2023-07-21,2023-08-21,435.6296081542969,435.6296081542969,9.085647730923341,0.0904439569146461,0.10204533282368491,-1.7921451044646801,-0.1972501199188086,4.169342536241932,-5.96067679324128,0.0,0.14644472030325173,0.14725556776862073,-0.0022331406087182665
2023-07-24,2023-08-22,437.57562255859375,437.57562255859375,9.15200861818181,0.09070044223836013,0.09988467449007854,-1.628172070699918,-0.17790324928948548,3.4278974336445156,-5.196248527152695,0.0,0.2659761511074958,0.12579712829918782,-0.0017503779757548441
2023-07-25,2023-08-23,438.770263671875,438.770263671875,8.491754098794019,0.08389895086075488,0.10838709279271308,-2.195795237834602,-0.2585797012358665,2.4925598038509826,-4.947294843115718,0.0,0.3753437066415537,0.11640390521142163,-0.0047087279285208325
2023-07-26,2023-08-24,438.8376770019531,438.8376770019531,8.2017964432452,0.08100768077282258,0.11668058799355978,-2.5949609604043644,-0.3163893396234566,2.0890371156181176,-4.979507066664042,0.0,0.41238398386196284,0.11687499322049408,-0.0070521152703313175
2023-07-27,2023-08-25,435.92822265625,435.92822265625,8.158736176118254,0.08112077915594387,0.11937925714867356,-2.8027398843220226,-0.34352623051178305,2.439050473209989,-5.431840853240689,0.0,0.3166605759184485,0.12661008020979386,-0.007670826226501709
2023-07-28,2023-08-28,440.1961364746094,440.1961364746094,8.683933527225264,0.08552747574194404,0.11591652151961818,-1.5055236779175516,-0.17336886253188588,1.5990150063023687,-3.513291819695559,0.0,0.49057274016081254,0.0818196046851367,-0.006121690854419278
2023-07-31,2023-08-29,441.03424072265625,441.03424072265625,8.676887510290612,0.08529461153213261,0.12791934020445828,-1.6156294392053496,-0.18619919150608394,1.2134134709863753,-3.3049298960634057,0.0,0.5502697892651501,0.07438280339331592,-0.009088186841926527
2023-08-01,2023-08-30,439.7721862792969,439.7721862792969,8.045513267614922,0.07928635524551496,0.12885228942147348,-2.185152779069881,-0.2715989280467206,0.992260608322136,-3.694205604721717,0.0,0.5965095126614206,0.07971729533173452,-0.010316586361037168
2023-08-02,2023-08-31,433.65460205078125,433.65460205078125,9.55735866357702,0.09559362885460382,0.11934992113492628,-0.333761665693487,-0.0349219567290541,4.953688383500097,-6.315374317391519,0.0,1.188964753222976,0.16104048502516116,-0.005106261797321378
2023-08-03,2023-09-01,432.4118347167969,432.4118347167969,9.58086928715295,0.09610609240346075,0.11903010951047298,-1.9788867244268715,-0.20654563433825088,5.675012241823777,-7.424400360877702,0.0,-0.05650389177039605,0.17299471360247515,-0.004931785973012652
2023-08-04,2023-09-05,430.45611572265625,430.45611572265625,9.235651103017517,0.09305274687126278,0.11893004516084248,-3.496714179378614,-0.3786104672399492,5.283850671915615,-8.656242849507882,0.0,0.07246842237110848,0.19679042415736825,-0.005485541941672726
2023-08-07,2023-09-06,434.2133483886719,434.2133483886719,9.621229446937292,0.09611054756413287,0.11714728864505493,-1.606091482944663,-0.16693204250065227,5.79804233669752,-7.120935941042702,0.0,-0.12299300008136527,0.16020487851808943,-0.00448624988381037
2023-08-08,2023-09-07,432.3251037597656,432.3251037597656,9.761748491862988,0.09794682984176628,0.11669505782900508,-1.8460825677498747,-0.18911392454832215,6.329807872674788,-7.735689339823015,0.0,-0.24821059582093682,0.19199050478069063,-0.004024155045662923
2023-08-09,2023-09-08,429.4349670410156,429.4349670410156,9.835209824227434,0.09935300925699177,0.11456409818118483,0.24752639001329158,0.025167372576388836,7.044753252335461,-7.869126843640394,0.0,1.2618517011320014,0.189951719813746,-0.003253912143648268
2023-08-10,2023-09-11,429.5890808105469,429.5890808105469,9.446182330787167,0.09537497199908837,0.11681412841621679,-2.348605319871716,-0.2486301066005363,6.913798823044454,-8.985199626632372,0.0,-0.08808690301875077,0.18911761326512172,-0.004549155313813495
2023-08-11,2023-09-12,429.338623046875,429.338623046875,9.00190935053314,0.09092539110097038,0.11849682357887784,-2.136905884452915,-0.23738362621107226,6.264213407010888,-9.206970119297432,0.0,1.0250303320051,0.21917950417140158,-0.005774070451419274
2023-08-14,2023-09-13,431.70855712890625,431.70855712890625,9.27702464949121,0.09319900408408598,0.11691646945160113,-1.4231054116815756,-0.1534010596554386,6.393263654935762,-8.000457734007721,0.0,0.3957306588960748,0.21164199150571034,-0.004983406466761705
2023-08-15,2023-09-14,426.67962646484375,426.67962646484375,9.874051304661322,0.10039305446331066,0.1127304197169177,-1.2474676088740466,-0.12633797115122794,6.542138248109466,-7.574921872259008,0.0,-0.04232757904419951,0.1723564056803505,-0.002629382145079167
2023-08-16,2023-09-15,423.548583984375,423.548583984375,9.579448234066007,0.09810994548827934,0.11814337150181589,-1.7140532786564222,-0.17893027205481235,4.699972853523332,-6.001731321541117,0.0,-0.27562077690723386,0.1366740337313337,-0.00433229482610294
2023-08-17,2023-09-18,420.3212585449219,420.3212585449219,9.61940428420968,0.09927971451575829,0.11430676897276315,-1.465800891592437,-0.15237959111444765,3.559515089258869,-4.489933720455281,0.0,-0.4377301262801434,0.09765213411590451,-0.003209575718662181
2023-08-18,2023-09-19,420.5235290527344,420.5235290527344,9.515148689565166,0.09815257931198927,0.1147845968622256,-1.7065957624631096,-0.1793556588700139,3.4901768602509065,-4.614360550981677,0.0,-0.4799014191418629,0.10251065259046589,-0.003541574851227306
2023-08-21,2023-09-20,423.259521484375,423.259521484375,9.955570811491583,0.10204533282368285,0.11791948467628917,-0.5382442415984201,-0.05406462891882924,5.135848024254311,-5.844197029161337,0.0,0.30061145023438585,0.13050668692575915,-0.0034917549152253934
2023-08-22,2023-09-21,422.1130676269531,422.1130676269531,9.719074865909363,0.0998846744900764,0.1312541935987647,-7.692562035132823,-0.7914911801034955,5.091564595977896,-10.947765409173929,0.0,-1.7079378041884117,0.12842341774821142,-0.007250715139273485
2023-08-23,2023-09-22,426.81451416015625,426.81451416015625,10.661104856121312,0.10838709279271112,0.12428500110436158,-2.8129738336048717,-0.2638538755192657,7.126562492335576,-10.493267571268127,0.0,0.739741622332695,0.18601037700495082,-0.0036989996154553877
2023-08-24,2023-09-25,420.8992614746094,420.8992614746094,11.315535168696442,0.11668058799355796,0.11648664814183556,-1.2267679928366988,-0.10841449163009613,6.095991000717841,-6.515700688195133,0.0,-0.6636225167622952,0.14343578859701334,4.522041920262086e-05
2023-08-25,2023-09-26,423.86651611328125,423.86651611328125,11.65820318109732,0.11937925714867179,0.12342146824588746,-1.127296797369013,-0.09669558677762784,6.706295956484065,-7.842339915083317,0.0,0.151367547977305,0.14262038674704425,-0.0009814517866019012
2023-08-28,2023-09-27,426.55438232421875,426.55438232421875,11.39266593386435,0.11591652151961634,0.12043276721193616,-1.1204961849221604,-0.0983524129845254,6.159677463298626,-7.394620276937303,0.0,0.252763002640137,0.13831637392361623,-0.0010674114571167254
2023-08-29,2023-09-28,432.72003173828125,432.72003173828125,12.751116315401106,0.12791934020445664,0.10920881726957585,1.5011511752492197,0.11772703958759227,5.863350753329318,-4.577455400044734,0.0,0.31473733109856833,0.09948150913382531,0.004436791828923908
2023-08-30,2023-09-29,434.50244140625,434.50244140625,12.896819506922128,0.12885228942147184,0.10686820435914508,1.345541625156045,0.1043312751980324,5.118230390179866,-4.045986520108047,0.0,0.36097979416322823,0.08768203907908911,0.005182099386206746
2023-08-31,2023-10-02,433.8665771484375,433.8665771484375,11.930323758557165,0.11934992113492449,0.10704756444295051,0.3565437803986242,0.029885507519683947,4.324542430896353,-4.312918945384166,0.0,0.4356109610722037,0.09069066618571055,0.0027852226217450534
2023-09-01,2023-10-03,434.6759033203125,434.6759033203125,11.92062815135452,0.1190301095104712,0.11251957280710538,0.06830032424790033,0.0057295910400610465,3.7802531027944988,-4.09651422577551,0.0,0.46969665846342,0.08513521123448413,0.0015075127053812785
2023-09-05,2023-10-04,432.7972106933594,432.7972106933594,11.85915305129123,0.1189300451608407,0.1179049135425849,-0.3055114099068419,-0.025761655034343085,3.747424635342693,-4.42616364531215,0.0,0.4602927555301554,0.087065155467518,0.00024278700447518883
2023-09-06,2023-10-05,429.88775634765625,429.88775634765625,11.603292977735975,0.11714728864505314,0.11708480470721731,-0.6904822080810504,-0.059507435467321686,3.777695170770584,-4.792134931586026,0.0,0.4144893364231694,0.09053178368873059,1.4635743560179396e-05
2023-09-07,2023-10-06,428.5679016113281,428.5679016113281,11.523125542943802,0.11669505782900326,0.1266498990364239,-1.0056290409054327,-0.08727050982458753,3.6497258342045518,-4.958686197743091,0.0,0.3950699277711046,0.09173860513798036,-0.002422460404221954
2023-09-08,2023-10-09,429.2132873535156,429.2132873535156,11.330277734743902,0.11456409818118297,0.12920886316547564,-1.3370492276183086,-0.1180067478415197,3.148312195338217,-4.846440715133476,0.0,0.44957292361433016,0.08849363143741727,-0.003569997728446876
2023-09-11,2023-10-10,432.0361022949219,432.0361022949219,11.628199612543455,0.11681412841621498,0.12825120380686408,-1.0610608765418306,-0.09124893894986577,2.5283798625357186,-4.0375879676417465,0.0,0.5198643503354137,0.07171712177116688,-0.002802830680269824
2023-09-12,2023-10-11,429.6661682128906,429.6661682128906,11.730577755163836,0.11849682357887606,0.12862575493217707,-1.1226168079548984,-0.09570004405458368,2.76869988309597,-4.339456916407956,0.0,0.522777184167588,0.07463695881057025,-0.0025030876335891943
2023-09-13,2023-10-12,430.1670837402344,430.1670837402344,11.588012925390132,0.11691646945159932,0.1296384077918207,-1.3353668895322244,-0.1152369175051871,2.474654151657233,-4.331433487210674,0.0,0.5946446437254582,0.07323219770413573,-0.00313665594577164
2023-09-14,2023-10-13,433.876220703125,433.876220703125,11.270534522571182,0.11273041971691582,0.12514961164402313,-1.2821604679485858,-0.1137621703195034,1.358395105502803,-3.2412709385322866,0.0,0.6526394603366954,0.0519240952557846,-0.0029542777650978097
2023-09-15,2023-10-16,428.64874267578125,428.64874267578125,11.667979560044756,0.11814337150181407,0.1262908864520854,-0.4556142660484852,-0.039048257130023425,3.083360429770936,-4.0110400311045975,0.0,0.5461835648657967,0.07411822958067774,-0.00199153177103787
2023-09-18,2023-10-17,428.9001159667969,428.9001159667969,11.296646526948336,0.11430676897276132,0.12622281067826277,-0.8748799236451532,-0.07744598554607447,2.6987779552175835,-4.072805536003017,0.0,0.575383791204046,0.07623613406381498,-0.002866160502528336
2023-09-19,2023-10-18,428.0106201171875,428.0106201171875,11.320218921266047,0.11478459686222375,0.1335392700743698,-0.9901017476825587,-0.08746312722120274,3.324774701606263,-4.982090766081069,0.0,0.760599273852431,0.09338495706027264,-0.004657232975172253
2023-09-20,2023-10-19,424.0758056640625,424.0758056640625,11.521681382515595,0.1179194846762874,0.13324150499216664,-1.6909857473654597,-0.14676553631586858,5.968878683047777,-8.120448767549115,0.0,0.6100580965962143,0.1494737594603517,-0.0038482937862563855
2023-09-21,2023-10-20,417.0665283203125,417.0665283203125,12.609563563822519,0.13125419359876309,0.12772720826688128,-0.1337690835249532,-0.01060854190931267,9.079468412256654,-8.914187488262433,0.0,-0.11752097001918571,0.1815290374999955,0.0009134236056103154
2023-09-22,2023-10-23,416.1286926269531,416.1286926269531,11.914586447917713,0.12428500110435993,0.12768309155988955,-1.5224876912403147,-0.12778351123604434,7.874982375298071,-9.025759890550477,0.0,-0.18497967460321496,0.18673050138476466,-0.0008562103707803886
2023-09-25,2023-10-24,417.87860107421875,417.87860107421875,11.215701546881093,0.11648664814183378,0.129917183789929,-2.315136807363615,-0.20641925943610878,6.513281314524213,-8.639380177891546,0.0,-0.012493500207012447,0.17654444378927076,-0.003309335448586803
2023-09-26,2023-10-25,411.73944091796875,411.73944091796875,11.707189880998413,0.12342146824588578,0.12945992108874105,-2.02383309467848,-0.17287095496446184,7.9948445876742635,-10.387416219001711,0.0,0.528732288332503,0.15999375168351038,-0.0015270123443328672
2023-09-27,2023-10-26,411.9037780761719,411.9037780761719,11.428911351101505,0.12043276721193442,0.13490193419502883,-2.6266334052730826,-0.22982358726755991,7.063248223933049,-9.627309264140473,0.0,0.11783655501251081,0.1804089200781461,-0.003694480431235901
2023-09-28,2023-10-27,414.291748046875,414.291748046875,10.426534028443172,0.10920881726957393,0.1325695757835005,-3.3735738198138847,-0.32355659230679235,5.514964146390963,-9.007582215835978,0.0,0.2900630239348284,0.17101877430365964,-0.005648126653998093
2023-09-29,2023-10-30,413.2862854003906,413.2862854003906,10.178952117776163,0.10686820435914313,0.14102333720610905,-4.068724017250929,-0.3997193394932523,5.0781695076553435,-9.172460559272658,0.0,0.19766205910163726,0.17209502473519478,-0.008466768533800363
2023-10-02,2023-10-31,413.1219177246094,413.1219177246094,10.191929639875468,0.10704756444294856,0.14345105018995566,-4.260157062708288,-0.4179931782535678,4.728101023338727,-8.966797070960022,0.0,0.14754083240785998,0.16900184749478372,-0.009119022747433952
2023-10-03,2023-11-01,407.5918884277344,407.5918884277344,10.568013336568043,0.11251957280710352,0.1413599348158675,-3.611514115620139,-0.3417401171441913,5.628485595019853,-9.201583823112326,0.0,0.12004463709498792,0.15846052462271348,-0.00732197690645324
2023-10-04,2023-11-02,410.55999755859375,410.55999755859375,11.153096572391547,0.11790491354258312,0.15408317095740814,-9.143325676682508,-0.81980153380147,6.235369526499715,-14.520364398075934,0.0,-0.6997198246296286,0.15861098047678,-0.009840054934805866
2023-10-05,2023-11-03,410.4052734375,410.4052734375,11.071538976674248,0.11708480470721551,0.15672758284577573,-7.9755812239437205,-0.7203678947205844,5.93923815535895,-13.453059003645258,0.0,-0.24855816937787395,0.21320220627942496,-0.0108546837313527
2023-10-06,2023-11-06,415.2779235839844,415.2779235839844,12.11596682917579,0.12664989903642224,0.15195772982749603,-4.1538375271800305,-0.3428399553865899,6.297413728759449,-9.34137746783744,0.0,-0.9243677746085126,0.18550601349363405,-0.007050954728390332
2023-10-09,2023-11-07,417.9366455078125,417.9366455078125,12.439372726185951,0.129208863165474,0.15077340634164188,-1.7164721704672843,-0.13798703586186162,6.710595835672789,-7.636878886091166,0.0,-0.6281234648513011,0.16206565519770277,-0.006037689739347672
2023-10-10,2023-11-08,420.1119079589844,420.1119079589844,12.411635901095991,0.12825120380686245,0.14981658779373175,0.24743374711252386,0.01993562726817297,6.8400723319695516,-6.469087638860553,0.0,0.020202315301054485,0.14375326129743643,-0.005996638700247563
2023-10-11,2023-11-09,421.8328552246094,421.8328552246094,12.498797261283727,0.12862575493217546,0.1516920525783721,0.19165395912816052,0.015333792133890179,7.069346714041856,-6.888938002682248,0.0,0.1332633392051074,0.12201809143660591,-0.006465893983567547
2023-10-12,2023-11-10,419.2611389160156,419.2611389160156,12.520191999960304,0.12963840779181907,0.15946201434632623,-4.291694283589219,-0.34278182663675016,7.75070323595845,-12.248292832297857,0.0,0.3611484019745348,0.1552530892242349,-0.008622017244589976
2023-10-13,2023-11-13,417.1728515625,417.1728515625,12.02738923993411,0.12514961164402147,0.15823579027005302,-4.41780121161645,-0.3673117351975425,6.424556852556971,-10.954939192600317,0.0,0.29115414680311263,0.17857301837617146,-0.009376140027738813
2023-10-16,2023-11-14,421.5621032714844,421.5621032714844,12.264522951019416,0.1262908864520837,0.16749669373984274,-3.9714317426278853,-0.3238146121531603,6.794746512868179,-12.45703935102841,0.0,1.8520851782442997,0.16122408271192482,-0.012105754412925579
2023-10-17,2023-11-15,421.5427551269531,421.5427551269531,12.257363828217791,0.1262228106782611,0.16743441440540574,-4.800554477648632,-0.39164656813051685,6.229099220704827,-12.099018446467351,0.0,1.235614078218626,0.1662493301047086,-0.012102085191760995
2023-10-18,2023-11-16,415.9256591796875,415.9256591796875,12.79355061129209,0.13353927007436825,0.15847814156559972,-3.110406413993303,-0.24312300068191672,5.976077313315207,-9.350327289572192,0.0,0.4094054810442247,0.14556191878059055,-0.007282584702091203
2023-10-19,2023-11-17,412.2712097167969,412.2712097167969,12.652922581122425,0.13324150499216508,0.15343761109738416,-3.0027926739478517,-0.23732008590868006,5.2402082952901266,-8.213501137838696,0.0,0.1003170623827967,0.12981689378212,-0.005789801846694954
2023-10-20,2023-11-20,407.2051696777344,407.2051696777344,11.981276845287965,0.12772720826687964,0.14415806456843458,-2.8028543308998337,-0.23393619620784817,4.1161399725377015,-6.660052606201717,0.0,-0.1512851589641639,0.10765653827185122,-0.004467307848466107
2023-10-23,2023-11-21,406.4993896484375,406.4993896484375,11.956388305825556,0.12768309155988788,0.14437472244823105,-2.985980971356355,-0.24973937739220833,3.7858753736025794,-6.473734710481168,0.0,-0.19486765386352037,0.10325398061423244,-0.0045410886117130365
2023-10-24,2023-11-22,409.56414794921875,409.56414794921875,12.256861206344468,0.12991718378992734,0.1436735116720024,-3.0438534457479136,-0.24833873815690566,3.953876908819002,-6.785756884674042,0.0,-0.10871741509819868,0.10325605479474305,-0.0037636033122592505
2023-10-25,2023-11-24,403.6860046386719,403.6860046386719,12.038516668793932,0.12945992108873944,0.12878129419248074,-2.0246110384169924,-0.16817778253903654,3.074048739552815,-4.730297069566234,0.0,-0.2935728435649484,0.074789864838633,0.00017524943441236604
2023-10-26,2023-11-27,398.85198974609375,398.85198974609375,12.393318737932248,0.13490193419502733,0.11691854390603092,-1.1473525692408089,-0.09257831526023012,2.5207703995369686,-3.1898755285780847,0.0,-0.42738332714811267,0.050864113051653746,0.004528585940453004
2023-10-27,2023-11-28,397.04412841796875,397.04412841796875,12.124263479835975,0.13256957578349896,0.11296563540349647,-1.2840821957263984,-0.1059101196424816,2.0453537943059357,-2.8089158999457684,0.0,-0.4779532971467308,0.04256679293979752,0.004813457641301179
2023-10-30,2023-11-29,401.7911376953125,401.7911376953125,13.05006676350726,0.14102333720610755,0.11152768340962596,-1.0733722540062445,-0.08225032664260265,2.5224140101639203,-3.0928318987078636,0.0,-0.45722039614710913,0.045733969314976995,0.0074491574700297596
2023-10-31,2023-11-30,404.3144226074219,404.3144226074219,13.357682470115208,0.14345105018995424,0.11129646144253715,-1.2511893799602376,-0.09366814810574295,2.653015279325662,-3.3926768573650095,0.0,-0.463765807305333,0.04776199461559715,0.008191301470970615
2023-11-01,2023-12-01,408.6263427734375,408.6263427734375,13.303693075140302,0.141359934815866,0.10903230834961444,-1.2893148749556644,-0.09691405744807197,2.917017068374859,-3.7013684272120324,0.0,-0.4539483843332749,0.05101513178512089,0.008094586907100482
2023-11-02,2023-12-04,416.4574279785156,416.4574279785156,14.77686751265054,0.1540831709574068,0.09874243448021496,0.7143721133176086,0.04834394791088379,4.476747209320655,-3.195936745137619,0.0,-0.510929072313941,0.055509278551458575,0.013991555205209913
2023-11-03,2023-12-05,420.25689697265625,420.25689697265625,15.167199993245106,0.15672758284577437,0.09649090687099476,1.5030959863192948,0.09910174501481596,5.205688677404497,-3.0992457573638514,0.0,-0.5464135522641179,0.05693338145718782,0.015253040115892083
2023-11-06,2023-12-06,421.2237243652344,421.2237243652344,14.74014449794143,0.15195772982749467,0.09899086223478719,1.1636527512042676,0.07894446023692511,4.939950325544049,-3.154093369507873,0.0,-0.5645398996388256,0.05766430519304503,0.013291960848339245
2023-11-07,2023-12-07,422.4225769042969,422.4225769042969,14.667073501080864,0.15077340634164046,0.10083261663669535,1.161159083673283,0.07916774151215056,4.958197438785561,-3.1540940115065683,0.0,-0.5847700455653515,0.058174298040497334,0.012565403482058658
2023-11-08,2023-12-08,422.7319030761719,422.7319030761719,14.584818736777123,0.14981658779373036,0.10090357198648298,0.9899291023563705,0.0678739393490138,4.790861801096986,-3.1427626800011974,0.0,-0.5999060972627064,0.05826392147662511,0.012263479138525164
2023-11-09,2023-12-11,419.4351501464844,419.4351501464844,14.651935256311617,0.1516920525783707,0.09379687172442826,0.5198904510172042,0.03548271555412797,3.8472894749461486,-2.6460573099670635,0.0,-0.6365648203618235,0.04477689359980759,0.014212625670150332
2023-11-10,2023-12-12,425.9803466796875,425.9803466796875,15.641580080787435,0.1594620143463249,0.08240874293853773,3.3321253034448546,0.21302996795942034,6.160916475331909,-2.135523370212612,0.0,-0.6433971396544724,0.049870662019967475,0.018636933106677536
2023-11-13,2023-12-13,425.5743408203125,425.5743408203125,15.50668560931399,0.15823579027005175,0.0900074370447457,2.872608796645352,0.1852496961001091,5.716259589096781,-2.117755376183784,0.0,-0.6765866114210798,0.0493088048465569,0.01693722659902394
2023-11-14,2023-12-14,433.830810546875,433.830810546875,16.731306371037647,0.16749669373984147,0.0685868744155656,7.158859804998713,0.4278721365948386,9.300918930401451,-1.4994086886327087,0.0,-0.578917408482712,0.06373302828734499,0.02335098307168168
2023-11-15,2023-12-15,434.74920654296875,434.74920654296875,16.760499968737747,0.16743441440540452,0.0700135347466901,6.804325657066727,0.4059739070885944,9.151124291006532,-1.7342713160632124,0.0,-0.5471459977462597,0.06538132013034326,0.02313238807955475
2023-11-16,2023-12-18,435.2809753417969,435.2809753417969,15.884621966967188,0.15847814156559845,0.07086271976309684,5.727937123657455,0.36059637651868376,8.201138763252816,-1.8807155221992726,0.0,-0.5256112439074369,0.06687487348867696,0.020093796301862664
2023-11-17,2023-12-19,435.8223876953125,435.8223876953125,15.399293313300603,0.15343761109738283,0.07179888628835035,4.984462983636831,0.32368128083719755,7.55837496302945,-1.9897588799446944,0.0,-0.5162553826178465,0.06789771683020324,0.018388020427024233
2023-11-20,2023-12-20,439.17718505859375,439.17718505859375,14.580859287661923,0.14415806456843316,0.08966985682641594,4.589743231341458,0.3147786519841956,7.325638796553884,-2.249000919470794,0.0,-0.41348108017713225,0.07341356556435165,0.012740864356846612
2023-11-21,2023-12-21,438.219970703125,438.219970703125,14.570907300488898,0.1443747224482296,0.09242413443519001,4.10281668853554,0.28157592412916377,6.7284815316821875,-2.081084477815821,0.0,-0.4769698461319191,0.06761051919890312,0.012301839855909257
2023-11-22,2023-12-22,439.9118957519531,439.9118957519531,14.55624575306723,0.14367351167200096,0.09222686437089647,3.8759912942134065,0.26627685187278965,6.674534563604471,-2.264691518442852,0.0,-0.464204026815654,0.0696477241326028,0.012136283444476864
2023-11-24,2023-12-26,440.1825866699219,440.1825866699219,13.058232971122152,0.12878129419247916,0.09233753968148715,2.5753619626869977,0.19722132147453067,5.5215070788489395,-2.42589364708902,0.0,-0.4476228793206581,0.07262858975223944,0.008058400499459651
2023-11-27,2023-12-27,439.3898620605469,439.3898620605469,11.83666929960512,0.11691854390602917,0.09116850052386763,1.5648212399813701,0.1322011454720268,4.457167048591745,-2.3622984263744,0.0,-0.46049258949749583,0.06955479273847759,0.005358250421335619
2023-11-28,2023-12-28,439.82489013671875,439.82489013671875,11.448833726209642,0.11296563540349465,0.09131624211607592,1.0379082412165985,0.09065624202756398,4.069779501288422,-2.4814148179245303,0.0,-0.4791398842585571,0.0713165578887168,0.0044225787079134864
2023-11-29,2023-12-29,439.5155334472656,439.5155334472656,11.295544921051317,0.11152768340962411,0.09256998259053761,0.659865794156417,0.05841823469062004,3.7089362565506963,-2.456593279666995,0.0,-0.5226693809713291,0.06980780175594671,0.0038692224899049103
2023-11-30,2024-01-02,441.24603271484375,441.24603271484375,11.316573308539887,0.11129646144253531,0.09629654620229677,0.38091468049674404,0.03365989598717947,3.734254110233551,-2.7311311247054615,0.0,-0.5478280176003023,0.07438028743114464,0.0031138775191386723
2023-12-01,2024-01-03,443.8564453125,443.8564453125,11.15259000102182,0.10903230834961258,0.10110890006756999,0.06607841421094918,0.0059249388890737446,3.8113682505490796,-3.092235472166023,0.0,-0.5706106926401655,0.08244367153200798,0.0016650345911711426
2023-12-04,2024-01-04,441.52642822265625,441.52642822265625,10.050206666353631,0.09874243448021289,0.0997078650727149,-0.33353154711244315,-0.03318653617632059,2.7896522247382944,-2.495907935248772,0.0,-0.5629547495707434,0.06432108703122555,-0.00019158999027958472
2023-12-05,2024-01-05,441.439453125,441.439453125,9.819912590963753,0.09649090687099265,0.09956219087311745,-0.6526704570601964,-0.0664639782701102,2.5018206084703567,-2.4986936229948165,0.0,-0.5916302216248025,0.06416722091101941,-0.0006021347426684934
2023-12-06,2024-01-08,439.6605529785156,439.6605529785156,10.03282598525746,0.09899086223478515,0.10684671219330544,-0.5920072120275677,-0.05900702483004101,2.192870693886813,-2.0854909783084996,0.0,-0.6474726431083755,0.05191428449750389,-0.0016170291005328328
2023-12-07,2024-01-09,443.0153503417969,443.0153503417969,10.29682306034681,0.10083261663669335,0.10573033845905651,-0.5328933838936223,-0.05175318452793475,2.6877629648977304,-2.5328044390905413,0.0,-0.6258292193146139,0.06202269038629495,-0.0010116878928642763
2023-12-08,2024-01-10,444.919921875,444.919921875,10.34834288689592,0.10090357198648096,0.10623428487903036,-0.7659022698845774,-0.07401206920331539,3.127858002453248,-3.362146783577112,0.0,-0.45765020962034675,0.073963279140495,-0.0011041924441280333
2023-12-11,2024-01-11,446.6504821777344,446.6504821777344,9.659445847920011,0.0937968717244261,0.10625095985063468,-1.550594199152215,-0.16052620653037852,3.1326420076007517,-4.274850802106258,0.0,-0.32133583208744537,0.08704957255918853,-0.002491413323892737
2023-12-12,2024-01-12,448.6903991699219,448.6903991699219,8.53024565665632,0.08240874293853527,0.10576117811612712,-2.8113144476890852,-0.3295701625539191,2.9376552159984843,-5.454315625128179,0.0,-0.1893783423461547,0.10527569621322384,-0.0043942258838015795
2023-12-13,2024-01-16,454.8778076171875,454.8778076171875,9.441495574696887,0.09000743704474347,0.09722813660748945,-2.066953776368507,-0.21892228408261105,5.27909415358023,-6.737907070695771,0.0,-0.444386942183814,0.16375391706936082,-0.0013519718248011722
2023-12-14,2024-01-17,456.3377380371094,456.3377380371094,7.228413627210614,0.06858687441556266,0.09904821087289543,-5.140995620185436,-0.711220453798146,3.876359781318766,-8.288643971155851,0.0,-0.5267332823744655,0.20197814797383393,-0.005106388735025398
2023-12-15,2024-01-18,455.5863952636719,455.5863952636719,7.3655684329654605,0.07001353474668721,0.10314716303633635,-5.144469090233201,-0.6984483461192934,3.962752051681049,-8.93512043414708,0.0,0.014150000154503295,0.1862507079219277,-0.005737442194718975
2023-12-18,2024-01-19,458.1491394042969,458.1491394042969,7.4962318141578805,0.07086271976309398,0.10966359579476975,-6.021698798219404,-0.8032967692976656,4.9116857695396545,-10.689515355972564,0.0,0.007389719642105386,0.2512589314284642,-0.007004579190415853
2023-12-19,2024-01-22,460.9350280761719,460.9350280761719,7.640791587755103,0.07179888628834753,0.10823023711034203,-6.689811186891404,-0.8755390210632481,5.080252323577818,-12.143353091258655,0.0,0.6379815213162507,0.26469194052674955,-0.006558704152713799
2023-12-20,2024-01-23,454.54779052734375,454.54779052734375,9.399407744784753,0.08966985682641372,0.09398322314877754,-1.2076880334720386,-0.12848554571346502,4.70771492535656,-5.716136118645612,0.0,-0.06847799377142466,0.13078884641172656,-0.0007921630101633791
2023-12-21,2024-01-24,458.8577575683594,458.8577575683594,9.778775245440983,0.09242413443518782,0.08962575457910131,-1.1080335809127178,-0.1133100570472054,5.7319654895441206,-6.6408275354949415,0.0,-0.039950017907294855,0.15922151705457543,0.0005094447422203715
2023-12-22,2024-01-25,459.7798767089844,459.7798767089844,9.777595602336987,0.0922268643708943,0.09075840398682668,-1.2640514835445629,-0.12928040133327218,5.481725150625986,-6.418105015505013,0.0,-0.16922002708295972,0.15845159158244948,0.00026870661745129545
2023-12-26,2024-01-26,461.7213439941406,461.7213439941406,9.830618754650203,0.09233753968148496,0.09062301369173481,-1.1012642754058675,-0.11202390234947658,5.360739398868279,-5.999821628163825,0.0,-0.3050095596301567,0.15717248648014065,0.0003136906238574537
2023-12-27,2024-01-29,462.5561828613281,462.5561828613281,9.724204497200475,0.09116850052386542,0.09356799737126377,-1.1945894468258302,-0.12284700997081494,5.060808377521594,-5.743484542136836,0.0,-0.3578794007956546,0.15403388141497348,-0.0004432746442987745
2023-12-28,2024-01-30,462.7309265136719,462.7309265136719,9.743578526304134,0.0913162421160737,0.09381934574534818,-1.245146596117138,-0.12779150830012742,4.835123324744931,-5.5633439558403115,0.0,-0.36692579398912817,0.15000017103278623,-0.00046341356188379056
2023-12-29,2024-01-31,461.39129638671875,461.39129638671875,9.848222956287657,0.09256998259053546,0.11168570381054126,-1.3101308565521776,-0.1330322091982815,4.56053134733676,-5.362897417525899,0.0,-0.37039152709975415,0.13737325926336258,-0.003904494758843911
2024-01-02,2024-02-01,458.8091735839844,458.8091735839844,10.18582200854945,0.09629654620229472,0.11681778762954205,-1.0150729385541126,-0.0996554757880231,4.2277005012010465,-4.7392525402896615,0.0,-0.3900775905821808,0.11344330888333501,-0.004373370696170107
2024-01-03,2024-02-02,455.06219482421875,455.06219482421875,10.605706877263913,0.10110890006756802,0.11489384796545787,-0.46213684684363443,-0.04357435597568181,3.65204007418994,-3.5874138035337295,0.0,-0.44604114634686776,0.08072197115304626,-0.0029775866274362912
2024-01-04,2024-02-05,453.5964660644531,453.5964660644531,10.425549969505198,0.0997078650727129,0.11516887338524835,-0.7025098593306893,-0.06738348205951103,3.118116217044029,-3.269119796844805,0.0,-0.4821663215571047,0.06933995797301913,-0.0033222110394690446
2024-01-05,2024-02-06,454.21771240234375,454.21771240234375,10.424628236010705,0.09956219087311545,0.11510011653136376,-0.9526128278631063,-0.09138098801187101,3.0167055551537634,-3.394313227939444,0.0,-0.5039137469882126,0.07109140808928084,-0.0033354069740788445
2024-01-08,2024-02-07,460.70208740234375,460.70208740234375,11.344495044340704,0.10684671219330359,0.10930054831874707,-0.24679242309173333,-0.02175437709013305,4.505872094692806,-4.145407258698427,0.0,-0.5111803228605415,0.09607693622561274,-0.0005303899562601119
2024-01-09,2024-02-08,460.003173828125,460.003173828125,11.209289057102296,0.10573033845905462,0.10864652899262434,-0.5676904080186773,-0.0506446399166577,4.05958231750579,-3.976713692901154,0.0,-0.5599646446348843,0.09059438798847129,-0.0006251637914789152
2024-01-10,2024-02-09,462.6047058105469,462.6047058105469,11.326248492295491,0.10623428487902849,0.1086937545505254,-1.1594375004161748,-0.10236730204223089,4.410944973603093,-4.853089105935154,0.0,-0.6131596331732468,0.1041337349108201,-0.0005286089945312818
2024-01-11,2024-02-12,462.40087890625,462.40087890625,11.323029721312366,0.1062509598506328,0.10869321047833867,-1.412207467738881,-0.12471992942673321,4.134760829162275,-4.798437529267891,0.0,-0.6461814895126424,0.10234927812079143,-0.0005249475349076473
2024-01-12,2024-02-13,462.72119140625,462.72119140625,11.27880013346774,0.10576117811612525,0.12241486266344485,-1.7606581377800126,-0.1561033192312352,3.941673977713094,-4.922712222676938,0.0,-0.6755445255389855,0.10407536727724785,-0.0037999718043992964
2024-01-16,2024-02-14,461.0224304199219,461.0224304199219,10.333612565755914,0.09722813660748741,0.1232945574734974,-2.0927732082283796,-0.20252096688466192,2.973593061513204,-4.295132746503778,0.0,-0.6826816960906907,0.08855182714704747,-0.0057482373544213185
2024-01-17,2024-02-15,458.4597473144531,458.4597473144531,10.467853751407091,0.09904821087289344,0.12077678024764023,-1.6455265809506159,-0.15719808664019821,2.443152866146836,-3.309059791135553,0.0,-0.7138265600544355,0.06579309590723517,-0.004776482569865613
2024-01-18,2024-02-16,462.5367126464844,462.5367126464844,10.996505580542191,0.10314716303633442,0.1217061865295613,-1.848078125467282,-0.16806049084696242,3.1358200616391163,-4.14042612362508,0.0,-0.762115929077424,0.08135613440384637,-0.004173058597124217
2024-01-19,2024-02-20,468.30279541015625,468.30279541015625,11.834776110304546,0.10966359579476793,0.1186757736231962,-1.3650858367413434,-0.11534530303051213,4.515568362261678,-5.033399942792955,0.0,-0.7416474500331552,0.1056068061770338,-0.0020578350024258677
2024-01-22,2024-02-21,469.2929382324219,469.2929382324219,11.705229463146452,0.1082302371103402,0.1186573799750086,-1.8162795473825213,-0.15516821375446083,4.452356040276748,-5.3934117877300825,0.0,-0.7628404397032388,0.11238336022603608,-0.002365789597573109
2024-01-23,2024-02-22,470.66162109375,470.66162109375,10.198865586314554,0.09398322314877543,0.13595102353422409,-3.322317756486484,-0.3257536564600447,3.7147501714575686,-6.137932911695225,0.0,-0.7747035811020014,0.12443143514677311,-0.009649834566570635
2024-01-24,2024-02-23,471.1761474609375,471.1761474609375,9.738486797720185,0.08962575457909909,0.1359985501295787,-3.973218079773062,-0.40799131962711155,3.419133663105959,-6.537623425566144,0.0,-0.7243964097622239,0.13033190755074342,-0.01046282975347463
2024-01-25,2024-02-26,473.73883056640625,473.73883056640625,9.9146775376133,0.09075840398682448,0.13688873714360764,-4.560920875698457,-0.4600170664548289,4.034929625743733,-8.495717096168477,0.0,0.051319771910839584,0.1514531771845642,-0.010501438462536065
2024-01-26,2024-02-27,473.13702392578125,473.13702392578125,9.887371497549282,0.09062301369173262,0.13645543467780383,-4.7587490865440145,-0.48129566970590054,3.706624327227883,-8.35373203272692,0.0,0.032575252250134926,0.14421663329510517,-0.010407555042536432
2024-01-29,2024-02-28,476.8839111328125,476.8839111328125,10.288217575418457,0.09356799737126165,0.13506015782840589,-5.903705592090091,-0.5738317204911918,4.6981277471260094,-11.302885013961657,0.0,0.8734816267647486,0.17242995201912728,-0.009486276100565481
2024-01-30,2024-02-29,476.51507568359375,476.51507568359375,10.307769453679924,0.09381934574534607,0.13500816570878235,-5.980758806545737,-0.5802185267551339,4.359141223573051,-10.791747517787185,0.0,0.6177967707320321,0.16594928306362353,-0.009425135171965247
2024-01-31,2024-03-01,468.7396545410156,468.7396545410156,12.063625934334311,0.11168570381053948,0.12021788707888183,-1.4925798281385028,-0.12372563906266923,3.3440534497468106,-4.460727401569407,0.0,-0.2971198729456852,0.07878600337015994,-0.0019786439380552294
2024-02-01,2024-03-04,474.8745422363281,474.8745422363281,12.78159041713775,0.11681778762954034,0.11504194837782024,-1.3360836429149003,-0.10453187743549185,4.941027993675878,-6.129142749074427,0.0,-0.04269473865950818,0.10527414885698681,0.00041174562009533254
2024-02-02,2024-03-05,479.8737487792969,479.8737487792969,12.703966928811894,0.11489384796545614,0.11835277336204357,-1.3513925448883697,-0.10637563467073313,5.92189196518835,-7.039581133684248,0.0,-0.10846860255421714,0.12523477383823908,-0.0008067826621779
2024-02-05,2024-03-06,478.12646484375,478.12646484375,12.687930226814842,0.11516887338524662,0.11768009712259568,-1.3884002504254909,-0.10942685099979721,5.204246358947313,-6.314294023711477,0.0,-0.16913786817656545,0.10921471748481172,-0.0005847358619565854
2024-02-06,2024-03-07,479.5146179199219,479.5146179199219,12.717190284186273,0.11510011653136201,0.12105937087902882,-1.54825726866909,-0.12174523098819524,5.328715327215517,-6.511464986967627,0.0,-0.2520443825210377,0.11346322639606066,-0.001407334452093137
2024-02-07,2024-03-08,483.5140075683594,483.5140075683594,12.178851429549098,0.10930054831874524,0.121777281177445,-1.9027025689263155,-0.15623005009403912,5.855670179204142,-7.273332405306394,0.0,-0.35092304589913415,0.13411729692489743,-0.00288309634819214
2024-02-08,2024-03-11,483.7275085449219,483.7275085449219,12.111532278458839,0.10864652899262249,0.12197414953613638,-2.2311768853054446,-0.18421920810744485,5.645808540956085,-7.361403127327397,0.0,-0.37844924854364703,0.13713305039044885,-0.003073624892918998
2024-02-09,2024-03-12,486.523193359375,486.523193359375,12.18681003021345,0.10869375455052357,0.12543956631224562,-2.176986050439041,-0.1786346094705565,6.246956207815249,-7.8796466484057275,0.0,-0.39165239562643456,0.15264321422198315,-0.0039207525183148
2024-02-12,2024-03-13,486.30963134765625,486.30963134765625,12.181399765209392,0.10869321047833681,0.12571558119433596,-2.430240647769608,-0.19950421910546612,5.996801751234597,-7.920649966644518,0.0,-0.35523137691543777,0.1511610554441554,-0.0039901933509416485
2024-02-13,2024-03-14,479.61163330078125,479.61163330078125,13.526067486813133,0.12241486266344322,0.11368693025746417,-0.44008674825613525,-0.032536193441677394,4.808060378439562,-4.72059316513298,0.0,-0.4407644340791427,0.08678952748364448,0.0020606804895441436
2024-02-14,2024-03-15,483.97015380859375,483.97015380859375,13.746843665242153,0.12329455747349577,0.11458861509693191,0.017417796222957804,0.0012670396672217474,5.941543402135777,-5.3751890200177455,0.0,-0.4444818237949127,0.10445476210000368,0.00207099719275234
2024-02-15,2024-03-18,487.3094787597656,487.3094787597656,13.559690297138047,0.12077678024763858,0.1140424933816873,0.11450193754586735,0.008444288552079578,6.636876574383641,-6.014244679704543,0.0,-0.3895606060945934,0.11856935103865403,0.0015813403502741886
2024-02-16,2024-03-19,484.8826599121094,484.8826599121094,13.595741345490637,0.12170618652955968,0.11270536350085389,-0.12215275656791391,-0.008984633751393696,5.715370096110992,-5.268773279734203,0.0,-0.46977252588705126,0.09897704705777992,0.002109896877708368
2024-02-20,2024-03-20,482.2132568359375,482.2132568359375,13.18503044931856,0.11867577362319455,0.11241673550956988,-0.6301639718461729,-0.04779389583273519,4.487966937151289,-4.523702522827788,0.0,-0.5159201502182691,0.07850823595156169,0.0014464168224351311
2024-02-21,2024-03-21,482.6499938964844,482.6499938964844,13.19493166110638,0.11865737997500693,0.11232987795205725,-0.8414929786243874,-0.06377395504857274,4.44605081771298,-4.651114448439064,0.0,-0.5545240773036616,0.08190527059475959,0.001461572341809098
2024-02-22,2024-03-22,492.638671875,492.638671875,15.426312550634123,0.13595102353422261,0.09206620739833533,3.9138047261500333,0.253709673864293,9.140086243759205,-4.609618564910995,0.0,-0.49023502156313764,0.1264279311350455,0.010006494255289457
2024-02-23,2024-03-25,492.9784851074219,492.9784851074219,15.44233947453128,0.1359985501295773,0.09318202720883123,3.5777025801400555,0.23168138390175166,8.746911544050958,-4.544298423220342,0.0,-0.49860846508536405,0.12630207560523457,0.009812715442599781
2024-02-26,2024-03-26,491.1728820800781,491.1728820800781,15.486294563257673,0.13688873714360617,0.09217845070769068,3.1362791971733373,0.20251966565419602,7.837120866694452,-4.03402369551101,0.0,-0.5566711680824521,0.1101468059276321,0.010241659581901142
2024-02-27,2024-03-27,492.08538818359375,492.08538818359375,15.466048115069498,0.13645543467780236,0.09534498559822836,3.0550141269318374,0.19753036484835154,7.769868246012341,-4.085381472548563,0.0,-0.5171223036921404,0.11235034283979702,0.009529419374381612
2024-02-28,2024-03-28,491.43499755859375,491.43499755859375,15.287976961114254,0.13506015782840444,0.09498049592937576,2.5490622390175304,0.1667363998193613,7.1928002748405495,-3.9820295541581667,0.0,-0.5546627653892445,0.10704571627564302,0.009219951625643355
2024-02-29,2024-04-01,493.2016906738281,493.2016906738281,15.337041935157174,0.13500816570878088,0.09544081758542483,2.690074426635931,0.17539721401357458,7.528695654969729,-4.195178964000756,0.0,-0.5327799407042489,0.11066232362871462,0.0091182551466753
2024-03-01,2024-04-02,497.8320007324219,497.8320007324219,13.788536863137352,0.12021788707888018,0.0945900629460483,2.3832591857838565,0.17284351555496263,7.57055732847068,-4.72676568791685,0.0,-0.330386305501235,0.1301461492688114,0.005505060365573005
2024-03-04,2024-04-03,497.2981262207031,497.2981262207031,13.182178202477132,0.1150419483778185,0.0943758546273408,1.6155059859954122,0.12255227938671273,6.851206314890654,-4.7410584872683215,0.0,-0.36718234374602393,0.12745949788099886,0.0043278479499236945
2024-03-05,2024-04-04,492.3280944824219,492.3280944824219,13.425049586508948,0.11835277336204189,0.09786916947192213,1.380816710396175,0.10285375122813553,5.294198286836215,-3.2648189306029436,0.0,-0.5597011312583328,0.0888615145786669,0.004429004629363038
2024-03-06,2024-04-05,494.8227844238281,494.8227844238281,13.416576191832974,0.117680097122594,0.10250097131911665,1.1307868846207612,0.08428282062819434,6.607198500055802,-5.035876353683904,0.0,-0.3346303680352647,0.10590489371595604,0.0033421561374207837
2024-03-07,2024-04-08,499.734619140625,499.734619140625,13.937885712976225,0.12105937087902717,0.0972237672638922,1.896709687260909,0.13608302767865754,9.560646051013572,-6.835732978888798,0.0,-0.6475332833485599,0.18067010151550486,0.005202910356642375
2024-03-08,2024-04-09,496.735107421875,496.735107421875,13.936191936149783,0.12177728117744337,0.09428603345030996,1.7874256567869793,0.12825782430209554,7.780788946738641,-5.211660681595291,0.0,-0.6442447344271627,0.1374578739290389,0.0059398501071771335
2024-03-11,2024-04-10,496.3080139160156,496.3080139160156,13.946667019131297,0.12197414953613475,0.10150294486487543,1.8365552467190582,0.1316841682819106,7.4396096411887465,-5.013016050885941,0.0,-0.45773754429832886,0.13230079928542712,0.004574845338821418
2024-03-12,2024-04-11,501.64703369140625,501.64703369140625,14.496273483793203,0.125439566312244,0.09797657445723869,3.4267884975333374,0.2363909939588597,11.446747199247842,-7.650110049955063,0.0,-0.19346873616095625,0.17637991559854552,0.006135675654229025
2024-03-13,2024-04-12,500.8606262207031,500.8606262207031,14.505324924292893,0.12571558119433435,0.10950843555580525,-0.4210995553320913,-0.029030687525437776,11.06079401244875,-9.905558159730845,0.0,-1.3889920722513207,0.18734333579864926,0.0038123098971493217
2024-03-14,2024-04-15,499.8705139160156,499.8705139160156,13.094705832403463,0.1136869302574624,0.1174308980813614,-3.5858420362291383,-0.2738390676448649,9.604733491245954,-12.463799193698701,0.0,-0.4943173154585945,0.23245901831771906,-0.0008652977128299679
2024-03-15,2024-04-16,496.4381103515625,496.4381103515625,13.107660890007537,0.11458861509693018,0.11543297370966173,-2.777872921351218,-0.2119274327175259,7.994462567006714,-9.205763850268452,0.0,-1.354276869744143,0.21229476834531041,-0.00019422070962304104
2024-03-18,2024-04-17,499.3885192871094,499.3885192871094,13.122885578756126,0.11404249338168555,0.11430182579134511,-2.610306043801586,-0.19891250503831703,8.078281718473983,-9.776441927336903,0.0,-0.6990592820059858,0.21308655293254017,-5.9217082523214254e-05
2024-03-19,2024-04-18,502.1636962890625,502.1636962890625,13.041504599335497,0.11270536350085208,0.11169206326784985,-2.3199663837706908,-0.17789100683129,7.551441220570036,-9.420130020078425,0.0,-0.2554802955693826,0.1957972886929622,0.0002273819648298276
2024-03-20,2024-04-19,506.808349609375,506.808349609375,13.128513524864331,0.11241673550956809,0.10720839705016715,-1.0955876057108753,-0.08345100179360915,6.512944545770917,-7.714073984232416,0.0,0.25994163549929217,0.15439980274873005,0.0011438820245618982
2024-03-21,2024-04-22,508.4832458496094,508.4832458496094,13.161751107430803,0.11232987795205544,0.11289711058943375,-0.987815361128412,-0.07505197090155546,5.683020432636952,-6.904437845333,0.0,0.37002917566568744,0.13642712409799312,-0.00012775609871916276
2024-03-22,2024-04-23,507.519287109375,507.519287109375,10.774087097154364,0.09206620739833317,0.12273728743341125,-3.474186617299438,-0.3224576324630822,4.120223237137758,-7.979951338219499,0.0,0.5395252629252124,0.15398377914278327,-0.006588255181798916
2024-03-25,2024-04-24,506.11712646484375,506.11712646484375,10.874023759797154,0.0931820272088291,0.1226826997491048,-3.830413542376675,-0.35225355645609957,3.9954337967482556,-8.053001666718405,0.0,0.3828911907119851,0.15573686311855603,-0.006368154622982033
2024-03-26,2024-04-25,505.1822204589844,505.1822204589844,10.737496503925314,0.09217845070768853,0.12297319787498676,-4.235604980657627,-0.39446857832356114,3.674685330839921,-8.05816818805088,0.0,0.3041929413394914,0.15631506478609072,-0.006625540620730883
2024-03-27,2024-04-26,509.42767333984375,509.42767333984375,11.19823469461258,0.09534498559822627,0.12408757768598007,-2.719546195423561,-0.24285490254387349,2.912469476245418,-6.118735033432207,0.0,0.5999433121941974,0.11322395043085659,-0.006307060657248165
2024-03-28,2024-04-29,509.3302917480469,509.3302917480469,11.153452599407274,0.09498049592937365,0.12520260261666347,-2.995741679420803,-0.268593213869937,2.581088548157423,-6.064351022013129,0.0,0.600701352509869,0.11318055807497761,-0.006654397094996382
2024-04-01,2024-04-30,508.4442138671875,508.4442138671875,11.187808220564335,0.09544081758542276,0.1352729858223793,-3.3000244477071874,-0.29496612586202586,2.4447726980494204,-6.18187671882604,0.0,0.5530475344606115,0.11596796139116566,-0.009189831031927685
2024-04-02,2024-05-01,505.2115173339844,505.2115173339844,11.017952015598524,0.0945900629460462,0.13439287032454217,-3.869047728956673,-0.35115852051988594,2.879800297647198,-7.423884316895429,0.0,0.8065705377358988,0.13153424744447084,-0.009114163585932224
2024-04-03,2024-05-02,505.7664794921875,505.7664794921875,11.005170815843371,0.0943758546273387,0.1394829978312815,-4.194536624865748,-0.3811423461803217,2.569432651678604,-7.549463744359683,0.0,0.9149963084579218,0.12950184064266823,-0.010548704747360716
2024-04-04,2024-05-03,499.593017578125,499.593017578125,11.271721671024181,0.0978691694719201,0.1411841017842493,-5.333772903197257,-0.4731994861892837,4.664487581802453,-10.663211993180328,0.0,0.8547434513768386,0.18979194319609471,-0.01035457626350185
2024-04-05,2024-05-06,504.81219482421875,504.81219482421875,11.926631686188472,0.1025009713191147,0.14107274756959431,-2.70300728491344,-0.2266362671401711,3.173627814012992,-7.059227992832713,0.0,1.3003290933710057,0.11773619946476044,-0.009395070985472502
2024-04-08,2024-05-07,505.0945129394531,505.0945129394531,11.320961724664556,0.09722376726389018,0.14112078215833745,-2.667038914601079,-0.23558412964072664,3.618126609202801,-7.43960390527805,0.0,1.2951251846286003,0.14068680315434626,-0.010462614235997853
2024-04-09,2024-05-08,505.6788635253906,505.6788635253906,10.992831870169795,0.09428603345030787,0.14104536303460374,-2.7205024907281086,-0.24747967792634745,3.7432672279513373,-7.32859195324653,0.0,1.0050806619755241,0.14025842740849717,-0.01100393832977059
2024-04-10,2024-05-09,500.615478515625,500.615478515625,11.712694006157108,0.10150294486487348,0.1377014335265028,-4.739497704173004,-0.4046462497595817,6.605843395623183,-10.957322001127762,0.0,-0.16783895886567907,0.22018013980276846,-0.008658836979012324
2024-04-11,2024-05-10,504.3934631347656,504.3934631347656,11.392473065434615,0.09797657445723669,0.13540503677455715,-2.31409208491732,-0.20312464832051275,5.686413357034489,-8.282296980642885,0.0,0.45920456268754184,0.17741302399651285,-0.008735114841544728
2024-04-12,2024-05-13,497.43133544921875,497.43133544921875,12.553166342353506,0.10950843555580345,0.12526121627056497,-3.144714333301806,-0.2505116436394027,6.769120302762426,-9.416302149375623,0.0,-0.2902138425044827,0.2073186441841076,-0.003698274843701695
2024-04-15,2024-05-14,491.1994934082031,491.1994934082031,13.290202319096153,0.11743089808135972,0.11563909404073862,-1.951123060089344,-0.1468091315123062,6.611349824973349,-7.892101091906295,0.0,-0.49961358289999813,0.17075821025651886,0.00041761575363190306
2024-04-16,2024-05-15,490.3036193847656,490.3036193847656,13.040831435823037,0.11543297370966003,0.12040265410769378,-2.2988404046191135,-0.1762802023730037,6.008601731961329,-7.601809600662667,0.0,-0.5430549564467909,0.16257757947105322,-0.0011720276967218876
2024-04-17,2024-05-16,487.4018859863281,487.4018859863281,12.836950000866949,0.11430182579134342,0.11773230376519273,-2.298502002414182,-0.17905359156645087,5.177023800627921,-6.714419402082831,0.0,-0.6218123556583445,0.13929404530101955,-0.0007959879706249933
2024-04-18,2024-05-17,486.39892578125,486.39892578125,12.518821121980238,0.1116920632678481,0.11660452839511731,-2.639091343135931,-0.2108098931537794,4.5646623049607316,-6.410683180177737,0.0,-0.6623995641269582,0.13067090379182458,-0.0011214990452187365
2024-04-19,2024-05-20,482.1535339355469,482.1535339355469,11.912793246385888,0.10720839705016537,0.10905688566734796,-2.2690102221754955,-0.19046836247778157,3.3816006270383094,-4.8340082316810085,0.0,-0.7212411476373463,0.09536146989536692,-0.0003997639133950983
2024-04-22,2024-05-21,486.59368896484375,486.59368896484375,12.65858335041068,0.11289711058943204,0.10692123805662455,-1.9570955206302187,-0.1546062040636423,4.120144391644259,-5.255533392352962,0.0,-0.7153966909213143,0.10630982900028743,0.0013136064318810693
2024-04-23,2024-05-22,492.367919921875,492.367919921875,13.922310378461134,0.12273728743340968,0.1036128921963313,-0.3756427501868984,-0.026981351512464922,5.37463618650078,-5.044413619730155,0.0,-0.5969274303367951,0.10893788662081039,0.004328810297222856
2024-04-24,2024-05-23,492.1342468261719,492.1342468261719,13.90952826768634,0.12268269974910324,0.10847164641971506,-0.656933306280564,-0.04722901407136188,5.018894093351791,-4.941869122782139,0.0,-0.6279448378500349,0.1060134390000737,0.003284946740724935
2024-04-25,2024-05-24,490.2646484375,490.2646484375,13.889421604623578,0.12297319787498517,0.107560073165281,-0.9202920112737161,-0.06625848343226652,4.4223719505382295,-4.54398024639842,0.0,-0.7039290293441592,0.09475468606943081,0.0035532380562796565
2024-04-26,2024-05-28,494.90936279296875,494.90936279296875,14.147774563201665,0.12408757768597851,0.10457442997127339,-0.1994478476164545,-0.01409747142389574,4.99756618561139,-4.499771043233875,0.0,-0.6023190401523522,0.09492394984151961,0.004461915532156989
2024-04-29,2024-05-29,496.66204833984375,496.66204833984375,14.325168643453338,0.12520260261666194,0.10890353800038184,-0.04022740511777556,-0.0028081627601752287,5.166587428548613,-4.532276124255575,0.0,-0.5803536765089689,0.09418503290169233,0.003815711112985152
2024-04-30,2024-05-30,488.7943115234375,488.7943115234375,15.229742884578911,0.13527298582237787,0.09384766639525266,0.8117074107716462,0.053297512434930985,3.9861175769631862,-2.3710545059623334,0.0,-0.7461969465844742,0.05715871364480107,0.009491396205466608
2024-05-01,2024-05-31,487.2071228027344,487.2071228027344,15.08171605903999,0.13439287032454075,0.09499228294013494,0.3829117530788153,0.025389136858155987,3.410338812227163,-2.184665491556836,0.0,-0.7923910250479553,0.05037054254348749,0.009037909775890174
2024-05-02,2024-06-03,491.7641906738281,491.7641906738281,15.798224888780766,0.13948299783128013,0.0918294959235963,1.3823438351474238,0.08749994666357143,4.371389244214398,-2.1851601401848884,0.0,-0.7512440113759449,0.0526412575062172,0.011022850362419106
2024-05-03,2024-06-04,497.8597717285156,497.8597717285156,16.188750413429858,0.14118410178424795,0.08398630423988077,3.175666959650073,0.19616504538951962,6.403926818002073,-2.521296042125144,0.0,-0.6388423613997621,0.06812145482699958,0.012879251296751073
2024-05-06,2024-06-05,503.0010986328125,503.0010986328125,16.34305248271707,0.14107274756959293,0.08614164036577042,4.937015355397534,0.3020864896945337,8.703199777823778,-3.1457732948139054,0.0,-0.5244363447600977,0.09597478285230092,0.012481137901928358
2024-05-07,2024-06-06,503.55615234375,503.55615234375,16.366647563126634,0.1411207821583361,0.08631720240171124,4.648707502144873,0.2840354131299445,8.764535865818385,-3.52037650460798,0.0,-0.4950895858037508,0.1003622732617967,0.012464415726522566
2024-05-08,2024-06-07,503.604736328125,503.604736328125,16.359494819177343,0.14104536303460238,0.08672166261176378,4.174836608789121,0.25519349190998175,8.411939552012138,-3.6041366415309346,0.0,-0.5322498296055297,0.10071647208653371,0.012373147667414191
2024-05-09,2024-06-10,506.5065002441406,506.5065002441406,16.06438208333094,0.1377014335265014,0.08557201066412667,4.259870344950286,0.2651748646697405,8.914263079017548,-4.072307498807192,0.0,-0.47028760589354385,0.11179762936654343,0.01163911578615208
2024-05-10,2024-06-11,507.1589660644531,507.1589660644531,15.817340195049297,0.1354050367745557,0.085641513429861,3.9008204577366428,0.24661671365945387,8.60597740329879,-4.09047375002734,0.0,-0.501613607160669,0.11306958837404966,0.01100005516136172
2024-05-13,2024-06-12,507.22711181640625,507.22711181640625,14.636729309371248,0.12526121627056339,0.08856798457532597,2.5953449685844134,0.17731727585634377,7.425429231619485,-4.196609925285448,0.0,-0.5182095143623902,0.11526482338727279,0.007846084409845676
2024-05-14,2024-06-13,509.5543212890625,509.5543212890625,13.576988948629662,0.11563909404073693,0.08801061821964637,1.8959995164406678,0.13964801206029065,7.1155680331014,-4.612147267576888,0.0,-0.482545859139872,0.1248753899440184,0.0056265311511580485
2024-05-15,2024-06-14,515.8640747070312,515.8640747070312,14.309881197325012,0.12040265410769214,0.07914919125699348,4.142935645017758,0.28951572608389015,8.937491581988978,-4.266954747589783,0.0,-0.39681679165550177,0.13078439772593575,0.008232204639540424
2024-05-16,2024-06-17,514.802734375,514.802734375,13.964487462929696,0.11773230376519106,0.08156356669901396,3.3463201471903403,0.23963071728006657,8.00440073344064,-4.093857107348274,0.0,-0.44021347378168985,0.12401000512039352,0.007208279937194722
2024-05-17,2024-06-18,515.5427856445312,515.5427856445312,13.850937707438021,0.11660452839511562,0.0816198142417227,3.027533341694607,0.2185796662755047,7.667002780502923,-4.083153234417071,0.0,-0.43292469226550706,0.12339151212568178,0.006934821965394005
2024-05-20,2024-06-20,516.13671875,516.13671875,12.971660248237868,0.10905688566734614,0.08302696798562786,1.9774792963670507,0.15244612166246652,6.783071386616364,-4.260096235678177,0.0,-0.41915849037273073,0.12633736419825806,0.004999926898574134
2024-05-21,2024-06-21,517.402587890625,517.402587890625,12.749568787130926,0.10692123805662271,0.08351669774420047,1.6219310353176297,0.127214579755416,6.451437382852305,-4.298437869523843,0.0,-0.4049690566618548,0.12609942134903807,0.004457112345464845
2024-05-22,2024-06-24,515.912841796875,515.912841796875,12.32069202537457,0.10361289219632942,0.08376253999352341,0.9042797836237924,0.07339521041199801,5.643941739325049,-4.155914214899224,0.0,-0.4657152848636616,0.11803245593824035,0.003719468323121573
2024-05-23,2024-06-25,512.1444702148438,512.1444702148438,12.802453338354695,0.10847164641971326,0.07800121149159867,1.0506330151517318,0.08206497515629717,5.015925830650142,-3.281555514382137,0.0,-0.5915548292168042,0.09218247189951441,0.005681909082846188
2024-05-24,2024-06-26,515.532958984375,515.532958984375,12.779173159214736,0.10756007316527917,0.07606275980908238,1.388064070266637,0.10861923952143487,5.283152052549813,-3.265376714548994,0.0,-0.5360529918188804,0.09365827591534338,0.00578362590954605
2024-05-28,2024-06-27,515.8933715820312,515.8933715820312,12.434198685660732,0.10457442997127152,0.07599579461359558,0.9536116150735552,0.07669264736562972,4.90369565846289,-3.30490164202852,0.0,-0.551298623838882,0.09388377752186929,0.005160450604864568
2024-05-29,2024-06-28,512.2807006835938,512.2807006835938,12.85669862083742,0.10890353800038004,0.07223177332759181,0.9566989457352406,0.07441248908056974,4.272831666001804,-2.5826411264606466,0.0,-0.6615511447980084,0.07194044900790683,0.006642551510951615
2024-05-30,2024-07-01,508.8824157714844,508.8824157714844,11.011235991953583,0.09384766639525059,0.06541648387838565,-0.11939822653192778,-0.010843308291564865,2.741849541474589,-2.1084693561823324,0.0,-0.6996822946839915,0.05309611714024726,0.004528068124823157
2024-05-31,2024-07-02,513.517578125,513.517578125,11.246537213718057,0.09499228294013287,0.0627423381055435,0.6087692418913093,0.05412948273080518,3.296917275476936,-1.951631813037334,0.0,-0.6811559687828272,0.05536025176539984,0.005086932827227922
2024-06-03,2024-07-03,513.93603515625,513.93603515625,10.882368052395407,0.09182949592359414,0.06309109918426241,0.25188462111191257,0.023146122231775482,3.013895348805317,-2.003270279522676,0.0,-0.7026616523298056,0.056078795840649,0.004452169525302957
2024-06-04,2024-07-05,514.5106201171875,514.5106201171875,9.96791563462557,0.08398630423987846,0.06408411391069728,-0.33609466250106834,-0.03371764718127987,2.550770201909068,-2.117388148820026,0.0,-0.712698609939092,0.05677810565086898,0.0029469256441542017
2024-06-05,2024-07-08,520.6256713867188,520.6256713867188,10.344015189631648,0.08614164036576813,0.05438698421360687,1.4194132904585786,0.13722072758374634,3.7691435593414755,-1.652899228174938,0.0,-0.627834090028798,0.06899695067911472,0.004462438153054211
2024-06-06,2024-07-09,520.6159057617188,520.6159057617188,10.364807103583502,0.08631720240170897,0.05404125150720677,1.2117625900425537,0.11691125343023528,3.6213748323410737,-1.679074033517946,0.0,-0.6602083758372179,0.07032983294330322,0.004530202565992415
2024-06-07,2024-07-10,519.9829711914062,519.9829711914062,10.400495553078827,0.08672166261176154,0.05909287099231784,0.9504377995085633,0.09138389557093826,3.3293425763512112,-1.6038405611768383,0.0,-0.7093265434249424,0.0657376722406797,0.004028679364033479
2024-06-10,2024-07-11,521.5896606445312,521.5896606445312,10.294950952730915,0.08557201066412438,0.0705870904607054,0.9273517951440908,0.09007831114514389,3.470158904818396,-1.7689796771204789,0.0,-0.7024139795709609,0.0714134529828717,0.0023400316693932104
2024-06-11,2024-07-12,522.8457641601562,522.8457641601562,10.328086863235484,0.08564151342985872,0.07215311825452998,0.8937857910694902,0.08653933714007257,3.5856731827615484,-1.9100168706346647,0.0,-0.7056713134104565,0.07619920764695538,0.002128396348704484
2024-06-12,2024-07-15,527.1398315429688,527.1398315429688,10.767126838868961,0.08856798457532376,0.0688139161952463,1.8873299385489872,0.17528631052583038,4.540023719767693,-1.9560566273565072,0.0,-0.6072393109008548,0.08939784296133692,0.003108932829608408
2024-06-13,2024-07-16,528.2013549804688,528.2013549804688,10.72120636665423,0.08801061821964415,0.07020959962491888,1.6836972583508896,0.15704363863264778,4.464099487409975,-2.107119426739688,0.0,-0.5813883728054087,0.09189442951392843,0.00281648103991255
2024-06-14,2024-07-17,528.5226440429688,528.5226440429688,9.652540583189563,0.07914919125699102,0.08988425533908434,0.8135893207642084,0.08428758353848514,3.7337117567263496,-2.2407676992548318,0.0,-0.5839869253449176,0.09536781136210183,-0.0018145848812259674
2024-06-17,2024-07-18,532.7291259765625,532.7291259765625,10.024586353298872,0.08156356669901157,0.09183871921885618,1.246503369045172,0.12434461883157652,4.322511307016946,-2.55507260215137,0.0,-0.41435880002693004,0.10657653579356512,-0.0017817349350957943
2024-06-18,2024-07-19,534.0826416015625,534.0826416015625,10.056951781995963,0.0816198142417203,0.09491529961617377,1.060984628334154,0.10549763500244053,4.416661610699607,-3.131407392631633,0.0,-0.11092976753496805,0.11333982219886028,-0.0023471200243751107
2024-06-20,2024-07-22,532.6317749023438,532.6317749023438,10.201682552915571,0.0830269679856255,0.10037849017428767,0.1343993864334152,0.013174237262950785,4.570007363794136,-4.614977808371722,0.0,0.2862484590332535,0.10687862802228283,-0.003182363876783484
2024-06-21,2024-07-23,531.917724609375,531.917724609375,10.247807760591883,0.08351669774419813,0.10044335619841634,-0.34084944857522714,-0.0332607184422379,4.26342371392692,-4.367533175349779,0.0,-0.11838443248903832,0.11835555466310609,-0.003113829002306193
2024-06-24,2024-07-24,530.1885375976562,530.1885375976562,10.244416831535574,0.08376253999352111,0.12939297097225785,-3.1456160584065174,-0.30705662509976267,3.6384087424954976,-3.3612615198174582,0.0,-3.3262853271888133,0.09647795389601016,-0.00972637783086134
2024-06-25,2024-07-25,532.2303466796875,532.2303466796875,9.580031703834464,0.07800121149159617,0.12969425825891323,-8.648808000845861,-0.9027953422517511,4.045437845556892,-5.928603001249018,0.0,-6.546504466327099,0.2191383788267237,-0.010736411631172968
2024-06-26,2024-07-26,532.89453125,532.89453125,9.354938539507998,0.0760627598090798,0.1358159014673206,-9.992899193331027,-1.0681950662881192,3.8633505952903384,-7.8723869803599165,0.0,-5.747135501320066,0.23672730694125746,-0.01266041566160717
2024-06-27,2024-07-29,533.7346801757812,533.7346801757812,9.361485994765616,0.07599579461359303,0.13570604456332166,-10.601518673254077,-1.132461094230319,4.645175415398675,-10.105722507542678,0.0,-4.8760144355258594,0.2649571455843196,-0.01264076973207083
2024-06-28,2024-07-30,531.6344604492188,531.6344604492188,8.865546926028742,0.07223177332758911,0.13616369300345027,-9.981751440013838,-1.1259036270743752,4.795098070065947,-9.402608072751995,0.0,-5.122793856063465,0.2514475812642783,-0.013323122214289638
2024-07-01,2024-07-31,532.7284545898438,532.7284545898438,8.051213347390217,0.06541648387838266,0.14735441416893522,-21.00062969481968,-2.6083807233386738,3.9584950278895072,-14.64166091124043,0.0,-10.029828798291526,0.28763501317704293,-0.017434007012059397
2024-07-02,2024-08-01,536.3136596679688,536.3136596679688,7.7766898472706885,0.06274233810554039,0.1539375000038871,-26.231596325406258,-3.373105632419237,3.7622199896364616,-22.256229964239875,0.0,-7.378313134579458,0.3592732162234306,-0.01976015291649679
2024-07-03,2024-08-02,538.70703125,538.70703125,7.8544491837364205,0.0630910991842593,0.16512598984066076,-20.59531667136514,-2.622121066619186,3.4807323777132746,-23.906548342574094,0.0,0.18790103248717982,0.3574017389915146,-0.023286105724579956
2024-07-05,2024-08-05,541.8134765625,541.8134765625,8.023047811653385,0.06408411391069421,0.18883497214226871,-15.157032210498755,-1.8891863249877858,2.8946002003816447,-20.33027012445948,0.0,2.560294267559487,0.2816565539807178,-0.03155187304825257
2024-07-08,2024-08-06,542.4385986328125,542.4385986328125,6.827577361614999,0.054386984213603266,0.1932204120738774,-15.869057555517543,-2.324258915722321,1.9250616249516757,-21.04924059007277,0.0,3.5383094551920466,0.28318804558830746,-0.03437618359014826
2024-07-09,2024-08-07,542.9661254882812,542.9661254882812,6.791261159398431,0.05404125150720315,0.1930977372544154,-15.575563190376442,-2.293471392838635,1.6329218067741091,-20.243211074991596,0.0,3.311289562437971,0.2765634845970478,-0.03436627926831046
2024-07-10,2024-08-08,548.3388671875,548.3388671875,7.492603269749765,0.059092870992314514,0.20886582017139385,-8.599101808411774,-1.1476787838386329,1.0337524940403147,-12.267618477309963,0.0,2.811810470377821,0.1770462955201206,-0.040132963433754706
2024-07-11,2024-08-09,543.61083984375,543.61083984375,8.860189150349413,0.07058709046070262,0.2090506492962871,-12.04212753762772,-1.3591275912154566,2.073582734677639,-15.545655221396851,0.0,1.6474295754854666,0.21748462639377125,-0.03871963663149181
2024-07-12,2024-08-12,547.0396118164062,547.0396118164062,9.112573460172058,0.07215311825452728,0.20709752472656373,-8.757910005898566,-0.961079770075533,1.3974700021975308,-12.007475423837148,0.0,2.011887574431151,0.15979215869000504,-0.03768331227401788
2024-07-15,2024-08-13,548.544189453125,548.544189453125,8.717528096199572,0.06881391619524345,0.21640781229082115,-7.952230063673937,-0.9122115783189424,0.7950685475812214,-10.797665237349367,0.0,2.1884981852399714,0.13813155914580774,-0.04209698615837329
2024-07-16,2024-08-14,551.7970581054688,551.7970581054688,8.94584059175861,0.07020959962491609,0.21539540275424454,-5.761070694949922,-0.6439943385820367,0.22561295287217706,-7.970434187065747,0.0,2.078378370615811,0.09462783137197422,-0.041465791648172205
2024-07-17,2024-08-15,544.060302734375,544.060302734375,11.277187213832548,0.08988425533908218,0.21991728416994671,-8.945319567404226,-0.793222582705015,1.9818776474201387,-12.248339996394968,0.0,1.4763775591644357,0.1552347775940346,-0.04028443251882377
2024-07-18,2024-08-16,539.8790893554688,539.8790893554688,11.43284434033609,0.09183871921885407,0.21840486750576593,-12.470894495712962,-1.0907954420156443,3.918712919088146,-16.190158009741147,0.0,0.03888717214585613,0.23833657720578783,-0.03926633580245165
2024-07-19,2024-08-19,536.2941284179688,536.2941284179688,11.735882988198199,0.09491529961617173,0.21924286006348548,-17.360219291560895,-1.4792427045343435,4.698753564449855,-22.032390753564922,0.0,0.2604720674324986,0.28705416987822086,-0.03905851758758942
2024-07-22,2024-08-20,541.8231201171875,541.8231201171875,12.536843647540564,0.10037849017428573,0.21671118087287103,-11.112402245160979,-0.8863795830572532,4.643412326071877,-16.099365033231763,0.0,0.5730258569677511,0.2294753949688402,-0.03688789462564504
2024-07-23,2024-08-21,540.9732666015625,540.9732666015625,12.525241039634949,0.1004433561984144,0.21684629979528672,-11.911101120635465,-0.9509678163433265,4.87410127742595,-16.926569500261515,0.0,0.37265252007823246,0.23128541787810378,-0.03693344993050581
2024-07-24,2024-08-22,528.7135009765625,528.7135009765625,15.758885684023454,0.12939297097225635,0.20205510887144368,-11.443995337235606,-0.7261931818464591,7.216957412791254,-18.565728853248007,0.0,0.131007653179058,0.22623154995786018,-0.024083726084023784
2024-07-25,2024-08-23,525.9586791992188,525.9586791992188,15.713201303626079,0.12969425825891176,0.20303335106498518,-11.87536102457716,-0.7557569457114207,6.752448934332029,-18.275561400218013,0.0,-0.1367718116476106,0.21547674704369119,-0.02440194101934822
2024-07-26,2024-08-26,531.8493041992188,531.8493041992188,16.637619737087675,0.13581590146731914,0.20080161404523394,-8.836275781546192,-0.5311021601154189,7.467294551534803,-16.199767540031186,0.0,0.09588190434228605,0.19968469739199238,-0.02187532911179055
2024-07-29,2024-08-27,532.1619873046875,532.1619873046875,16.633961787009014,0.13570604456332025,0.20077957624095577,-8.949132050193953,-0.5380036436769472,7.2509339256053655,-16.037712150314306,0.0,0.03823380753165898,0.20058763301694216,-0.021896307704475912
2024-07-30,2024-08-28,529.4657592773438,529.4657592773438,16.605388351522322,0.13616369300344883,0.20109999652899785,-9.621904736343936,-0.579444727979628,6.669355475713846,-15.933147508814399,0.0,-0.1665776304694828,0.1915350727737134,-0.02190065731162549
2024-07-31,2024-08-29,538.072021484375,538.072021484375,18.259615564842193,0.1473544141689339,0.19385925978262986,-2.8206813551033747,-0.15447649185640192,9.864701264409945,-12.693595074958157,0.0,0.18370471660585241,0.17549226116094815,-0.01586808922839946
2024-08-01,2024-08-30,530.452392578125,530.452392578125,18.803904881371324,0.15393750000388584,0.18822653959342445,-4.608954697458444,-0.24510625460695926,8.03155527862106,-12.21859978534165,0.0,-0.2674237175139418,0.15448647322392717,-0.011732476299868632
2024-08-02,2024-09-03,520.5762329101562,520.5762329101562,19.793000491562026,0.1651259898406596,0.19108625416268643,-4.050000379183643,-0.2046178082454049,6.66524697584555,-9.922929661953605,0.0,-0.6734668924953203,0.11885080058021319,-0.00924736400906918
2024-08-05,2024-09-04,505.41510009765625,505.41510009765625,21.971890340085707,0.18883497214226772,0.15472130342384618,-0.18380537584135936,-0.008365478481659052,5.1767307046705,-4.516961967944561,0.0,-0.7801100030820233,0.06346410948537452,0.011719964970797147
2024-08-06,2024-09-05,510.0748596191406,510.0748596191406,22.688828560085057,0.19322041207387644,0.15410154248122956,0.3603703615900713,0.015883162968759298,5.803228417735168,-4.555048683157758,0.0,-0.822549273032213,0.06526009995524595,0.013586842246904415
2024-08-07,2024-09-06,506.6654052734375,506.6654052734375,22.52287908308773,0.19309773725441443,0.165465702689446,-0.17246115353759706,-0.007657153994450777,4.810321620029168,-4.067497178467439,0.0,-0.8606110407952063,0.05467455430410049,0.009907837366262735
2024-08-08,2024-09-09,518.3782348632812,518.3782348632812,24.923088393151062,0.20886582017139296,0.15117444099105964,4.435776140882922,0.1779785904102433,10.246020327037504,-4.749601425989289,0.0,-0.9873905350352586,0.07325222512996377,0.02077121922690929
2024-08-09,2024-09-10,520.6640625,520.6640625,25.0551171305016,0.20905064929628625,0.1511611674949149,4.697735612783106,0.1874960547306393,11.943031807216917,-5.940113684911745,0.0,-1.1997599016370113,0.10542260788530455,0.02085247541277315
2024-08-12,2024-09-11,520.9376831054688,520.9376831054688,24.834324919859057,0.20709752472656281,0.15415316318483216,4.330563544941697,0.1743781463324059,11.870498966035598,-6.2398692934895985,0.0,-1.1868549256919654,0.1132112019123258,0.019126187027979805
2024-08-13,2024-09-12,529.5048217773438,529.5048217773438,26.37633096491132,0.21640781229082026,0.14706905510324625,8.343239736600935,0.31631540215733667,17.88298019403255,-8.09764465576859,0.0,-1.2914008337456755,0.15069496791746448,0.025203034251537214
2024-08-14,2024-09-13,531.1752319335938,531.1752319335938,26.335883382402784,0.21539540275424365,0.14753688145857893,8.077511799038689,0.30671125330225124,17.621471892523594,-8.180122047716749,0.0,-1.2075395467122578,0.15629849905578835,0.02462804813714006
2024-08-15,2024-09-16,540.2798461914062,540.2798461914062,27.349063578412768,0.21991728416994585,0.13647644342045256,12.46396041771925,0.45573627711178144,20.935003577779693,-7.673153904741743,0.0,-0.6389430264693021,0.1589462288494354,0.029737792267988727
2024-08-16,2024-09-17,541.4910278320312,541.4910278320312,27.22205996545,0.21840486750576507,0.1363862170297141,12.923950608704786,0.47476019908514455,20.708057465903938,-7.2505353638127525,0.0,-0.37954739602455334,0.15402409736184816,0.02909948595453452
2024-08-19,2024-09-18,546.6683959960938,546.6683959960938,27.587676459460567,0.21924286006348462,0.1330894651001404,18.129128600262334,0.6571459045093071,21.997587675847605,-6.534362232170942,0.0,2.795548057969026,0.1296449013833087,0.030354625968175206
2024-08-20,2024-09-19,545.779541015625,545.779541015625,27.225099130878164,0.21671118087287014,0.14494613120930022,10.801324603667723,0.3967414242182529,21.940695231716365,-10.681973179851475,0.0,-0.3328188590896075,0.12457858910756882,0.02595435496277016
2024-08-21,2024-09-20,547.6550903320312,547.6550903320312,27.335672562945717,0.21684629979528583,0.14497403180103477,11.095713849008064,0.4059060124991627,20.541988608558487,-9.246505190783171,0.0,-0.043256182583942704,0.15651338618322141,0.026004847838259536
2024-08-22,2024-09-23,543.3568115234375,543.3568115234375,25.27308528054192,0.20205510887144273,0.1415720394175725,7.9881375816048035,0.3160729089042,17.157947127271466,-8.640125528442702,0.0,-0.38099103429509673,0.14869298292886216,0.020783624676199878
2024-08-23,2024-09-24,549.1301879882812,549.1301879882812,25.66514441799103,0.2030333510649842,0.13766528550440063,10.16296469351488,0.3959831485066858,18.53060607256207,-7.8065094592852455,0.0,-0.41884196796904516,0.14228995179289727,0.022270810811668987
2024-08-26,2024-09-25,547.8211669921875,547.8211669921875,25.32283352543078,0.20080161404523297,0.13761265973797335,9.384161351863384,0.3705810150526488,17.302636563865914,-7.491227763883305,0.0,-0.2855098316544936,0.14173761646481567,0.021384044083011474
2024-08-27,2024-09-26,548.5733642578125,548.5733642578125,25.354823672936845,0.20077957624095477,0.13800924975993656,9.601735699884898,0.3786946351409089,17.445124825223832,-7.226631412946981,0.0,-0.4812768148195372,0.13548089757239512,0.021265885216196823
2024-08-28,2024-09-27,545.3887329101562,545.3887329101562,25.247815259780282,0.2010999965289969,0.13608489706876903,8.310880559528641,0.3291722659571205,15.75006103107674,-6.799739561801034,0.0,-0.5096223812637345,0.1298185284833443,0.021922109393745105
2024-08-29,2024-09-30,545.4376220703125,545.4376220703125,24.34193753757455,0.19385925978262886,0.1363363783615809,7.195849894344974,0.29561532984945676,14.664043197286587,-6.811329358341012,0.0,-0.5265287472293272,0.13033519737109517,0.018993804538716637
2024-08-30,2024-10-01,550.644287109375,550.644287109375,23.861098674707762,0.1882265395934234,0.13761429449563586,9.16694346256702,0.38417943731500415,15.79336522758527,-6.768716267873141,0.0,0.27361929789002476,0.13132479503511976,0.016491536157782986
2024-09-03,2024-10-02,539.3126220703125,539.3126220703125,23.72470229477574,0.19108625416268543,0.11367427735914867,6.321880669049278,0.2664682823202961,11.460093556173733,-4.446938360649419,0.0,-0.5965059210111717,0.09476860546373084,0.023592115196801752
2024-09-04,2024-10-03,538.208740234375,538.208740234375,19.17584967985158,0.15472130342384494,0.11358886005618746,1.9564853639283228,0.10202861393850193,7.666134412156388,-5.031613532417393,0.0,-0.5797914233024761,0.09824409250817333,0.011036252604309352
2024-09-05,2024-10-04,536.8997802734375,536.8997802734375,19.05270706960613,0.15410154248122832,0.11542103896558088,1.4531912518605168,0.07627216681343531,7.017807167389337,-4.833183321811372,0.0,-0.6382107024823894,0.09322189123500395,0.010425269159199675
2024-09-06,2024-10-07,527.863525390625,527.863525390625,20.111304872241988,0.16546570268944483,0.10134249557635736,1.8546220951402574,0.09221788973524253,5.295839461801359,-2.554433656806525,0.0,-0.8299631421536307,0.05682056770104887,0.01710859735686774
2024-09-09,2024-10-08,533.773681640625,533.773681640625,18.582547857616447,0.15117444099105837,0.09965739888839387,2.0973158856838836,0.11286481820221735,5.536655433370857,-2.6317853706959737,0.0,-0.7471538642941556,0.06040031269675808,0.012922114455758542
2024-09-10,2024-10-09,536.0987548828125,536.0987548828125,18.661855818841076,0.15116116749491362,0.10066728468540527,2.332674522748448,0.12499692128118209,6.008356491872247,-2.8747456465174523,0.0,-0.7366420770040784,0.06429424560222191,0.012715796352492901
2024-09-11,2024-10-10,541.5985107421875,541.5985107421875,19.22587669521647,0.1541531631848309,0.09767755434715518,3.9298284769797647,0.20440308336927662,8.139256224805935,-3.4285255092515095,0.0,-0.7018613831822476,0.07904085539239455,0.014222293096647652
2024-09-12,2024-10-11,546.1605224609375,546.1605224609375,18.498269268487547,0.14706905510324494,0.09602271241410876,4.123744806102195,0.22292598006058542,9.11387261134989,-4.206050104987479,0.0,-0.6843585308564201,0.09971916940355412,0.012408945669598662
2024-09-13,2024-10-14,549.0130004882812,549.0130004882812,18.653932152865536,0.14753688145857763,0.09783445861908056,4.507537420786093,0.24164006729775014,9.962117373875236,-4.649659311884827,0.0,-0.6906942066553512,0.1142264345489746,0.0121955500972338
2024-09-16,2024-10-15,549.8237915039062,549.8237915039062,17.283398627106806,0.13647644342045115,0.10356865993675828,3.059243356810839,0.1770047328546138,8.823244474208568,-4.956748660495907,0.0,-0.6871611266885146,0.12009133021318555,0.007899352287599724
2024-09-17,2024-10-16,550.0484619140625,550.0484619140625,17.27905197681946,0.13638621702971268,0.10391279585585003,2.6920352083486705,0.15579762199686323,8.480108324448203,-4.958922889022758,0.0,-0.7089195316625808,0.12023069541401868,0.007803331053096326
2024-09-18,2024-10-17,548.4170532226562,548.4170532226562,16.81217631882174,0.133089465100139,0.10269761716124715,1.7960969138224527,0.10683309999620143,7.266513242532255,-4.614445016463854,0.0,-0.7484954219345922,0.10747589031150193,0.007166005150043033
2024-09-19,2024-10-18,557.7755126953125,557.7755126953125,18.61942909385067,0.14494613120929892,0.0874391897658846,6.039227543746051,0.32435084412661136,11.199103122989385,-4.428343443123991,0.0,-0.5925820126857346,0.13895012343364377,0.013363769045628918
2024-09-20,2024-10-21,556.8113403320312,556.8113403320312,18.59081514982188,0.1449740318010335,0.08740229867846845,5.508786521980028,0.2963176427491297,10.486043513740514,-4.185652632243651,0.0,-0.6594786394407851,0.13212572007593804,0.013378308082366862
2024-09-23,2024-10-22,558.2026977539062,558.2026977539062,18.200686345429403,0.14157203941757115,0.08749713915556306,5.261520002730322,0.289083603929673,10.295551718301418,-4.285362632104837,0.0,-0.6112185927704638,0.13745049069558476,0.012386892984442354
2024-09-24,2024-10-23,559.7999267578125,559.7999267578125,17.749986730794035,0.13766528550439924,0.09417884689403454,5.284372404811052,0.2977113439551658,10.250129938003667,-4.4765894895887275,0.0,-0.34708178252691224,0.14208626107701472,0.010082075630717757
2024-09-25,2024-10-24,558.5652465820312,558.5652465820312,17.704080227237228,0.13761265973797196,0.09377928457407814,4.900260517114248,0.2767870713540563,10.02998678635033,-4.382610120704777,0.0,-0.6148976132354378,0.13221853529577723,0.01014268990493292
2024-09-26,2024-10-25,560.7798461914062,560.7798461914062,17.82540088103309,0.1380092497599352,0.09311457918455197,6.283098573920142,0.352480071323703,11.549720063093734,-4.63785995489301,0.0,-0.4780647040769692,0.15069683020361066,0.010376228162583974
2024-09-27,2024-10-28,559.9664306640625,559.9664306640625,17.551823431436333,0.13608489706876764,0.093207853458586,5.575304347518568,0.3176481560048556,10.967551803922124,-4.546296566485771,0.0,-0.6993654482198717,0.14658544169786072,0.009831395263859843
2024-09-30,2024-10-29,562.21044921875,562.21044921875,17.6546634899359,0.13633637836157952,0.09253189519134018,6.7284467547718805,0.3811144153842102,12.213141248577621,-4.657739375595379,0.0,-0.6720221903492284,0.15493292786110185,0.010025456437050604
2024-10-01,2024-10-30,557.1738891601562,557.1738891601562,17.66018966389862,0.13761429449563453,0.08681473820738622,4.876854463272366,0.2761496085878255,9.255393594821822,-3.5151108658848638,0.0,-0.7437798691248112,0.11964839653983642,0.011400895279514222
2024-10-02,2024-10-31,557.4090576171875,557.4090576171875,14.600375973029088,0.11367427735914701,0.11273474993119081,1.600109205609101,0.10959369872152218,6.751288213362513,-4.201030820906191,0.0,-0.823259996926474,0.12688818992079334,0.00021271749107615485
2024-10-03,2024-11-01,556.3900146484375,556.3900146484375,14.562762099684278,0.11358886005618578,0.11345194367568603,0.03865961971550291,0.00265469005473495,7.723175424228964,-5.146568033199838,0.0,-2.3775575974781447,0.16039017383547377,3.10856050727195e-05
2024-10-04,2024-11-04,561.4461059570312,561.4461059570312,14.931501008994132,0.11542103896557923,0.10908495177130137,0.21685773050310786,0.01452350506305304,10.534934044289365,-8.372812757901306,0.0,-1.7446353094486082,0.20062824643635355,0.001422489532946613
2024-10-07,2024-11-05,556.3704223632812,556.3704223632812,12.996660697611901,0.1013424955763555,0.11204446667985922,-2.912641184570191,-0.22410688809513818,7.5040355955086095,-9.069245226828162,0.0,-1.1905148577799567,0.15691669547033624,-0.0022836611039304486
2024-10-08,2024-11-06,561.6323852539062,561.6323852539062,12.9021573990467,0.09965739888839195,0.1364484561408643,-8.10175096800657,-0.6279376942498921,8.901839292558309,-23.824452813260436,0.0,7.072101653424981,0.25123910072952865,-0.0086865840300253
2024-10-09,2024-11-07,565.5223999023438,565.5223999023438,13.122723841882419,0.10066728468540338,0.1368777919806264,-13.155966537709787,-1.0025332161392646,8.579653486968175,-25.204852799211878,0.0,3.7386156739400107,0.26938289940609966,-0.008601627731559586
2024-10-10,2024-11-08,564.5326538085938,564.5326538085938,12.712028435026355,0.09767755434715325,0.1366767779313544,-12.110447763795491,-0.9526762645076151,7.644369694380383,-22.439210419233667,0.0,2.9396383673249926,0.2552454062670684,-0.009139637002455691
2024-10-11,2024-11-11,567.913330078125,567.913330078125,12.572274029203072,0.0960227124141068,0.13584539167850004,-12.920092343089095,-1.0276655053077992,6.847397458689487,-19.760695310839893,0.0,0.24199258378280453,0.24878707472155934,-0.00923360914092283
2024-10-14,2024-11-12,572.557861328125,572.557861328125,12.913375118426643,0.09783445861907863,0.13455028259552523,-10.137698969629696,-0.7850541687713991,6.165172154129647,-14.393098414473425,0.0,-1.688063460232943,0.22170924905296505,-0.008532197253247489
2024-10-15,2024-11-13,568.109375,568.109375,13.561441936171946,0.10356865993675646,0.1307181031898011,-9.219949720241175,-0.6798649998750601,6.6767736678181775,-15.571482083909087,0.0,-0.12363434951132929,0.20160695463902076,-0.006360755180443984
2024-10-16,2024-11-14,570.5785522460938,570.5785522460938,13.66549815398946,0.10391279585584821,0.13299528597610902,-8.38800455276737,-0.6138089119216341,6.296263259991931,-13.809656284473101,0.0,-0.6830782919095987,0.19153323637646943,-0.0068898769492878355
2024-10-17,2024-11-15,570.6275024414062,570.6275024414062,13.507356567567513,0.10269761716124533,0.1413271124298814,-8.264415841682762,-0.6118455376773302,5.951260043872477,-13.51779193960675,0.0,-0.509548685379786,0.18833526056858463,-0.00942655213717063
2024-10-18,2024-11-18,572.8224487304688,572.8224487304688,11.551745085926314,0.08743918976588246,0.14140908929365545,-11.157633739683007,-0.9658829602530392,5.708389734522569,-14.592109805332155,0.0,-2.044477757737761,0.22943591113568979,-0.012350918627947016
2024-10-21,2024-11-19,571.8817749023438,571.8817749023438,11.527930788533695,0.08740229867846631,0.1416859038853239,-11.271552671896131,-0.977760265797868,5.603911624063834,-14.956173931818348,0.0,-1.6727630518486345,0.24652731229291722,-0.012435733545521408
2024-10-22,2024-11-20,571.5780029296875,571.5780029296875,11.534254700939528,0.08749713915556093,0.14163497397291863,-11.124582994770435,-0.9644821692609473,5.434461886190932,-14.890788323922191,0.0,-1.4174310886172898,0.25082546842181364,-0.012404716491901745
2024-10-23,2024-11-21,566.3552856445312,566.3552856445312,12.297918929551258,0.09417884689403257,0.13791252312061128,-8.972548342240202,-0.72959891780386,4.724343124471958,-13.118692932740439,0.0,-0.39933947484333066,0.17885905912815778,-0.010150208831203511
2024-10-24,2024-11-22,567.5801391601562,567.5801391601562,12.272427325300896,0.09377928457407615,0.13802605068203752,-9.061046511549193,-0.7383255383284199,4.847725304298456,-13.096470948458522,0.0,-0.6236173999875475,0.18868346740155784,-0.010256636451654833
2024-10-25,2024-11-25,567.3841552734375,567.3841552734375,12.181568226514344,0.09311457918454999,0.13806442199896088,-9.138061563037809,-0.7501547742554154,4.612163621436714,-12.92747141248237,0.0,-0.6353646332010497,0.18738913879121832,-0.010391459765191322
2024-10-28,2024-11-26,569.13818359375,569.13818359375,12.231419221342662,0.093207853458584,0.13856676048019903,-9.012322825038268,-0.7368174258398913,4.900255294688976,-12.87791374520063,0.0,-0.8376217040181846,0.1970426705082845,-0.010513043163619978
2024-10-29,2024-11-27,570.0592651367188,570.0592651367188,12.162713099716598,0.09253189519133817,0.13949245471167543,-9.025411857451786,-0.7420558047745192,4.88725627504737,-12.79362481783507,0.0,-0.9180803509614758,0.2009629637025429,-0.010895993293788027
2024-10-30,2024-11-29,568.3346557617188,568.3346557617188,11.379752958335985,0.08681473820738407,0.1394803903089365,-10.044603550849956,-0.8826732520139645,3.815257556917396,-12.8859731024702,0.0,-0.7893113875887354,0.1845766177084534,-0.011917980510716634
2024-10-31,2024-12-02,557.1934814453125,557.1934814453125,14.474425282759626,0.11273474993118918,0.11527880759509641,-3.0889310368490897,-0.21340612677232104,3.274807440068365,-5.94550433031136,0.0,-0.339177795950642,0.07905635065554459,-0.0005800796384995005
2024-11-01,2024-12-03,559.545166015625,559.545166015625,14.627738058211094,0.11345194367568437,0.11544937995605857,-3.3256509601783364,-0.2273523730698421,3.5152643829045616,-6.253605836374848,0.0,-0.5005895594395435,0.0867199472681037,-0.0004572158084477189
2024-11-04,2024-12-04,558.3399047851562,558.3399047851562,14.035920755261941,0.10908495177129968,0.11467542048898548,-3.7317196880510437,-0.265869247420199,2.840991107911655,-6.028383675249971,0.0,-0.4666640138556961,0.07766310685694737,-0.0012509253613788539
2024-11-05,2024-12-05,565.09130859375,565.09130859375,14.589949817133231,0.11204446667985755,0.11093682889164498,-2.8209181506465484,-0.19334666575301687,4.236283930874068,-6.154964633421809,0.0,-0.8039332607641314,0.09830418733439888,0.0002469825090395932
2024-11-06,2024-12-06,579.142578125,579.142578125,18.201291879913242,0.1364484561408629,0.07629170713395293,6.135842375413517,0.3371102675511165,10.351856415982999,-3.428773303125862,0.0,-0.6619672313163095,0.1252735061274303,0.012797756605812144
2024-11-07,2024-12-09,583.6205444335938,583.6205444335938,18.39962814398274,0.13687779198062502,0.07577229004560544,7.645925910563619,0.4155478497028256,11.490597580511691,-3.3304537728612176,0.0,-0.38636309743221214,0.1278547996546727,0.012994089998735898
2024-11-08,2024-12-10,586.1487426757812,586.1487426757812,18.452247549769538,0.13667677793135302,0.07569589957969454,9.428855805037983,0.5109868475158056,12.631617888446202,-3.455103516521171,0.0,0.3712084851032979,0.11886705199050653,0.012950672412517189
2024-11-11,2024-12-11,586.7072143554688,586.7072143554688,18.35769434535257,0.13584539167849868,0.0798508531646289,8.313283643332,0.4528500958202623,13.399265736905743,-4.592360916450733,0.0,-0.37665730751537096,0.11696386960768392,0.012077811689165593
2024-11-12,2024-12-12,584.8847045898438,584.8847045898438,18.126534429813034,0.1345502825955239,0.08138475085648102,7.313592692703651,0.40347440494057457,11.741291411078828,-4.079998413123975,0.0,-0.216817453243914,0.1308828520073296,0.011480300874563854
2024-11-13,2024-12-13,585.1688232421875,585.1688232421875,17.61984597635484,0.13071810318979968,0.08143018055660545,7.030684323544392,0.3990207594878697,11.513704972617262,-4.122468738095712,0.0,-0.22884703499987313,0.13170487597728556,0.010456348196057754
2024-11-14,2024-12-16,581.4061279296875,581.4061279296875,17.810896260898403,0.1329952859761076,0.07820616381191575,5.870784613051683,0.3296175850476574,9.82145413121378,-3.3044573829544284,0.0,-0.5348686211418695,0.11134351406575495,0.011571542033690443
2024-11-15,2024-12-17,573.9590454101562,573.9590454101562,18.682117199491245,0.1413271124298801,0.0628916856536403,5.020398387831165,0.26872748598150753,7.387314604885222,-1.489145199326029,0.0,-0.8102237686089557,0.0675472491191483,0.016017988583411667
2024-11-18,2024-12-18,576.310791015625,576.310791015625,18.76952682504401,0.14140908929365414,0.12592045183406111,2.009373169131777,0.10705507857825636,8.1481713091448,-1.9017487957550276,0.0,-4.162199366345163,0.0748499779129384,0.004140570344766545
2024-11-19,2024-12-19,578.4175415039062,578.4175415039062,18.874950361280355,0.14168590388532257,0.12515940748639265,-0.47603458619806815,-0.025220441754093017,10.456253424842453,-4.711985860248042,0.0,-6.055283424295771,0.16501872649637436,0.004410018077455984
2024-11-20,2024-12-20,578.6134643554688,578.6134643554688,18.874568909475556,0.14163497397291733,0.1322052356370648,-1.9422517115301616,-0.10290310315670825,11.326480576702386,-8.789485726515544,0.0,-4.316428003880539,0.16281855783652938,0.0025822415224571425
2024-11-21,2024-12-23,581.7196044921875,581.7196044921875,18.478073510365448,0.1379125231206099,0.13252411731524277,-2.105316905800059,-0.1139359525017076,12.61298333853204,-11.465527485745886,0.0,-3.052965544165077,0.19980721442124763,0.0014572223633085302
2024-11-22,2024-12-24,583.5225830078125,583.5225830078125,18.550573655864923,0.13802605068203613,0.1374591761168495,-4.270794603225909,-0.230224395345082,13.532193649106654,-15.051939368843934,0.0,-2.5438770228384326,0.20717186065032286,0.00015616556815696223
2024-11-25,2024-12-26,585.5020751953125,585.5020751953125,18.618667875136282,0.13806442199895952,0.13709811874984162,-2.5688126535096103,-0.1379697339646974,13.279120102815675,-14.231202276641309,0.0,-1.3845873948462284,0.2321430848378717,0.0002658904571611019
2024-11-26,2024-12-27,588.5591430664062,588.5591430664062,18.783849812165556,0.1385667604801977,0.14106625583356605,-2.2800053222322276,-0.12138115162928732,14.16861039609023,-16.023689295457192,0.0,-0.22118614382017748,0.20374027904488334,-0.0006989414249246283
2024-11-27,2024-12-30,586.7758178710938,586.7758178710938,18.851807122254684,0.1394924547116741,0.14607919552318208,-4.242729839656619,-0.2250569301999726,14.486261432984604,-17.379861878819646,0.0,-1.1162154985718817,0.23291389524964726,-0.001880986443211611
