path,theta,gamma,vega,delta_mismatch,residual,costs,total_pnl
0,2.407035104975462,-1.8043583712932745,0.0,0.0,0.011393908189013015,0.0,0.6140706418711375
1,3.1054656679171067,-3.08271514688938,0.0,0.0,-0.02537988393417792,0.0,-0.002629362906432675
2,3.8268680138412847,-4.041835891139285,0.0,0.0,-0.12494690718554606,0.0,-0.3399147844834829
3,1.7715572099447192,-1.9303524942668582,0.0,0.0,0.07010385537141249,0.0,-0.0886914289506393
4,3.026037036758418,-3.000772658243042,0.0,0.0,0.07608465880932157,0.0,0.10134903732469525
5,3.4618984825896626,-3.0822883049164065,0.0,0.0,-0.008228968665482816,0.0,0.3713812090077937
6,3.061065169853524,-3.138395369301619,0.0,0.0,-0.08514424505819422,0.0,-0.16247444450627313
7,2.4742053587897566,-2.8632072231266292,0.0,0.0,0.04851507164871425,0.0,-0.34048679268816784
8,1.9578458119689406,-2.126652060282671,0.0,0.0,-0.08854067501397635,0.0,-0.25734692332768816
9,0.599493206499073,-0.884978734955312,0.0,0.0,0.1329366449120172,0.0,-0.15254888354432694
10,0.8197142142771813,-1.0001020328382277,0.0,0.0,0.11874167082134203,0.0,-0.06164614773972232
11,1.007180660794209,-1.217750760950503,0.0,0.0,0.10984818224531882,0.0,-0.10072191791097396
12,3.1467429097752047,-2.744895919817074,0.0,0.0,0.08883048557181887,0.0,0.49067747552994945
13,2.7788565823257896,-3.308745552932226,0.0,0.0,0.03774871598619495,0.0,-0.49214025462021027
14,1.6239607940627916,-1.8965464741275075,0.0,0.0,0.1431528555804109,0.0,-0.12943282448439675
15,1.263616636159561,-1.2525542385897084,0.0,0.0,-0.11785127803649514,0.0,-0.10678888046679447
16,2.8707033389470804,-2.8287588638328294,0.0,0.0,-0.025737835034633387,0.0,0.016206640079616363
17,2.5631665349396795,-3.2918014253778876,0.0,0.0,0.0644349990233387,0.0,-0.6641998914148672
18,1.9284104145824275,-1.5299594940058647,0.0,0.0,-0.05982932308978747,0.0,0.33862159748684917
19,2.447849191946331,-2.170378259472781,0.0,0.0,-0.06865342370132907,0.0,0.2088175087721993
20,3.11037753943351,-2.852391154048822,0.0,0.0,0.046750020170173656,0.0,0.3047364055548556
21,1.2874650426336653,-1.1808506049954641,0.0,0.0,-0.10480600860200037,0.0,0.001808429036174175
22,3.609098687810095,-3.5466165741059514,0.0,0.0,-0.00962610739650858,0.0,0.05285600630764975
23,0.6594285934950157,-0.9005021127009146,0.0,0.0,0.12426435182243735,0.0,-0.11680916738342262
24,3.8577503049760042,-4.057329809171776,0.0,0.0,-0.07356282512654576,0.0,-0.27314232932234006
25,0.8395636028250908,-0.7985422326905774,0.0,0.0,-0.12926123899606046,0.0,-0.08823986886154955
26,2.2955025665451387,-2.2261933704697348,0.0,0.0,0.07451677842853156,0.0,0.1438259745039545
27,3.4359050023461553,-3.5466392485432086,0.0,0.0,0.02240466653231879,0.0,-0.08832957966475874
28,2.1346461729084294,-2.394604248433116,0.0,0.0,0.05077601573812925,0.0,-0.20918205978651372
29,2.4486342573989144,-2.2609728922630743,0.0,0.0,0.04481823493268918,0.0,0.23247960006852963
30,3.669842575902866,-3.859883942069983,0.0,0.0,-0.03524083635315907,0.0,-0.2252822025202903
31,1.3838972907447094,-1.3505352757862028,0.0,0.0,-0.10132423784854586,0.0,-0.06796222289001719
32,2.8718698759973704,-2.4115657798930843,0.0,0.0,0.01263816962364542,0.0,0.4729422657279798
33,2.0041863598581116,-1.8041233157383398,0.0,0.0,-0.13515640787610153,0.0,0.06490663624366277
34,1.4526794606618396,-1.7062995830509984,0.0,0.0,-0.10707022276340165,0.0,-0.36069034515253406
35,1.0997042335286236,-1.0797524726023955,0.0,0.0,-0.16149693143271607,0.0,-0.14154517050650384
36,3.8373596681119726,-4.05459183549722,0.0,0.0,0.0978216886016516,0.0,-0.11941047878356237
37,1.9198611194119388,-1.9428383113898928,0.0,0.0,-0.07534004599912059,0.0,-0.09831723797697123
38,1.2822328617806755,-1.21343800853486,0.0,0.0,-0.10563434778993606,0.0,-0.03683949454405422
39,1.6802117195299044,-1.451260597620515,0.0,0.0,0.08297104871562967,0.0,0.311922170625067
40,2.1715418969860534,-2.4411741629684016,0.0,0.0,-0.11154336091656916,0.0,-0.38117562689896545
41,3.282664479196671,-3.421691438075834,0.0,0.0,0.06171668567269606,0.0,-0.07731027320649275
42,1.500712014123571,-1.3433374610319955,0.0,0.0,-0.10610241315003628,0.0,0.05127213994160229
43,3.506469285887302,-3.121327924094431,0.0,0.0,-0.035737717054507956,0.0,0.3494036447383735
44,1.1773046625527142,-1.4169398535645825,0.0,0.0,0.12581200843316157,0.0,-0.11382318257867041
45,1.7657074273620268,-1.7807517440865412,0.0,0.0,0.08147859492881468,0.0,0.0664342782043974
46,1.4668784035324594,-1.581379401906686,0.0,0.0,0.10568645414254406,0.0,-0.008814544231555033
47,3.147327969561357,-3.295971043870357,0.0,0.0,0.29208288756207723,0.0,0.14343981325298572
48,1.5030392479482129,-1.5287539147261195,0.0,0.0,-0.09356121186886422,0.0,-0.11927587864683176
49,3.087147380451091,-2.857720631555069,0.0,0.0,-0.06413633122928819,0.0,0.16529041766663966
50,1.0879451962477547,-0.7016664960578592,0.0,0.0,-0.12415406598117472,0.0,0.26212463420868914
51,1.150130030826952,-1.3818273928055063,0.0,0.0,0.13810101646054038,0.0,-0.09359634551802287
52,3.3770445359716077,-3.774200367913207,0.0,0.0,-0.02365238608528468,0.0,-0.42080821802690593
53,2.6207991878162282,-3.330560167809465,0.0,0.0,-0.09123256019642079,0.0,-0.8009935401895945
54,0.9281007766958611,-0.999755803953187,0.0,0.0,0.12959637892792905,0.0,0.0579413516705074
55,0.9105510806839447,-1.119717662648752,0.0,0.0,0.10886282511164098,0.0,-0.10030375685320791
56,1.4542717848962308,-1.61486581619632,0.0,0.0,0.09684835568064545,0.0,-0.06374567561955757
57,1.0323986413537596,-0.8705359052869579,0.0,0.0,-0.12845766168133502,0.0,0.033405074385598255
58,1.142297869568349,-1.493513537824979,0.0,0.0,0.08236425766380014,0.0,-0.2688514105927169
59,3.4495934657891887,-3.895083904112141,0.0,0.0,-0.13440096299265464,0.0,-0.5798914013155638
60,1.7630530648382348,-1.836616378803984,0.0,0.0,0.07695368410570765,0.0,0.0033903701399111696
61,3.2987222288136553,-3.013127539996611,0.0,0.0,0.029558043804756944,0.0,0.31515273262182575
62,3.552054833207489,-3.1335794104522776,0.0,0.0,0.18555990386212337,0.0,0.6040353266173071
63,1.612415190717279,-1.5834783896308302,0.0,0.0,-0.11319882574014259,0.0,-0.08426202465373933
64,2.8389147909903425,-2.924021422236288,0.0,0.0,0.016915873791993444,0.0,-0.06819075745394798
65,1.4386801288695619,-1.6171890249723817,0.0,0.0,-0.10295729056275878,0.0,-0.28146618666546885
66,2.0343116004366593,-2.0631267155800512,0.0,0.0,0.04823850704452029,0.0,0.019423391901156606
67,1.3557812441189214,-1.6456327883401856,0.0,0.0,0.08650505911829073,0.0,-0.2033464851028981
68,1.8874966287479922,-1.6917363599948825,0.0,0.0,-0.05239995128654157,0.0,0.14336031746661604
69,0.9747307126249124,-1.05284395858509,0.0,0.0,0.11973763468687273,0.0,0.04162438872671714
70,3.3490654851909505,-2.9412007310442023,0.0,0.0,-0.0634823241470783,0.0,0.3443824299995626
71,2.508183077214464,-2.71918187001941,0.0,0.0,0.03405481083713917,0.0,-0.17694398196778138
72,1.2466700900380914,-1.0704393812966124,0.0,0.0,0.08658768638893068,0.0,0.26281839513035266
73,2.9089210905510683,-2.552816837514754,0.0,0.0,-0.02190462189685167,0.0,0.33419963113944107
74,2.9895443475009027,-2.4957433624465652,0.0,0.0,0.009378073017344044,0.0,0.5031790580716802
75,3.962065905951764,-4.384697346918419,0.0,0.0,0.10035972131897122,0.0,-0.32227171964762036
76,3.100093209103415,-3.4796478130403936,0.0,0.0,-0.012185163119914733,0.0,-0.3917397670569329
77,2.4105380301839423,-2.437281543459212,0.0,0.0,0.10032989003987085,0.0,0.07358637676462365
78,3.921744318306298,-3.0812072764785583,0.0,0.0,0.0031406535349600834,0.0,0.8436776953626872
79,1.9446222876370802,-2.6583305656484444,0.0,0.0,0.053610517503805376,0.0,-0.6600977605074689
80,1.3890657785867748,-1.227499550548883,0.0,0.0,-0.11901462251253872,0.0,0.04255160552534676
81,2.901489776109301,-2.949450016875562,0.0,0.0,-0.08374848192016117,0.0,-0.13170872268642597
82,2.290869899055496,-2.4121985431482558,0.0,0.0,-0.08398637383135808,0.0,-0.20531501792410722
83,2.579262077952323,-2.5854468393182457,0.0,0.0,0.04976733077070644,0.0,0.04358256940479066
84,1.36075403268795,-1.2352477171987555,0.0,0.0,0.1091083142318575,0.0,0.2346146297209657
85,2.967123953856006,-3.070802993779493,0.0,0.0,-0.00580110804278805,0.0,-0.10948014796626637
86,1.5162350875770243,-1.4633768804714318,0.0,0.0,-0.09275606590210995,0.0,-0.03989785879655017
87,1.8328859094080243,-1.8012458095619603,0.0,0.0,-0.08832847141272843,0.0,-0.056688371566735896
88,3.2223817789719584,-3.006348767050658,0.0,0.0,-0.059809646389547104,0.0,0.15622336553170157
89,3.7016914652640986,-3.5150491240238946,0.0,0.0,0.010983513482410119,0.0,0.1976258547225882
90,3.1527134483503523,-2.7769436109057635,0.0,0.0,-0.050857421170407605,0.0,0.3249124162742163
91,3.5794771023605816,-3.4622819214770857,0.0,0.0,0.1812787037003944,0.0,0.29847388458392743
92,1.9595093798834333,-1.863494474591617,0.0,0.0,0.057998367020379825,0.0,0.15401327231226958
93,1.8169329370388967,-1.644943429607237,0.0,0.0,-0.09886514940952708,0.0,0.07312435802209905
94,3.6717864377790947,-3.806260075685176,0.0,0.0,-0.03857243483437667,0.0,-0.1730460727404335
95,3.2122837994334263,-3.5603245554109986,0.0,0.0,0.0689286385805331,0.0,-0.2791121173970623
96,2.954264344764174,-3.13943070059582,0.0,0.0,0.07960088014958903,0.0,-0.10556547568202745
97,1.596879671390335,-1.450995818727396,0.0,0.0,-0.0884662376535415,0.0,0.05741761500937059
98,1.3565591254748965,-1.3453019351571036,0.0,0.0,-0.10737506739610121,0.0,-0.09611787707831354
99,2.0829459244512343,-2.4848883544929183,0.0,0.0,-0.033696252427609055,0.0,-0.43563868246930326
100,1.363243306100389,-1.3806233384550903,0.0,0.0,-0.11918623942453693,0.0,-0.13656627177923042
101,1.0605291737604736,-1.0664090629011083,0.0,0.0,-0.13403749460270825,0.0,-0.1399173837433949
102,1.8299916102065226,-1.7925938969718884,0.0,0.0,-0.10063185318885977,0.0,-0.0632341399541616
103,3.624097282362736,-3.3761856558123715,0.0,0.0,0.025176874976230633,0.0,0.2730885015265727
104,1.622192205032675,-1.5624371410335447,0.0,0.0,-0.0771431939203548,0.0,-0.017388129921101836
105,1.4667840251977593,-1.114853311564631,0.0,0.0,-0.10021993523142064,0.0,0.251710778401673
106,2.893975658144418,-3.4602405856058946,0.0,0.0,0.01892240862714974,0.0,-0.5473425188343128
107,1.8992102556726336,-1.7710226049295812,0.0,0.0,-0.034856217584309734,0.0,0.09333143315870984
108,0.790339211054289,-0.7923076091981713,0.0,0.0,0.11989905889314155,0.0,0.11793066074922365
109,2.3818051726222236,-2.446918681496567,0.0,0.0,0.07766652854593255,0.0,0.01255301967158573
110,3.403811307705655,-3.2567001508667945,0.0,0.0,0.02466897805858749,0.0,0.17178013489743194
111,1.9419149056831397,-1.8375523144988415,0.0,0.0,-0.07619824997620413,0.0,0.02816434120802569
112,0.9666792541155115,-0.9550624884689392,0.0,0.0,-0.12494070478635101,0.0,-0.11332393913997407
113,3.3571039441598844,-4.146376677084682,0.0,0.0,-0.07794296658934052,0.0,-0.8672156995141478
114,3.5704875831256193,-3.7956681677017228,0.0,0.0,0.009271548584515973,0.0,-0.21590903599154387
115,1.0861048761697698,-1.2451488315758243,0.0,0.0,-0.11289918206303261,0.0,-0.27194313746910836
116,2.932417329753513,-3.0312977650532114,0.0,0.0,0.026207776994851814,0.0,-0.07267265830486735
117,1.1111710950952094,-1.0395173095951864,0.0,0.0,-0.12691813245230263,0.0,-0.055264346952355936
118,1.3994125742033663,-1.408600315408257,0.0,0.0,-0.07605693900892853,0.0,-0.0852446802137905
119,1.1651655275670947,-1.257760686257693,0.0,0.0,-0.10351348616731017,0.0,-0.19610864485790103
120,2.3135430380984134,-2.332720787281146,0.0,0.0,-0.15646186888246283,0.0,-0.17563961806527573
121,2.3658606104704094,-2.2424804208359626,0.0,0.0,-0.06242140399179678,0.0,0.060958785642654334
122,0.8986030630905875,-0.963840273204525,0.0,0.0,0.10920385724579768,0.0,0.043966647131867376
123,1.0520514575896014,-1.0201546538065847,0.0,0.0,0.12072680639304645,0.0,0.15262361017602188
124,2.1920386813766277,-1.988249848114094,0.0,0.0,-0.09248849208238702,0.0,0.11130034118012588
125,2.6026885030971103,-2.7656608988536004,0.0,0.0,0.0992184987208652,0.0,-0.06375389703558199
126,3.4344587843841006,-3.290641593739691,0.0,0.0,-0.026431059807517768,0.0,0.11738613083690552
127,2.1160166809893135,-2.0862018156742472,0.0,0.0,0.003911283880175923,0.0,0.033726149195146604
128,1.688802245208505,-1.899138836813173,0.0,0.0,-0.1007296510922224,0.0,-0.3110662426969668
129,2.3781052224326156,-2.2916900820534516,0.0,0.0,0.05708091973801302,0.0,0.14349606011718663
130,3.545987295831976,-2.7855918119557845,0.0,0.0,0.006785983350772143,0.0,0.7671814672269761
131,2.0940033894440315,-1.9585408235001929,0.0,0.0,0.09688045594501803,0.0,0.23234302188895128
132,2.8330368388657834,-2.725640212303472,0.0,0.0,0.03468875773395866,0.0,0.14208538429630835
133,3.3622838791466187,-3.655065187855076,0.0,0.0,0.04811987497063179,0.0,-0.24466143373784632
134,2.6460703156333296,-2.4815263036910804,0.0,0.0,-0.1227623832069325,0.0,0.041781628735321874
135,3.75097818022699,-2.9001817309123337,0.0,0.0,0.008886782477030038,0.0,0.8596832317916778
136,3.1112397366031423,-2.8812573647639517,0.0,0.0,-0.0076987062886323485,0.0,0.2222836655505489
137,1.230277556690046,-1.0392954239281667,0.0,0.0,-0.11840978175860913,0.0,0.07257235100317416
138,1.738352415756684,-1.3086427682514137,0.0,0.0,-0.09334614256527454,0.0,0.3363635049399818
139,1.8299927550778572,-2.0186374726480962,0.0,0.0,-0.08043586773028803,0.0,-0.26908058530058554
140,3.040151002627152,-2.569846752076754,0.0,0.0,-0.04933901687247578,0.0,0.42096523367783334
141,1.2781933407920403,-1.2371634980608635,0.0,0.0,-0.11350013337583668,0.0,-0.0724702906446879
142,3.0474865805910656,-2.891014113137924,0.0,0.0,-0.04569952716756995,0.0,0.11077294028555684
143,3.1985348572567447,-3.298971173049861,0.0,0.0,0.04808475283482973,0.0,-0.05235156295830734
144,1.85434756669887,-2.1425065616665346,0.0,0.0,-0.06215966650533815,0.0,-0.350318661473068
145,2.4853121309440502,-2.4196642114049403,0.0,0.0,-0.04577515062257848,0.0,0.019872768916528116
146,2.5788567571273444,-2.3871126392431212,0.0,0.0,-0.04844479921053532,0.0,0.14329931867372636
147,1.0120444735186813,-0.9295804322987643,0.0,0.0,-0.13110866822737055,0.0,-0.048644627007462304
148,2.6977769854169753,-2.2386972766226934,0.0,0.0,0.04720900418456434,0.0,0.506288712978872
149,1.1072708859545206,-1.1767425648147394,0.0,0.0,0.10775891417914839,0.0,0.038287235318961166
150,2.722945536279049,-3.1251526520210606,0.0,0.0,0.02686443361394042,0.0,-0.37534268212812094
151,2.7547616058110465,-2.893618083774245,0.0,0.0,-0.017503006449648452,0.0,-0.1563594844128744
152,2.180766051899559,-1.7954277831526075,0.0,0.0,-0.08753075217674121,0.0,0.29780751657021654
153,1.6097796020529094,-1.6986775590022263,0.0,0.0,-0.0977115856584906,0.0,-0.18660954260784024
154,2.165668536050732,-2.4045391323203464,0.0,0.0,0.07675434745259693,0.0,-0.16211624881691478
155,2.355550341928675,-1.9844865746981069,0.0,0.0,-0.08791284458456129,0.0,0.28315092264607244
156,1.377638270655711,-1.1764303348602048,0.0,0.0,-0.10489143043404267,0.0,0.09631650536151426
157,2.666134741056768,-3.001637420353313,0.0,0.0,-0.06448787560911297,0.0,-0.3999905549056848
158,3.4241775797773846,-3.5015395006309977,0.0,0.0,0.07604776609243927,0.0,-0.0013141547612036675
159,3.6062297591704513,-5.000343915406083,0.0,0.0,0.07924594184224837,0.0,-1.3148682143933286
160,0.8241209121874747,-0.9045726580827732,0.0,0.0,-0.13652399601209086,0.0,-0.21697574190744717
161,1.529917990780342,-1.5709728437745696,0.0,0.0,-0.10072778499252955,0.0,-0.1417826379867222
162,3.303431551376867,-2.801890413339746,0.0,0.0,-0.04664801556318824,0.0,0.45489312247397606
163,2.995009204715769,-3.0233958454443477,0.0,0.0,-0.03141048167759483,0.0,-0.05979712240619506
164,2.0935014179230538,-1.929601927566374,0.0,0.0,0.07601066676025285,0.0,0.23991015711690977
165,2.950823948163332,-3.601061154117629,0.0,0.0,-0.06235859760837793,0.0,-0.7125958035626354
166,2.409457498803957,-2.1681798024156733,0.0,0.0,0.04710906463213295,0.0,0.2883867610204476
167,1.3163086645439812,-1.6512377433311283,0.0,0.0,0.08871586728525921,0.0,-0.2462132115018818
168,1.4541137057245006,-1.2660190951163626,0.0,0.0,0.09639724345777205,0.0,0.2844918540658625
169,2.049769155535091,-2.165404477758014,0.0,0.0,-0.1559000588961744,0.0,-0.27153538111900843
170,3.601342444232129,-3.2989359759258545,0.0,0.0,-0.0048533388962561435,0.0,0.2975531294100193
171,0.8600258457386827,-0.8874561500853534,0.0,0.0,0.12082791537343586,0.0,0.09339761102677357
172,3.3209966741930637,-3.16779557300188,0.0,0.0,-0.022085087040327505,0.0,0.1311160141509191
173,1.1767041840652417,-0.8778870680929666,0.0,0.0,-0.11782924161544094,0.0,0.18098787435671682
174,2.527046144931774,-3.1541036966462848,0.0,0.0,0.07898613038034584,0.0,-0.5480714213341429
175,1.7495487187062588,-1.9808639196443758,0.0,0.0,-0.08094166199098696,0.0,-0.3122568629292175
176,2.716533629570665,-3.0611435308840877,0.0,0.0,0.08525351353385155,0.0,-0.2593563877796754
177,1.1407186414085255,-1.2268957569935572,0.0,0.0,0.09722020757475604,0.0,0.011043091989677123
178,2.497913819837397,-3.180882279642657,0.0,0.0,-0.038984345929875826,0.0,-0.7219528057351852
179,2.7217626450918493,-2.4662762893049086,0.0,0.0,-0.06610946934593984,0.0,0.18937688644099637
180,0.8575448988264909,-0.7176271289282969,0.0,0.0,-0.1308229485687789,0.0,0.009094821329341585
181,3.186100412102153,-3.383621138137523,0.0,0.0,-0.02073563526253517,0.0,-0.2182563612978612
182,2.256151841393739,-2.0998050751586335,0.0,0.0,0.06745879538834908,0.0,0.2238055616235073
183,0.8036433411307361,-0.7027369938227299,0.0,0.0,-0.13579587549602895,0.0,-0.03488952818794644
184,1.4315659295148493,-1.5372305513880278,0.0,0.0,0.0983752917969028,0.0,-0.0072893300762473245
185,2.4287709987090653,-2.3690959585889666,0.0,0.0,0.04520896896554311,0.0,0.10488400908566575
186,3.865166459139309,-2.915973870864342,0.0,0.0,-0.003650443090048491,0.0,0.9455421451849375
187,2.768334149651479,-2.4608606967879316,0.0,0.0,-0.017655969983351404,0.0,0.289817482880224
188,2.15537251344381,-2.337068479605092,0.0,0.0,0.019750426081480095,0.0,-0.16194554007977047
189,1.1500825830496797,-1.300227394296836,0.0,0.0,0.11047757114160235,0.0,-0.03966724010555822
190,1.533435464600769,-1.5067175049590262,0.0,0.0,-0.10999300261553441,0.0,-0.08327504297383825
191,2.7160311004690008,-3.672201677865491,0.0,0.0,-0.01757878638542675,0.0,-0.973749363781863
192,1.3420219558842148,-1.5700344101735977,0.0,0.0,0.07675169822306702,0.0,-0.1512607560663355
193,1.3011012748672155,-1.274269968530597,0.0,0.0,-0.1192833567029269,0.0,-0.09245205036638993
194,3.5720999376286255,-2.899524324935466,0.0,0.0,-0.00017002969395012038,0.0,0.6724055829992324
195,2.4299647126149115,-2.234129229246467,0.0,0.0,-0.07984695317815788,0.0,0.11598853019023636
196,3.4285883965428114,-3.3405538123280905,0.0,0.0,0.028684120124117335,0.0,0.11671870433880827
197,3.2359506676546723,-2.7297290688075178,0.0,0.0,-0.10385430872954426,0.0,0.4023672901176383
198,3.9159405252676045,-4.377949962158337,0.0,0.0,-0.20483452793365448,0.0,-0.666843964824352
199,2.027513375384839,-2.354710860845777,0.0,0.0,0.0619371599767371,0.0,-0.2652603254841921
200,2.915294507573902,-2.571902036168745,0.0,0.0,0.0007351204978013966,0.0,0.3441275919029323
201,1.80475366973522,-1.5004486866253937,0.0,0.0,-0.08659809060665882,0.0,0.2177068925031307
202,2.5247849239004356,-2.4588667596338722,0.0,0.0,0.04062331733486978,0.0,0.10654148160148225
203,1.2222109942101052,-1.2568130654119043,0.0,0.0,0.10170153235891033,0.0,0.0670994611571274
204,1.0132004090480844,-1.028839068826695,0.0,0.0,-0.13483447527103262,0.0,-0.1504731350496371
205,2.065342475296327,-1.8077803453330017,0.0,0.0,0.07302765666497513,0.0,0.3305897866282379
206,3.077167031778385,-3.0466453640903275,0.0,0.0,-0.05168257145183436,0.0,-0.021160903763771444
207,2.8933507921406063,-2.453591118706966,0.0,0.0,0.0006189397429920002,0.0,0.440378613176577
208,1.7861021869268396,-1.8134543909580938,0.0,0.0,0.08932438068003436,0.0,0.061972176648794175
209,1.1882651605820147,-1.579599132086186,0.0,0.0,0.1057526092008589,0.0,-0.2855813623032617
210,2.377667274579874,-2.4440476969854648,0.0,0.0,0.019870279203731175,0.0,-0.04651014320181446
211,2.3353247949517146,-2.0824163852241635,0.0,0.0,-0.11270657845483156,0.0,0.1402018312728046
212,3.609310933288887,-3.3180622633590375,0.0,0.0,-0.02426242460981092,0.0,0.2669862453200409
213,1.0491196306491555,-1.0988471621626859,0.0,0.0,-0.1219316678475867,0.0,-0.17165919936093132
214,2.796403410588916,-2.1492009350800876,0.0,0.0,0.0030363588432961762,0.0,0.6502388343521659
215,2.045520905116913,-2.531742754779875,0.0,0.0,-0.004327238830190282,0.0,-0.4905490884931254
216,1.2539614114720277,-1.104188308103175,0.0,0.0,-0.12384416785400369,0.0,0.025928935514784257
217,3.7281455784124415,-4.088201506939045,0.0,0.0,-0.0053309593363925906,0.0,-0.36538688786299645
218,1.3145687501822705,-1.3186564179051805,0.0,0.0,0.08915202768807144,0.0,0.08506435996511641
219,2.1572090333425815,-2.431259037668842,0.0,0.0,0.04372090181623155,0.0,-0.23032910251004068
220,3.207962609180859,-3.1474552318707403,0.0,0.0,0.09643975535020514,0.0,0.1569471326603349
221,2.15580045533997,-2.1508081969336477,0.0,0.0,0.0641329469833643,0.0,0.06912520538965339
222,1.7225769080533442,-1.5141701761913655,0.0,0.0,0.08376840807714123,0.0,0.2921751399391468
223,3.322090131255958,-3.2468882988002137,0.0,0.0,0.037029761196814844,0.0,0.11223159365248137
224,2.727678994839408,-3.1747326650897136,0.0,0.0,-0.035027698693919994,0.0,-0.4820813689442076
225,1.302890757672508,-1.3198598672265205,0.0,0.0,0.1130510210287687,0.0,0.09608191147481193
226,3.0434633702872027,-2.9932620286588274,0.0,0.0,0.005013258987368502,0.0,0.05521460061571304
227,3.1331078971215764,-3.2019444728815816,0.0,0.0,-0.1162771962425556,0.0,-0.18511377200256618
228,2.1614634541371816,-2.615485191442447,0.0,0.0,0.08092845670785682,0.0,-0.37309328059745894
229,2.2500912413852614,-3.062987504636575,0.0,0.0,0.037167584252006974,0.0,-0.7757286789992719
230,1.0309867942013833,-1.085178126042922,0.0,0.0,0.11513899975062991,0.0,0.06094766790918982
231,2.1882980225375293,-1.9568252701713544,0.0,0.0,-0.048074607331691006,0.0,0.1833981450344453
232,1.1329948318509289,-1.4442381684189867,0.0,0.0,0.10423679816624237,0.0,-0.2070065384018278
233,2.3537924489388122,-1.7724223810527462,0.0,0.0,-0.09825711407638611,0.0,0.48311295380970876
234,2.534988230747011,-2.5292290836928215,0.0,0.0,-0.04732860577142957,0.0,-0.04156945871720552
235,1.5343408170040334,-1.3753412159893237,0.0,0.0,0.07888788887480773,0.0,0.2378874898894452
236,1.67034744245821,-2.1603492604254884,0.0,0.0,0.04637306588859521,0.0,-0.4436287520786948
237,1.8248234843243663,-1.7128786907182012,0.0,0.0,0.09411128222039733,0.0,0.20605607582649554
238,0.48971887618218213,-0.8042515480029235,0.0,0.0,0.13166060756029718,0.0,-0.18287206426053615
239,1.180374286695927,-1.0099813383752965,0.0,0.0,-0.1325501484490903,0.0,0.037842799871555144
240,2.029393173114915,-1.896151638576403,0.0,0.0,0.09628216412307924,0.0,0.22952369866160893
241,2.856771081807852,-2.765211350721584,0.0,0.0,0.06169796576321744,0.0,0.15325769684947943
242,1.148507056079077,-0.988549734131417,0.0,0.0,-0.13750885690226403,0.0,0.02244846504555653
243,1.9471055193616555,-1.671635770477178,0.0,0.0,-0.06922205286769205,0.0,0.20624769601677428
244,3.5822532543458574,-4.350864113855289,0.0,0.0,-0.03575667875822721,0.0,-0.8043675382676412
245,2.964925934358308,-2.912109689867528,0.0,0.0,-0.04604895755011305,0.0,0.006767286940700501
246,2.031211076062309,-2.1309623205477783,0.0,0.0,0.06146462343116799,0.0,-0.038286621054311354
247,0.9166410872089321,-1.0176408732138884,0.0,0.0,0.12272981848242244,0.0,0.021730032477378813
248,2.573636651048005,-2.4797021189990254,0.0,0.0,0.10283961979402517,0.0,0.19677415184301594
249,1.3399166224093213,-1.6562314254247654,0.0,0.0,0.0756367118311534,0.0,-0.24067809118430716
250,3.529098804242774,-3.365710200054982,0.0,0.0,0.05190365144037121,0.0,0.21529225562815668
251,1.4429800789258904,-1.4795279156833026,0.0,0.0,0.1015888615084637,0.0,0.0650410247509825
252,1.4681191784404135,-1.4523398936705225,0.0,0.0,0.08821524788807392,0.0,0.10399453265792147
253,3.5448665075496884,-4.496859028980959,0.0,0.0,0.1431303448520899,0.0,-0.8088621765792112
254,1.2499244480188654,-1.4963304218667832,0.0,0.0,0.11715270695070393,0.0,-0.12925326689735073
255,1.6838460780881563,-1.3345363142132567,0.0,0.0,-0.10140923363164452,0.0,0.24790053024324266
256,1.9162281342163885,-2.036259516851212,0.0,0.0,0.048029299635020874,0.0,-0.07200208299975941
257,0.7852934379778483,-1.0307603868496027,0.0,0.0,0.13065969624219817,0.0,-0.11480725262948965
258,1.0403506427578517,-0.7736849504826285,0.0,0.0,-0.13726709549989013,0.0,0.12939859677528887
259,1.9260691633813973,-1.6374746403824456,0.0,0.0,-0.08270267755995066,0.0,0.20589184543906924
260,3.4630563131093903,-3.365972460028697,0.0,0.0,-0.05264938485373672,0.0,0.04443446822695307
261,1.9237820728412214,-2.2769705952881876,0.0,0.0,0.09328973589135194,0.0,-0.2598987865556097
262,2.015773729519519,-1.6317048359317423,0.0,0.0,-0.0698326826208801,0.0,0.3142362109667971
263,3.628866198369426,-3.434832943901141,0.0,0.0,0.04246146818432336,0.0,0.2364947226526084
264,1.9271689869719268,-1.9547511052071531,0.0,0.0,-0.0808472247410253,0.0,-0.10842934297618001
265,2.4123161869314917,-2.082268169102113,0.0,0.0,-0.1384441545813417,0.0,0.19160386324807632
266,1.2295899152234586,-1.4766749515018294,0.0,0.0,0.11122819807914502,0.0,-0.13585683819923133
267,1.5621095035302839,-1.6111845424734692,0.0,0.0,-0.11127942103082163,0.0,-0.16035445997397346
268,2.0630638469104574,-1.9884407119114362,0.0,0.0,-0.010405762520559077,0.0,0.06421737247845272
269,1.1343344211873023,-0.8685967609952077,0.0,0.0,-0.12344717536994426,0.0,0.14229048482218332
270,1.9118722036700684,-1.6979263293981297,0.0,0.0,-0.15462467700706903,0.0,0.05932119726485041
271,1.0035114490115884,-1.0328769241345408,0.0,0.0,0.11918231339453822,0.0,0.0898168382716733
272,2.724150249683221,-2.891106874827834,0.0,0.0,0.03926903982699456,0.0,-0.12768758531755964
273,2.0405627320543047,-2.1105727251420823,0.0,0.0,0.11797903078743946,0.0,0.047969037699630235
274,1.9044553683427685,-1.9806214685366839,0.0,0.0,-0.04398492719379316,0.0,-0.12015102738773464
275,3.21480012804828,-2.9893694627376397,0.0,0.0,-0.012929710059921887,0.0,0.21250095525077484
276,3.9225973101674025,-4.931997397301471,0.0,0.0,0.02476240825488193,0.0,-0.9846376788792099
277,3.237815334618086,-2.3042455187485937,0.0,0.0,0.04216023462002998,0.0,0.9757300504894744
278,3.8530795963260926,-4.052689900824731,0.0,0.0,-0.06365003050937146,0.0,-0.2632603350079492
279,1.0767148931627069,-1.1214188932600762,0.0,0.0,0.11393697575957797,0.0,0.06923297566207509
280,3.7912517019366487,-3.9366187223091837,0.0,0.0,0.07571303584762189,0.0,-0.06965398452493332
281,2.157878655414562,-2.0882983701400346,0.0,0.0,-0.08636621891867073,0.0,-0.016785933644015927
282,1.4616595025582102,-1.5067809982404936,0.0,0.0,0.08233298512207007,0.0,0.03721148943981234
283,1.3321861823069752,-1.4772630544926644,0.0,0.0,0.09614909614371958,0.0,-0.048927776042106075
284,0.9628189993260196,-1.0880700664584124,0.0,0.0,0.10802347352571909,0.0,-0.01722759360660575
285,2.83781015875362,-2.6325591742219316,0.0,0.0,-0.09811469436325247,0.0,0.10713629016838411
286,2.274214260497785,-2.5114292448816395,0.0,0.0,0.03244146511448071,0.0,-0.20477351926930965
287,3.7411519998878777,-3.258342356129206,0.0,0.0,0.0018818891679166943,0.0,0.4846915329265613
288,2.670096852492232,-2.987872931322343,0.0,0.0,0.062141536479287336,0.0,-0.25563454235077643
289,1.2524750768495165,-1.3118229485794002,0.0,0.0,0.10199614371695558,0.0,0.042648271987076214
290,3.1532107899220834,-2.7195968285471745,0.0,0.0,-0.027353251599554228,0.0,0.4062607097753812
291,3.5033292041676467,-3.8903741428125866,0.0,0.0,-0.0653587503626051,0.0,-0.45240368900755357
292,1.2536718620053366,-0.8728896202931716,0.0,0.0,0.09125989039575287,0.0,0.4720421321078163
293,1.7833498335246107,-1.8878392955817798,0.0,0.0,0.0985967339577194,0.0,-0.005892728099397004
294,2.0682032386180698,-2.330806497359653,0.0,0.0,0.09339139350015055,0.0,-0.16921186524137966
295,1.2620078491357603,-1.4363793723519962,0.0,0.0,0.10883572616594021,0.0,-0.06553579705023083
296,2.016587554215583,-2.2380648135756087,0.0,0.0,0.06796931809387496,0.0,-0.15350794126614176
297,2.0197312020246625,-2.355909580152025,0.0,0.0,0.10801967199861194,0.0,-0.22815870612866718
298,1.5286107484482137,-1.472402237619599,0.0,0.0,0.09387299282163812,0.0,0.150081503650199
299,2.133690475686868,-1.5163505446097645,0.0,0.0,-0.11794527553308752,0.0,0.49939465554398055
300,0.9850673546635863,-0.8711782009129114,0.0,0.0,-0.12187343829148517,0.0,-0.007984284540867748
301,2.7894411163195825,-3.308883421477791,0.0,0.0,-0.03434708319288981,0.0,-0.5537893883510918
302,0.9516279175823998,-1.0737498491185107,0.0,0.0,0.1287455480454798,0.0,0.006623616509401131
303,3.2184390676524646,-3.418954832014252,0.0,0.0,-0.0028387745081431865,0.0,-0.20335453886991672
304,3.982874481993395,-3.374582616905781,0.0,0.0,0.08709669121025784,0.0,0.6953885562978854
305,1.3579570398338427,-1.173431360484527,0.0,0.0,-0.09275316349683,0.0,0.09177251585246893
306,2.7523004310700188,-3.089526925334477,0.0,0.0,-0.046450402367427895,0.0,-0.38367689663186866
307,2.851891451051266,-2.615868935526628,0.0,0.0,-0.031118017064810693,0.0,0.20490449845979697
308,1.4979270254503325,-1.7650224532074794,0.0,0.0,0.08652379967403735,0.0,-0.18057162808317173
309,2.0416198009600657,-1.8189739666250069,0.0,0.0,-0.09228483841736412,0.0,0.1303609959176697
310,2.3733989427386635,-1.8545798766713952,0.0,0.0,-0.0839571046104287,0.0,0.43486196145676104
311,3.3399823549838517,-3.9502319113763753,0.0,0.0,-0.11020839141323685,0.0,-0.7204579478056772
312,0.9988183254365903,-0.9015069862510402,0.0,0.0,-0.12129444623501973,0.0,-0.023983107049474484
313,2.5925715936223015,-2.77940124974731,0.0,0.0,-0.0963211438768086,0.0,-0.283150800001863
314,1.5648965367327474,-1.3805297908571026,0.0,0.0,-0.09166557996487276,0.0,0.09270116591081035
315,1.6710720512158135,-1.6921465611378477,0.0,0.0,0.05826921545316111,0.0,0.037194705531192085
316,3.146922907586947,-2.69654654586677,0.0,0.0,-0.010670025837689473,0.0,0.4397063358825015
317,2.0802457927185922,-2.068179376078691,0.0,0.0,0.012565514410973406,0.0,0.024631931050819844
318,1.5213317899400458,-1.658335370737098,0.0,0.0,0.11342582549959734,0.0,-0.023577755297537806
319,2.9320347901984523,-2.744589725676385,0.0,0.0,0.013804856451131267,0.0,0.20124992097321126
320,2.273773452809971,-2.315605024610721,0.0,0.0,0.046797696553671,0.0,0.004966124752954215
321,1.780941036075523,-1.8671078226364064,0.0,0.0,0.0932390289396057,0.0,0.007072242378697524
322,3.648976382032292,-3.4742502201169136,0.0,0.0,-0.05883176073228754,0.0,0.11589440118308403
323,1.5057640776472738,-1.9545463732902015,0.0,0.0,0.11627314516477169,0.0,-0.3325091504781028
324,3.489802718276624,-3.1770872011809224,0.0,0.0,0.04995756741671854,0.0,0.3626730845124513
325,1.3027731911689742,-1.409941208278253,0.0,0.0,0.08142302211966884,0.0,-0.025744994989707948
326,3.5237133195314247,-4.344267166669429,0.0,0.0,-0.05193594446272759,0.0,-0.8724897916007563
327,1.7100328509590115,-1.446488609558872,0.0,0.0,0.07223497815385779,0.0,0.33577921955395595
328,3.624607541672259,-3.6710724467482394,0.0,0.0,-0.01466693526134604,0.0,-0.06113184033733887
329,2.3120039910146963,-2.1481839524632806,0.0,0.0,-0.08764653158199602,0.0,0.07617350696941116
330,1.4509106129795004,-1.2792020789965535,0.0,0.0,-0.10030387452989556,0.0,0.07140465945305152
331,2.6764645331001895,-2.4559089171619832,0.0,0.0,0.024081451452673333,0.0,0.24463706739084046
332,3.319549346738775,-2.9804855760070446,0.0,0.0,0.013168174077803584,0.0,0.3522319448095601
333,1.028015171266098,-0.94046052762573,0.0,0.0,0.11580966237190697,0.0,0.20336430601230404
334,1.8767013619993822,-1.6813933082180503,0.0,0.0,0.08058543339106683,0.0,0.27589348717235396
335,1.837650426702041,-1.9167542996073137,0.0,0.0,0.07335168918983927,0.0,-0.005752183715486581
336,3.525030444281243,-4.126820440832362,0.0,0.0,-0.04760600576526902,0.0,-0.649396002316398
337,1.3991740379846123,-1.4287561206553931,0.0,0.0,-0.11475526866399065,0.0,-0.14433735133466996
338,2.6377487352368427,-2.713612154920969,0.0,0.0,-0.013232294129311387,0.0,-0.08909571381339276
339,1.5489423377136564,-1.6023408288733025,0.0,0.0,-0.07912831492061295,0.0,-0.1325268060803353
340,1.0633123564167206,-0.858127450172119,0.0,0.0,-0.11313213541724466,0.0,0.09205277082730845
341,3.014855842307641,-2.723775923864668,0.0,0.0,-0.016923944108703584,0.0,0.2741559743342492
342,2.1420770695554157,-2.3908073821948728,0.0,0.0,0.035727117297437085,0.0,-0.21300319534209677
343,1.8587447040606042,-2.098837871125688,0.0,0.0,0.08668201054317916,0.0,-0.1534111565218268
344,0.9057534230613553,-0.8958090592740593,0.0,0.0,-0.12373849159133805,0.0,-0.11379412780384257
345,2.3971628103718237,-2.4124606102673285,0.0,0.0,0.06152356988655644,0.0,0.04622576999106798
346,3.080248004461526,-4.1788768863143755,0.0,0.0,0.04891284054724739,0.0,-1.0497160413056292
347,1.5372686386237526,-1.5571105778877716,0.0,0.0,-0.11823456632685246,0.0,-0.13807650559081708
348,3.1210738341577056,-3.8665449948980974,0.0,0.0,-0.10349892111862687,0.0,-0.8489700818589903
349,2.137049196680347,-2.1494854195984625,0.0,0.0,-0.07523263319290904,0.0,-0.0876688561109944
350,3.0485978629691237,-3.103505076392626,0.0,0.0,0.015020936794230614,0.0,-0.03988627662930355
351,3.403973773104757,-3.3193074305098493,0.0,0.0,0.1570962513476534,0.0,0.24176259394253208
352,3.759103013901366,-4.273872451506627,0.0,0.0,-0.17040352330994057,0.0,-0.685172960915196
353,1.7949569815299535,-1.47040312334375,0.0,0.0,-0.0863877313008848,0.0,0.2381661268853179
354,2.9757865205034872,-2.8163991741385095,0.0,0.0,-0.029921380180024618,0.0,0.12946596618489536
355,2.4851353825901814,-2.2517139028249984,0.0,0.0,0.05825989395272011,0.0,0.29168137371792113
356,3.7250734956744487,-3.527436668162783,0.0,0.0,0.04898358445732262,0.0,0.24662041196899764
357,3.2450793378426237,-3.773402962816225,0.0,0.0,0.005038020468954643,0.0,-0.5232856045045935
358,2.87196611349426,-2.5329701852541953,0.0,0.0,-0.016283483034652595,0.0,0.32271244520545395
359,1.1456084642232252,-1.4341185173155708,0.0,0.0,0.10037504161837087,0.0,-0.18813501147394618
360,3.2507938441097477,-3.089554584829896,0.0,0.0,0.01736779221736689,0.0,0.17860705149715272
361,1.9598547385493768,-1.6758098060239566,0.0,0.0,-0.0566582123487104,0.0,0.22738672017672457
362,1.4227896494675258,-1.3485983637853818,0.0,0.0,0.11292162810189788,0.0,0.18711291378414785
363,2.608945267010413,-2.677931917913393,0.0,0.0,0.05462751170560141,0.0,-0.01435913919739562
364,1.9835917269331547,-2.349452688689006,0.0,0.0,-0.07599175393609738,0.0,-0.4418527156918941
365,3.3246243213202153,-3.432655581243133,0.0,0.0,-0.02556268772605399,0.0,-0.13359394764894716
366,3.443483280145807,-3.4215182423492085,0.0,0.0,0.10772444353257266,0.0,0.12968948132913738
367,1.0510414673656283,-1.1810111540286918,0.0,0.0,-0.11076729912864991,0.0,-0.2407369857917132
368,2.9313204598908156,-2.99022086259016,0.0,0.0,-0.08120890056354324,0.0,-0.1401093032629035
369,2.3511374171624224,-2.256587243240407,0.0,0.0,-0.09927970529887767,0.0,-0.004729531376767682
370,1.6147370326970247,-1.7337809299287452,0.0,0.0,0.10599332128226477,0.0,-0.013050575949478116
371,3.7525368880890886,-4.063893486654444,0.0,0.0,-0.051410893753314695,0.0,-0.36276749231863903
372,1.5175388548721551,-1.7321085646454955,0.0,0.0,0.10130834864052791,0.0,-0.11326136113268603
373,1.6537014331755893,-1.4336069932876556,0.0,0.0,-0.11125145891594872,0.0,0.10884298097199974
374,1.2318057112031324,-1.1063275704636883,0.0,0.0,-0.11766835329118917,0.0,0.007809787448280758
375,2.311489266027757,-2.2924918241912344,0.0,0.0,0.04411317602077891,0.0,0.06311061785727645
376,1.871449225488339,-1.826931039899484,0.0,0.0,-0.07910025948148673,0.0,-0.03458207389260792
377,2.5694206842935934,-2.351360791245323,0.0,0.0,-0.10337039286953709,0.0,0.11468950017868451
378,2.391073386279738,-2.4449234783963574,0.0,0.0,-0.03644958093256658,0.0,-0.09029967304920206
379,2.3040340463131743,-2.5550101838986006,0.0,0.0,0.047035186248799904,0.0,-0.20394095133653423
380,2.1924663654759398,-2.435753245905476,0.0,0.0,0.047908577028192165,0.0,-0.19537830340136964
381,1.8270811247288412,-1.9707821022730998,0.0,0.0,0.09339924309128632,0.0,-0.050301734452887104
382,1.6058472187142563,-2.0052871565981403,0.0,0.0,0.09451132080647737,0.0,-0.3049286170773797
383,1.0709626670997852,-0.9764677608244033,0.0,0.0,-0.12912581387503264,0.0,-0.034630907599776606
384,3.789504619255239,-3.8681090748216254,0.0,0.0,0.008272030729429638,0.0,-0.07033242483691993
385,3.323365331280505,-3.983664176027048,0.0,0.0,0.10827656610977893,0.0,-0.5520222786368123
386,1.1806744905398285,-1.3328621085994055,0.0,0.0,0.1291743249927569,0.0,-0.023013293066782126
387,1.9471073650529702,-2.0642664927247085,0.0,0.0,0.09231259327838046,0.0,-0.024846534393290653
388,3.2361602239263756,-3.146731037854721,0.0,0.0,-0.10083703070711528,0.0,-0.011407844635471065
389,2.1448203778249035,-2.1275064127089967,0.0,0.0,0.07341431720128781,0.0,0.09072828231717267
390,2.766361058569914,-2.626829175975362,0.0,0.0,-0.05872313435214895,0.0,0.08080874824236162
391,3.5890377030953435,-3.185794016869464,0.0,0.0,-0.018476620575623073,0.0,0.38476706565026575
392,3.1979917750818156,-3.6934671231308824,0.0,0.0,-0.10748006823155772,0.0,-0.6029554162806221
393,1.7825437854532096,-1.4369946805563336,0.0,0.0,-0.08673302194432367,0.0,0.25881608295246394
394,3.4030686142206528,-3.218603725518969,0.0,0.0,-0.07497003620035433,0.0,0.10949485250127111
395,2.4340242430793912,-2.5282907620073467,0.0,0.0,0.0009472721077215954,0.0,-0.0933192468202435
396,3.9441959914120326,-4.276344315038531,0.0,0.0,-0.010819040619008333,0.0,-0.3429673642454958
397,1.455977840522788,-1.0266380485384077,0.0,0.0,-0.11936426608836101,0.0,0.30997552589595045
398,1.1006241130413779,-0.9181014902700214,0.0,0.0,-0.1289579391233581,0.0,0.053564683647863376
399,1.5649333406616406,-1.8135449412332867,0.0,0.0,0.06470402472866363,0.0,-0.18390757584303685
400,2.763484816841708,-2.8605178153355606,0.0,0.0,-0.00927564588475578,0.0,-0.10630864437862897
401,2.098362939403381,-2.395170875417251,0.0,0.0,0.05889343484004643,0.0,-0.23791450117370516
402,2.609898696961684,-2.4185846105393667,0.0,0.0,-0.10017812232442799,0.0,0.09113596409787306
403,0.838959621773157,-0.9113390593751399,0.0,0.0,-0.12662443846109572,0.0,-0.19900387606317338
404,2.3722650506665257,-2.183350540928491,0.0,0.0,-0.041583126426149176,0.0,0.14733138331187945
405,2.2274193788211303,-2.076638845852859,0.0,0.0,0.03855661461931729,0.0,0.18933714758763642
406,2.2101883940576896,-2.2931309573926515,0.0,0.0,-0.044448614889786756,0.0,-0.12739117822479784
407,1.0502491639360636,-1.36888828069698,0.0,0.0,0.11031602666813928,0.0,-0.20832309009277594
408,2.001031767503619,-1.9613852825397604,0.0,0.0,-0.06728024281005232,0.0,-0.027633757846189155
409,1.787990547832182,-1.5527216261466403,0.0,0.0,0.07038707205612371,0.0,0.30565599374155283
410,2.088509180869452,-2.263036552637902,0.0,0.0,-0.0834955041460296,0.0,-0.2580228759146195
411,0.8046998087651787,-0.956908603573569,0.0,0.0,0.12200130143320448,0.0,-0.030207493375073113
412,3.635841917289989,-3.2252611682618504,0.0,0.0,-0.015586908207573604,0.0,0.3949938408205895
413,3.289024491334107,-3.21130426170265,0.0,0.0,-0.004117954947183922,0.0,0.07360227468423375
414,1.133807431310152,-1.5843986551294014,0.0,0.0,0.11406318263980492,0.0,-0.33652804117951973
415,2.854193234315482,-3.134197272162888,0.0,0.0,-0.12304068454389464,0.0,-0.4030447223913285
416,3.6639853137462053,-4.454693270787926,0.0,0.0,-0.10717472253173227,0.0,-0.8978826795734278
417,1.608687963212846,-1.3716226108549165,0.0,0.0,-0.09881656579895125,0.0,0.13824878655884731
418,2.367222420356124,-2.53686675360346,0.0,0.0,0.06384161503719533,0.0,-0.10580271821012843
419,1.8625910335449667,-2.071720320822631,0.0,0.0,0.019667601345264754,0.0,-0.18946168593235768
420,3.6434822616357905,-3.1546516926618846,0.0,0.0,-0.0629931763514939,0.0,0.42583739262238396
421,1.286570214110434,-1.348523133579365,0.0,0.0,0.08650914153105256,0.0,0.02455622206198882
422,2.324245068364848,-2.22619509427937,0.0,0.0,0.02919896116187488,0.0,0.12724893524730874
423,1.1281176515839995,-1.080807903028342,0.0,0.0,-0.1341396323229537,0.0,-0.0868298837671233
424,1.5089446259931032,-1.8277705029315001,0.0,0.0,0.08555690200460266,0.0,-0.23326897493375043
425,2.803818879605495,-3.7485621913579927,0.0,0.0,0.011605464876747934,0.0,-0.9331378468757237
426,1.9146946379527372,-1.9305235656917128,0.0,0.0,0.046115361709405535,0.0,0.030286433970474036
427,2.378064926407001,-1.9418929030050611,0.0,0.0,-0.05493275556165525,0.0,0.38123926784031426
428,2.4731423086179927,-2.8684507525047644,0.0,0.0,0.03267604686855555,0.0,-0.3626323970182028
429,2.360252062708036,-2.4604741452880834,0.0,0.0,0.059137262943131,0.0,-0.041084819636893144
430,2.90266303455014,-3.1227677630220523,0.0,0.0,0.03644424085453858,0.0,-0.18366048761733111
431,3.3327324665591433,-3.629354396516166,0.0,0.0,0.037916059125116405,0.0,-0.25870587083194607
432,2.7916231756490606,-2.688119554508046,0.0,0.0,-0.10029110300745822,0.0,0.0032125181335516118
433,1.488304463328792,-1.6449971260000134,0.0,0.0,0.08512630087051763,0.0,-0.07156636180050668
434,1.16777456235821,-1.30537828200946,0.0,0.0,0.11897081736754364,0.0,-0.018632902283684416
435,2.173233548023125,-2.577592576588117,0.0,0.0,0.09383713801751266,0.0,-0.31052189054749135
436,3.1546115168417352,-3.2582865880180902,0.0,0.0,-0.07994518845157425,0.0,-0.1836202596279719
437,1.5098090916250584,-1.318310205016051,0.0,0.0,-0.10340483134601101,0.0,0.08809405526301362
438,3.7178228104225606,-3.2297649428156467,0.0,0.0,-0.05825104402361477,0.0,0.4298068235832915
439,1.217903931140897,-1.1881214846943144,0.0,0.0,0.11581118826726593,0.0,0.1455936347137481
440,2.1875545540042007,-2.187499325428772,0.0,0.0,-0.054455062817422746,0.0,-0.05439983424196271
441,3.54677789654211,-3.9286242537704794,0.0,0.0,0.30140757537959656,0.0,-0.08043878184880526
442,2.9615479175436072,-2.8742491629234155,0.0,0.0,-0.12499984944591906,0.0,-0.037701094825692394
443,3.0952892389887072,-3.003251922904903,0.0,0.0,-0.028049633541453803,0.0,0.06398768254233289
444,3.0709607641962204,-3.00448026768889,0.0,0.0,-0.028127117891959073,0.0,0.03835337861539756
445,3.1048700032816274,-3.2922044093746496,0.0,0.0,-0.03654822666309254,0.0,-0.22388263275614406
446,3.651433272697235,-3.3873881958769596,0.0,0.0,-0.04743097933477644,0.0,0.2166140974855324
447,1.5965516772659143,-1.6323853273954705,0.0,0.0,-0.08686571041779645,0.0,-0.1226993605473723
448,0.9841078862053908,-0.9745081246006408,0.0,0.0,-0.12284491930004417,0.0,-0.11324515769535992
449,3.7931578947483624,-4.223914715126267,0.0,0.0,0.0005585361562756297,0.0,-0.4301982842215608
450,2.070994971438023,-2.3163351879067693,0.0,0.0,0.06135712048563176,0.0,-0.18398309598298113
451,1.418392975556165,-1.5771771225669773,0.0,0.0,0.10845148405501463,0.0,-0.05033266295581029
452,3.0305961878378787,-3.9690263438487294,0.0,0.0,-0.04063528303508973,0.0,-0.9790654390460105
453,2.33561606822354,-2.635416348448426,0.0,0.0,-0.09248163866391965,0.0,-0.3922819188888127
454,1.3134305908466533,-1.3208692837310474,0.0,0.0,0.10467621372183492,0.0,0.09723752083729664
455,2.754195776760881,-1.8253103724909667,0.0,0.0,-0.027387661814805005,0.0,0.9014977424551489
456,2.256684510672885,-1.7861390123224066,0.0,0.0,0.04566156553784451,0.0,0.5162070638883307
457,2.0487433627653715,-2.209101835950454,0.0,0.0,0.034166721785971174,0.0,-0.1261917513991193
458,1.8843423480233212,-2.0792831328616663,0.0,0.0,-0.059503514727304994,0.0,-0.25444429956571923
459,1.0573738888276505,-0.7410230178915592,0.0,0.0,-0.13912370088608841,0.0,0.1772271700500312
460,3.0574632954935796,-3.005817475344067,0.0,0.0,0.14905531306902592,0.0,0.20070113321855843
461,2.908190677077647,-3.5227723458126214,0.0,0.0,-0.05580886671540517,0.0,-0.6703905354503803
462,2.207423071137014,-2.3243569362206618,0.0,0.0,0.03315371441967795,0.0,-0.0837801506640119
463,2.63447944402662,-3.1981482710033706,0.0,0.0,-0.012858232324835695,0.0,-0.5765270593016112
464,1.3898782451615863,-1.4642209447672014,0.0,0.0,0.08503522157767349,0.0,0.010692521972160307
465,2.4977306668045736,-2.14950031654516,0.0,0.0,0.03533362787160457,0.0,0.38356397813103627
466,0.8402786839652235,-1.1139622137275103,0.0,0.0,0.12806179636600973,0.0,-0.14562173339631101
467,3.540198077092761,-3.5565645749550647,0.0,0.0,-0.026679618491933912,0.0,-0.04304611635427591
468,0.6254598624119948,-0.8460488753438067,0.0,0.0,0.1240155639745046,0.0,-0.09657344895730091
469,2.227897931147759,-2.30024636082138,0.0,0.0,0.13061264829002692,0.0,0.05826421861637243
470,1.669910384050459,-2.033509653950099,0.0,0.0,0.07555110905909332,0.0,-0.2880481608405887
471,1.9461939261148777,-2.045254428014651,0.0,0.0,0.06104112842306737,0.0,-0.03801937347670048
472,2.6228693219749677,-3.1319238856991185,0.0,0.0,0.09951837422809352,0.0,-0.409536189495995
473,0.8438488143108133,-0.8805724263903598,0.0,0.0,0.11012162171564148,0.0,0.07339800963605114
474,1.7229741134089132,-1.310270772292627,0.0,0.0,-0.07176905489783052,0.0,0.34093428621838484
475,1.4036611681053721,-1.3702441845975697,0.0,0.0,-0.08526715150303543,0.0,-0.05185016799519815
476,1.4568875266374113,-1.4036193311076355,0.0,0.0,-0.09136234659853815,0.0,-0.03809415106861991
477,1.342278385496916,-1.504032286442477,0.0,0.0,-0.10019081260714861,0.0,-0.2619447135527082
478,2.1672258365604757,-2.491664904797637,0.0,0.0,0.044202365045431395,0.0,-0.28023670319169014
479,3.59108802276901,-3.378841082980943,0.0,0.0,-0.02906762005743499,0.0,0.1831793197305842
480,2.2107614713465193,-2.3784978206841925,0.0,0.0,0.08326703662744894,0.0,-0.08446931271019764
481,1.7501725531037453,-2.14302044208843,0.0,0.0,-0.12152049810569937,0.0,-0.5143683870903715
482,1.8319054080258979,-1.524346267825938,0.0,0.0,-0.0999542140163667,0.0,0.20760492618360615
483,3.0694156403974397,-3.0899531077848668,0.0,0.0,0.06814945270051617,0.0,0.04761198531311095
484,1.8641966794912304,-2.582173484134433,0.0,0.0,0.06568549726286778,0.0,-0.6522913073803664
485,1.1954328762570934,-1.1558629109383682,0.0,0.0,-0.1182284011768714,0.0,-0.07865843585818766
486,2.320752231343715,-2.205054074531827,0.0,0.0,-0.05407148194412712,0.0,0.06162667486782425
487,3.2796495035815267,-3.0766596816845504,0.0,0.0,-0.05317167337236916,0.0,0.1498181485246306
488,3.380110134174408,-3.1435205245524203,0.0,0.0,0.16274869676538944,0.0,0.39933830638744183
489,1.816030009822854,-2.0645601134377767,0.0,0.0,-0.07442208780374897,0.0,-0.3229521914186364
490,3.7492824455128657,-3.1770433298968785,0.0,0.0,-0.008553580247985661,0.0,0.5636855353679806
491,2.0112787770388243,-1.8202824871668382,0.0,0.0,0.06162556511914861,0.0,0.2526218549911903
492,2.166750465978255,-2.0673004425561223,0.0,0.0,0.05171254312732421,0.0,0.15116256654948756
493,0.3757150908085459,-0.7642416038897245,0.0,0.0,0.14379486089606264,0.0,-0.24473165218509507
494,2.9258344727494032,-2.652485019099167,0.0,0.0,-0.05427775599497145,0.0,0.21907169765528067
495,2.5323208406472184,-2.748898117386525,0.0,0.0,-0.05941705417581901,0.0,-0.2759943309151822
496,3.6904574004381705,-4.6960540387464205,0.0,0.0,-0.008211594556160934,0.0,-1.0138082328643918
497,1.3530618691192955,-1.2357039383706687,0.0,0.0,-0.11264845865242284,0.0,0.0047094720961951
498,2.0468901899823098,-2.121609595869655,0.0,0.0,-0.04988242820976381,0.0,-0.12460183409714887
499,2.1595668620128685,-2.40273683881769,0.0,0.0,0.0850136946806384,0.0,-0.15815628212426702
500,1.8663590794300209,-1.6114200058702175,0.0,0.0,0.06014677724190435,0.0,0.31508585080175067
501,1.6031725960530805,-1.6207970277950217,0.0,0.0,0.11126950839566502,0.0,0.09364507665374333
502,2.0707628063214485,-2.050778121191954,0.0,0.0,-0.09967284047456902,0.0,-0.07968815534505325
503,3.728043636103918,-3.315606401723474,0.0,0.0,-0.05921728054569613,0.0,0.3532199538347113
504,2.281929200942284,-1.9783736999545123,0.0,0.0,-0.0005984840275838127,0.0,0.30295701696010724
505,3.4312043611684144,-3.590540239700792,0.0,0.0,-0.014563232337249692,0.0,-0.17389911086961263
506,2.0409600635971916,-2.0200121117772674,0.0,0.0,0.08312875134373278,0.0,0.10407670316357098
507,2.703065902380991,-2.2552960315929043,0.0,0.0,0.026309589500216182,0.0,0.4740794602882801
508,3.563245461925777,-3.5089977205556138,0.0,0.0,-0.201575040104094,0.0,-0.14732729873396977
509,0.7540565745865184,-1.0445855979011711,0.0,0.0,0.13871679714909854,0.0,-0.15181222616551793
510,2.2132628549929256,-1.9949928850537586,0.0,0.0,-0.050217793554472125,0.0,0.16805217638464853
511,1.2346294385363183,-1.5070254397706857,0.0,0.0,0.11511079865602514,0.0,-0.15728520257825096
512,2.4848116080327434,-2.4375704428958067,0.0,0.0,-0.08950422742415534,0.0,-0.04226306228717647
513,2.7642794269981925,-2.9215538340744653,0.0,0.0,0.05318832179017413,0.0,-0.10408608528608454
514,3.8351057386607703,-4.747827042723694,0.0,0.0,-0.030136521537727626,0.0,-0.9428578256007256
515,1.1248138361017614,-1.0112207597036156,0.0,0.0,-0.12552151279273555,0.0,-0.011928436394526898
516,3.0775444123826334,-3.11409944463973,0.0,0.0,0.08440422074496726,0.0,0.047849188487916194
517,1.278600072361555,-1.4000857338355404,0.0,0.0,-0.12364653717299635,0.0,-0.245132198646985
518,1.8128442423302347,-1.6134237252783494,0.0,0.0,0.08489977968474534,0.0,0.2843202967365954
519,1.2143717252151969,-1.3280003535052833,0.0,0.0,0.12895065156446184,0.0,0.015322023274364938
520,2.6462232976596485,-2.742086866055507,0.0,0.0,-0.031136518540779694,0.0,-0.12700008693663278
521,2.4041200368813596,-2.8060592465233305,0.0,0.0,-0.06755547936359146,0.0,-0.469494689005586
522,2.9264112631756753,-3.6299202480517496,0.0,0.0,-0.006187112085833017,0.0,-0.7096960969619204
523,1.6180389368717185,-1.424347877237705,0.0,0.0,0.10943661505071067,0.0,0.30312767468478796
524,1.738952264762053,-1.760973874999057,0.0,0.0,0.10093366090329309,0.0,0.07891205066620444
525,1.985866222000297,-1.627976062217053,0.0,0.0,0.06954690366398031,0.0,0.4274370634472433
526,1.9025769363460991,-2.08666488541102,0.0,0.0,-0.06976769271076537,0.0,-0.25385564177571496
527,3.6089279705161923,-3.822074262698982,0.0,0.0,-0.04503140394835288,0.0,-0.2581776961311988
528,1.8255831947678018,-1.3727210486628711,0.0,0.0,-0.10583626958376662,0.0,0.3470258765211156
529,1.5879719816308828,-1.4953962699690897,0.0,0.0,-0.11299230267721985,0.0,-0.020416591015504082
530,3.7536543818904082,-2.700085941705158,0.0,0.0,0.10635859473883036,0.0,1.1599270349241095
531,4.074235117171622,-3.086167214276389,0.0,0.0,0.11287625754563833,0.0,1.1009441604409176
532,1.6261405067561934,-1.3359089773127737,0.0,0.0,-0.12215675410358043,0.0,0.16807477533978954
533,1.2533690008462097,-1.6940795287774926,0.0,0.0,0.10728716876644699,0.0,-0.3334233591648541
534,3.053258920534217,-2.507488490083211,0.0,0.0,-0.06688034854185392,0.0,0.47889008190921345
535,2.147751081961466,-2.116637335195894,0.0,0.0,-0.10463248548600106,0.0,-0.07351873872039505
536,1.7972598235156878,-1.7986039982089619,0.0,0.0,0.0967635057905161,0.0,0.09541933109717604
537,2.3997745837931475,-2.2940331655746657,0.0,0.0,-0.02641799188941627,0.0,0.07932342632906852
538,2.32689956117383,-1.8968314441421734,0.0,0.0,0.0675834208863359,0.0,0.49765153791796024
539,1.7191731711874412,-1.9076213081889326,0.0,0.0,0.04600779892669245,0.0,-0.14244033807482026
540,1.527987966907792,-1.5250418465434745,0.0,0.0,0.07559308386927119,0.0,0.07853920423360705
541,2.929395865330279,-2.7977700781180093,0.0,0.0,-0.1061604298085842,0.0,0.025465357403717803
542,0.6579806721550889,-0.7383978328886737,0.0,0.0,0.13015323819807487,0.0,0.04973607746447328
543,1.481919745101836,-1.7142521086599494,0.0,0.0,0.09084123431031904,0.0,-0.14149112924773988
544,1.5853836485092496,-1.5672040530480662,0.0,0.0,0.07722591521466406,0.0,0.09540551067571812
545,2.6064861277787785,-2.5751229430294886,0.0,0.0,-0.020180933328535548,0.0,0.011182251420791545
546,1.1457200935996164,-0.9315264634507946,0.0,0.0,-0.10169880469444076,0.0,0.11249482545433409
547,1.3741439996825742,-1.2928102487173447,0.0,0.0,-0.10366179038537432,0.0,-0.022328039420173695
548,1.8485058625835236,-2.1158562461158335,0.0,0.0,0.05637599497862099,0.0,-0.2109743885536659
549,2.73366674028879,-2.6836289223858123,0.0,0.0,-0.04760705532789711,0.0,0.002430762575073686
550,3.010547103070507,-2.902764944655694,0.0,0.0,0.01543997144984556,0.0,0.12322212986468628
551,1.2315119501843892,-1.3443015647691652,0.0,0.0,0.1138717469026388,0.0,0.0010821323176344322
552,1.6193997531310715,-1.7377763034504636,0.0,0.0,0.08794289965368203,0.0,-0.030433650665756318
553,3.343877401988318,-2.897854582293951,0.0,0.0,-0.10238449859620431,0.0,0.3436383210980978
554,2.2537003643017197,-2.1733508713465857,0.0,0.0,0.07324796186091098,0.0,0.15359745481603682
555,2.9967952859983114,-2.7077770745809757,0.0,0.0,0.035149021083206965,0.0,0.3241672325004572
556,1.497163453065739,-1.2256933050265328,0.0,0.0,-0.12124539275418776,0.0,0.15022475528506618
557,3.0220353391655923,-3.127322645714528,0.0,0.0,-0.04716573797172051,0.0,-0.1524530445206267
558,1.6668960289533175,-1.4987084383087075,0.0,0.0,-0.0911066102192445,0.0,0.07708098042533607
559,3.6739767617762036,-4.420565232872933,0.0,0.0,0.3035021749329476,0.0,-0.44308629616375583
560,2.9619878730131073,-2.413143888740675,0.0,0.0,-0.0030885509592748616,0.0,0.5457554333131895
561,2.7532016119233846,-3.2548682794707076,0.0,0.0,-0.016954102291751556,0.0,-0.5186207698390888
562,1.0627958841784044,-1.1352993748902183,0.0,0.0,0.10770210208750787,0.0,0.035198611375719224
563,1.0617456547337851,-1.009556277531076,0.0,0.0,0.10935133243060237,0.0,0.16154070963335698
564,1.009894042240828,-0.9390364411175653,0.0,0.0,-0.1377981647632559,0.0,-0.06694056364005974
565,3.4478287520942192,-4.5179551841120045,0.0,0.0,0.06657475433760504,0.0,-1.0035516776801643
566,3.3143112291826693,-3.464228093409751,0.0,0.0,0.06786831373419412,0.0,-0.08204855049298487
567,3.355978622904314,-3.279054490400656,0.0,0.0,-0.009687795104957913,0.0,0.06723633739869683
568,3.163212175115872,-2.724743023469418,0.0,0.0,-0.029597692740014853,0.0,0.4088714589064182
569,1.7335966161986764,-2.042766875113594,0.0,0.0,-0.08919445187881586,0.0,-0.39836471079377134
570,1.2477193797514898,-1.2580168107177319,0.0,0.0,0.10629131140668652,0.0,0.09599388044037482
571,3.7801308434715186,-4.004241178882939,0.0,0.0,0.14448089800238217,0.0,-0.0796294374090567
572,3.498508044781392,-3.743843047932975,0.0,0.0,-0.11204651352548575,0.0,-0.35738151667706575
573,1.229978128991245,-1.4147389909423533,0.0,0.0,0.09662953496132577,0.0,-0.08813132698990955
574,3.6241233017990466,-3.536329481147971,0.0,0.0,-0.04109035619543528,0.0,0.04670346445567475
575,2.865711603374864,-3.1790717207250343,0.0,0.0,0.04211446945351681,0.0,-0.2712456478967198
576,1.189015917804724,-1.2280330372034793,0.0,0.0,-0.11509388473343063,0.0,-0.15411100413223267
577,3.8478961840361063,-4.264682980218666,0.0,0.0,0.00987232068976537,0.0,-0.4069144754927976
578,1.7000815564499137,-1.5425427003973784,0.0,0.0,0.09569141351618493,0.0,0.2532302695687605
579,1.722335800976104,-1.7933538758225114,0.0,0.0,0.08636610916569394,0.0,0.015348034319316639
580,1.4433013378870734,-1.6310515395093832,0.0,0.0,0.08900251947747141,0.0,-0.09874768214493201
581,2.595478708348605,-2.2586957169999953,0.0,0.0,0.035846368295032155,0.0,0.37262935964371025
582,2.496465973507654,-2.300876505445906,0.0,0.0,-0.0020069774206547372,0.0,0.19358249064111988
583,2.045888674086827,-2.1357390821609523,0.0,0.0,-0.12812929741838938,0.0,-0.21797970549255297
584,3.1139236805139343,-2.8113827691081843,0.0,0.0,0.0061836007866805515,0.0,0.3087245121923843
585,2.762136113625851,-2.7505107680199714,0.0,0.0,0.009868230365553902,0.0,0.02149357597136259
586,2.0705071533084314,-2.5501999973898615,0.0,0.0,0.021622740929287013,0.0,-0.4580701031521528
587,3.8951751457224035,-3.1117844364325378,0.0,0.0,0.11444741302708014,0.0,0.8978381223169691
588,1.7120880344135463,-1.6604752564757712,0.0,0.0,0.08012824452411677,0.0,0.13174102246190955
589,3.822714008734391,-3.541194275293462,0.0,0.0,-0.007229942893197439,0.0,0.2742897905477406
590,1.647360242536463,-1.7491417170199948,0.0,0.0,0.08184465625797126,0.0,-0.019936818225545494
591,1.5496793241832363,-1.7555733424373194,0.0,0.0,-0.09292973063359579,0.0,-0.298823748887699
592,2.5573078600313215,-3.0247403390900036,0.0,0.0,0.05893855694970306,0.0,-0.4084939221090309
593,2.7205024366892907,-2.3278346303999777,0.0,0.0,-0.14072720004715578,0.0,0.2519406062421652
594,0.7834097370721993,-1.0792710109999095,0.0,0.0,0.11730940042514626,0.0,-0.17855187350259882
595,2.472897588718195,-2.67078290366451,0.0,0.0,0.017119298722734246,0.0,-0.18076601622360045
596,3.6251631295218685,-3.138816028807595,0.0,0.0,-0.014341210512723412,0.0,0.47200589020159356
597,2.457120022899613,-2.1322075366201427,0.0,0.0,-0.04257347008218052,0.0,0.2823390161973265
598,1.96053297895947,-1.8169597457684188,0.0,0.0,-0.06829364713893718,0.0,0.07527958605209051
599,2.291921635485734,-2.1468666219661854,0.0,0.0,0.06909127482248754,0.0,0.21414628834205018
600,2.6419179258181535,-4.017554138920516,0.0,0.0,0.1255332814510406,0.0,-1.2501029316512522
601,1.731901248187446,-1.826105890184137,0.0,0.0,-0.07982460854205571,0.0,-0.1740292505387231
602,3.4516026035412604,-3.118422326211119,0.0,0.0,0.14826480147515672,0.0,0.48144507880529375
603,2.7608319432419597,-3.3417285250706583,0.0,0.0,0.0726319024908841,0.0,-0.5082646793377421
604,2.6556822350043787,-2.8900313514579556,0.0,0.0,0.04039161872871942,0.0,-0.19395749772479576
605,0.582001386203761,-0.8387310120154484,0.0,0.0,0.12648984668962834,0.0,-0.13023977912196472
606,3.3245289299350977,-2.6569136383476297,0.0,0.0,-0.010783736350098216,0.0,0.656831555237332
607,2.9687354466408027,-2.6720865094634236,0.0,0.0,-0.008067992824914985,0.0,0.28858094435247494
608,3.184202516340123,-3.1670903146902556,0.0,0.0,-0.008377751212991967,0.0,0.008734450436890029
609,2.8021389229895624,-3.0271934189695484,0.0,0.0,0.06003164356501418,0.0,-0.1650228524149071
610,3.160967222512694,-3.54323792848098,0.0,0.0,-0.013156482862555876,0.0,-0.3954271888308938
611,2.9873690669618123,-3.1931351713841947,0.0,0.0,-0.02983402341199951,0.0,-0.23560012783440243
612,1.3649711377068245,-1.3396214421662356,0.0,0.0,0.1006765514239083,0.0,0.1260262469644573
613,1.6284128482681346,-1.345936257416968,0.0,0.0,0.07730611000860842,0.0,0.35978270085983866
614,2.005759247866009,-1.85506866624634,0.0,0.0,0.05979663741242247,0.0,0.21048721903211742
615,2.970520939166868,-2.799542988413542,0.0,0.0,-0.009719590226746278,0.0,0.16125836052658826
616,2.003148666100535,-1.8923603323067175,0.0,0.0,-0.0693751262390601,0.0,0.04141320755472577
617,1.7392251575544746,-1.8137202252713571,0.0,0.0,0.09502080255174906,0.0,0.02052573483484821
618,2.795725692270616,-2.8359292904367366,0.0,0.0,0.07892921352538301,0.0,0.03872561535919772
619,2.0183444971118267,-2.1020145363204557,0.0,0.0,0.09268645416148666,0.0,0.00901641495293859
620,1.6230848786869199,-1.6216493637414608,0.0,0.0,-0.09198690651812588,0.0,-0.09055139157253222
621,2.104454951488414,-1.934777450113607,0.0,0.0,0.0746334660199722,0.0,0.24431096739489533
622,2.0723583464145,-2.0023848597458205,0.0,0.0,0.1199270783708163,0.0,0.18990056503950825
623,3.3172716020754724,-3.2449439330760135,0.0,0.0,0.03011287259229626,0.0,0.10244054159174709
624,2.2483942682467526,-2.646400162980156,0.0,0.0,0.05099521834321875,0.0,-0.3470106763901981
625,3.1250239379675486,-3.0450454160573153,0.0,0.0,-0.023387984974912002,0.0,0.05659053693534588
626,2.295153959466506,-2.5617952417240244,0.0,0.0,-0.09684482935946566,0.0,-0.3634861116170214
627,1.3324566489623253,-1.4986240340237085,0.0,0.0,-0.08163262902705071,0.0,-0.24780001408848307
628,3.391781819459922,-3.178666877185776,0.0,0.0,0.006937508006523917,0.0,0.2200524502807184
629,2.9484868116390475,-3.1638310543875354,0.0,0.0,0.009825697069313534,0.0,-0.20551854567916905
630,1.7888430302044058,-1.616926206297197,0.0,0.0,0.08525451329995447,0.0,0.25717133720715424
631,2.8190162209559335,-2.8805637995087356,0.0,0.0,0.01514297007746634,0.0,-0.04640460847531358
632,0.36401903945298203,-0.517838921908657,0.0,0.0,0.14229603143389755,0.0,-0.0115238510216642
633,1.4867009709613748,-1.5533871390624943,0.0,0.0,-0.06945119947778061,0.0,-0.1361373675788684
634,1.3955190612127335,-1.3882650897906266,0.0,0.0,0.08691830055543474,0.0,0.09417227197747025
635,1.245015306030183,-1.3040530911327313,0.0,0.0,-0.10942974123696411,0.0,-0.16846752633958317
636,1.6429712779323264,-1.3699727063280067,0.0,0.0,-0.10152245145330567,0.0,0.1714761201510271
637,2.3159067831608806,-2.045395470948448,0.0,0.0,0.055932583187188155,0.0,0.3264438953996205
638,2.1242354385731717,-2.073322995271575,0.0,0.0,0.0986593494513633,0.0,0.14957179275300803
639,2.274889798621549,-2.5956214810302662,0.0,0.0,0.03627400933986493,0.0,-0.2844576730688715
640,3.476849419897545,-3.0377064641577074,0.0,0.0,0.006380377500838419,0.0,0.4455233332406223
641,3.4283184212179254,-3.513079177769098,0.0,0.0,0.029769740467823852,0.0,-0.05499101608332069
642,2.5161577095016194,-2.7145722859265624,0.0,0.0,0.051763104205076814,0.0,-0.14665147221982977
643,3.447398256121759,-3.3972263234213793,0.0,0.0,-0.06437203462427549,0.0,-0.014200101923947273
644,1.9151566204632675,-1.742782731338135,0.0,0.0,-0.05116296152275861,0.0,0.12121092760241936
645,1.9393635932407784,-1.6584991006323861,0.0,0.0,-0.10618545200671589,0.0,0.17467904060163164
646,1.2010133151371007,-1.1531536102920572,0.0,0.0,-0.1368380185266832,0.0,-0.08897831368167886
647,3.867376446354283,-4.1749589136308805,0.0,0.0,-0.07356238886512545,0.0,-0.381144856141745
648,3.0137194383216688,-3.2474774917599194,0.0,0.0,-0.013642854389349715,0.0,-0.24740090782756852
649,2.2010775136241585,-2.1239503885667266,0.0,0.0,0.08416837900247584,0.0,0.16129550405987914
650,0.8743708189433113,-0.8794770021285867,0.0,0.0,0.11108904061622603,0.0,0.10598285743095914
651,2.1450824429769537,-1.9101716056819202,0.0,0.0,-0.07736814890484599,0.0,0.15754268839019403
652,1.8671635070605772,-1.941235156940214,0.0,0.0,-0.05192713287879269,0.0,-0.12599878275848653
653,3.433812936638248,-3.5716439161583815,0.0,0.0,-0.09223814969160735,0.0,-0.2300691292117989
654,3.393018084191474,-3.1890674182620438,0.0,0.0,-0.014810041136175792,0.0,0.18914062479333893
655,1.0283530429338334,-1.5947691349835815,0.0,0.0,0.1169658019860793,0.0,-0.4494502900635666
656,2.2040041987265497,-2.2995730317504233,0.0,0.0,0.053234951595885996,0.0,-0.04233388142799299
657,2.2772538796720596,-2.4677729077740764,0.0,0.0,0.049785785149356596,0.0,-0.14073324295256384
658,1.1327061405313734,-0.8676048338871097,0.0,0.0,-0.11886332554106942,0.0,0.14623798110321218
659,3.416435583791017,-2.8262373031260632,0.0,0.0,0.05268877918493567,0.0,0.6428870598498975
660,3.1586908593786327,-3.3062254917617406,0.0,0.0,0.008615163640063622,0.0,-0.1389194687430404
661,2.8464222944967044,-2.5256037196767718,0.0,0.0,-0.07766481866896052,0.0,0.24315375615098844
662,1.6782927747597782,-1.6742956835203662,0.0,0.0,-0.11112027955868975,0.0,-0.10712318831926382
663,2.3324647037251904,-2.3929328896124873,0.0,0.0,-0.07848857838511467,0.0,-0.13895676427242165
664,2.186460851634909,-2.029200452346959,0.0,0.0,0.052028371030540366,0.0,0.2092887703184374
665,3.4678021348284602,-3.1462503267032553,0.0,0.0,0.13171189436636355,0.0,0.45326370249155623
666,0.954376789599799,-0.8120858277747776,0.0,0.0,-0.11342693017046322,0.0,0.028864031654521227
667,2.574035316553726,-2.11749209323938,0.0,0.0,0.03003260004103172,0.0,0.4865758233553663
668,1.5080136995448876,-1.7422592208416514,0.0,0.0,-0.10347365222307961,0.0,-0.33771917351987213
669,2.489891550941475,-2.688366513393058,0.0,0.0,-0.06373062525537308,0.0,-0.26220558770694424
670,2.112828308363745,-2.259442439159998,0.0,0.0,0.06824858987670585,0.0,-0.07836554091953474
671,2.700461744640285,-2.588454348468908,0.0,0.0,0.007238830165424795,0.0,0.1192462263367986
672,1.4385782912299416,-1.2065573375811638,0.0,0.0,0.10476156310491107,0.0,0.3367825167535585
673,3.1056811245500398,-2.9878319769650417,0.0,0.0,-0.04475387789070451,0.0,0.0730952696942353
674,3.061412029227925,-4.022511142642289,0.0,0.0,0.41837078572050623,0.0,-0.5427283276939647
675,2.4559055447229783,-2.744075140196062,0.0,0.0,-0.0441737747888335,0.0,-0.3323433702618672
676,1.7842121008625242,-2.0719423719337797,0.0,0.0,0.09922470521727249,0.0,-0.1885055658539727
677,3.02793097636813,-2.8988279818967047,0.0,0.0,0.0767574932625278,0.0,0.20586048773399312
678,3.7462258057185567,-3.751848959504789,0.0,0.0,0.10418663504509086,0.0,0.09856348125887848
679,0.34230584105400835,-0.47573770047579156,0.0,0.0,0.14171032311926854,0.0,0.008278463697536154
680,3.155787412995348,-3.314468637313891,0.0,0.0,-0.11567126823755189,0.0,-0.2743524925560763
681,0.8237937976717158,-0.6827023278615969,0.0,0.0,-0.13109625546670237,0.0,0.009995214343419434
682,2.5889698428141106,-2.7322395807770863,0.0,0.0,-0.03747742547503904,0.0,-0.1807471634380704
683,1.6984515785447314,-1.3802132181866866,0.0,0.0,-0.06159955127855387,0.0,0.2566388090794476
684,2.6601592902480156,-2.606086828425918,0.0,0.0,0.004510191541750836,0.0,0.05858265336387092
685,2.46793040363222,-2.3666895651242013,0.0,0.0,0.055732135000862965,0.0,0.15697297350888562
686,2.6037078682586405,-2.1035581594772967,0.0,0.0,-0.050350622009217076,0.0,0.44979908677214553
687,1.0444784104088582,-1.3547913796743045,0.0,0.0,0.10103893723668779,0.0,-0.20927403202880157
688,2.3702015689808023,-2.4746785817046995,0.0,0.0,-0.002898762063802593,0.0,-0.10737577478764138
689,2.245715408526246,-2.1242360563897638,0.0,0.0,-0.07011013949231881,0.0,0.051369212644118534
690,3.786850649135833,-3.7935206477208645,0.0,0.0,0.03980318942268882,0.0,0.033133190837673965
691,1.5142478198707048,-1.389584580515316,0.0,0.0,-0.10579824803429419,0.0,0.01886499132100994
692,2.340576913721683,-2.4166523652566183,0.0,0.0,-0.07454833849037544,0.0,-0.15062379002533532
693,2.125899305539714,-2.1782785602028847,0.0,0.0,0.07760364764383905,0.0,0.025224392980646826
694,3.1503946691763045,-3.260660605319613,0.0,0.0,-0.06359732749395262,0.0,-0.173863263637287
695,0.8042862908004381,-0.9252096050655727,0.0,0.0,0.1151121275573117,0.0,-0.0058111867078025625
696,2.5686739236053313,-2.953997355973587,0.0,0.0,0.03485204721151796,0.0,-0.3504713851567658
697,1.6707139959438289,-1.944686370098073,0.0,0.0,0.09456840131303948,0.0,-0.17940397284120024
698,4.015769341785206,-3.478989805382719,0.0,0.0,-0.021399197358295312,0.0,0.5153803390441922
699,1.7730646478708625,-1.5126727152300123,0.0,0.0,-0.10832212147760287,0.0,0.1520698111633152
700,3.6068158637511423,-3.7130812940086453,0.0,0.0,-0.0005056852696096121,0.0,-0.10677111552713825
701,2.6390565101612067,-3.0582526931293494,0.0,0.0,0.008616686139356573,0.0,-0.4105794968287739
702,3.136167853551025,-3.3972697359344104,0.0,0.0,0.2595331555404063,0.0,-0.001568726843032664
703,1.9605573838788497,-1.8888533829230278,0.0,0.0,-0.10131696186124359,0.0,-0.029612960905538444
704,1.161682045773009,-1.1375751182029645,0.0,0.0,-0.10949355614322295,0.0,-0.08538662857317547
705,1.706916167519107,-1.64643062675672,0.0,0.0,-0.08818737243127636,0.0,-0.027701831668906607
706,1.2429045343446157,-1.3404891459359427,0.0,0.0,0.09255212656932964,0.0,-0.0050324850220277995
707,1.5206150816571602,-1.6846665064027808,0.0,0.0,-0.06817040597309554,0.0,-0.23222183071879954
708,2.991191086538491,-2.8787295428893445,0.0,0.0,-0.10103508215913337,0.0,0.011426461489989492
709,2.2210899683890135,-2.403911497021901,0.0,0.0,0.05528985446645181,0.0,-0.12753167416654776
710,2.3699768096341938,-2.231512571950183,0.0,0.0,0.08040899531866513,0.0,0.21887323300268235
711,2.46828711552956,-1.964817391337393,0.0,0.0,0.05853368714614385,0.0,0.5620034113382957
712,3.9007346923977244,-3.6798651632041777,0.0,0.0,-0.025450010735419804,0.0,0.19541951845813976
713,1.6494986104209974,-1.7038669266903892,0.0,0.0,-0.1040339332664196,0.0,-0.1584022495358397
714,3.3197022450659497,-3.1999450010963755,0.0,0.0,0.017125966666789005,0.0,0.13688321063636977
715,3.2335172062590547,-3.8086979074673732,0.0,0.0,-0.015832488256349312,0.0,-0.5910131894646327
716,1.0384448341766628,-0.8568691900122267,0.0,0.0,-0.1292907644768445,0.0,0.052284879687576336
717,3.3645291898848355,-4.041444207322411,0.0,0.0,0.019598901991591387,0.0,-0.6573161154459797
718,3.559907997830335,-3.364647004386509,0.0,0.0,-0.06527995118106818,0.0,0.1299810422626706
719,2.7541580799431653,-2.9363441415792084,0.0,0.0,0.0849309934673597,0.0,-0.09725506816869256
720,2.5035567878195257,-2.8161008616557623,0.0,0.0,0.08997503929033936,0.0,-0.22256903454585597
721,2.401211678690597,-2.46963156573815,0.0,0.0,-0.050332612118654925,0.0,-0.11875249916617747
722,2.334817059669657,-2.352066262542468,0.0,0.0,-0.06939234174644257,0.0,-0.0866415446192974
723,2.7178851141653158,-2.3468389844222073,0.0,0.0,0.030139860695310983,0.0,0.4011859904383783
724,2.6463659888051403,-2.9343057629176323,0.0,0.0,-0.1229381769329876,0.0,-0.4108779510455207
725,1.92080954261948,-1.857493852017329,0.0,0.0,0.05695434879735325,0.0,0.12027003939957126
726,2.215915694744207,-2.0369413645957186,0.0,0.0,0.01826683188538373,0.0,0.1972411620338903
727,2.6684852725796993,-3.3537261459629,0.0,0.0,0.03609779922718478,0.0,-0.6491430741560293
728,2.3662786674156,-2.3939514211530804,0.0,0.0,0.04176399959566578,0.0,0.014091245858153911
729,2.2611199223438323,-1.9349649986896134,0.0,0.0,-0.07563364573056386,0.0,0.250521277923653
730,1.809420320961943,-1.6254899722465894,0.0,0.0,0.08328438991284004,0.0,0.26721473862815515
731,3.5839369199031625,-3.6826550389699646,0.0,0.0,0.026379679695936076,0.0,-0.07233843937086704
732,0.5726511454812862,-0.8005765641747973,0.0,0.0,0.14017526302118474,0.0,-0.08775015567232458
733,2.3879535935702743,-2.1074512826480674,0.0,0.0,-0.06231489999522195,0.0,0.21818741092701543
734,1.7386427929285095,-2.0369255708039846,0.0,0.0,0.08807660929252575,0.0,-0.2102061685829284
735,3.00991583846866,-3.2920099528445124,0.0,0.0,0.11956731624212176,0.0,-0.1625267981337828
736,1.67691239888329,-1.455346476630425,0.0,0.0,0.07761468384934035,0.0,0.29918060610218333
737,3.4260404685880825,-3.5687489996053694,0.0,0.0,-0.005802332697648084,0.0,-0.14851086371493238
738,3.2219053306064427,-3.2051377925620383,0.0,0.0,-0.14090841364536996,0.0,-0.12414087560100029
739,3.186294586571169,-3.0661738184444722,0.0,0.0,0.23905332927339923,0.0,0.35917409740005724
740,2.7208764239725873,-2.729692940617854,0.0,0.0,0.04910756107898587,0.0,0.04029104443370102
741,2.7131350403348655,-2.8248282474077517,0.0,0.0,0.05123945120748147,0.0,-0.06045375586535329
742,1.6477547784244493,-1.6784305390279377,0.0,0.0,-0.06033072726005521,0.0,-0.09100648786350973
743,1.684251904499593,-1.3750230662406213,0.0,0.0,-0.09267973556024306,0.0,0.2165491026987354
744,2.6636454984437257,-2.474665505206637,0.0,0.0,0.029510656685735395,0.0,0.2184906499229129
745,3.0094026528949644,-3.168970739723098,0.0,0.0,0.033651968163004996,0.0,-0.12591611866511698
746,1.9041040887568526,-1.7590837366163674,0.0,0.0,-0.07485757490287581,0.0,0.07016277723758435
747,1.6426492124600114,-1.3342387752409317,0.0,0.0,-0.13181104976809221,0.0,0.17659938745082115
748,1.8829341312509107,-1.7552663261439427,0.0,0.0,0.04712302651697806,0.0,0.17479083162389486
749,2.8372482435098343,-2.608894291099522,0.0,0.0,0.08905355147153693,0.0,0.31740750388178185
750,1.9171688052065705,-1.6420520891227972,0.0,0.0,0.08627824952962079,0.0,0.3613949656134423
751,1.8826925266182566,-2.0232733097507154,0.0,0.0,-0.0491099692013649,0.0,-0.189690752333874
752,2.8210706598413253,-2.7265068271589383,0.0,0.0,-0.10433265446143752,0.0,-0.009768821779033487
753,3.357997435822136,-3.555755319647509,0.0,0.0,-0.07544129812180138,0.0,-0.2731991819471631
754,1.9328892742063581,-2.051851594456843,0.0,0.0,0.053645327222694765,0.0,-0.06531699302787786
755,2.0855462366804662,-2.0622434338480624,0.0,0.0,0.11009913204081838,0.0,0.13340193487321983
756,2.2180130834779876,-1.8772044099608987,0.0,0.0,0.1008024871056723,0.0,0.4416111606226991
757,2.0232229069990213,-2.4430085532175974,0.0,0.0,0.05467019926045495,0.0,-0.3651154469581428
758,2.8105526412110513,-3.110797439578838,0.0,0.0,-0.03704653799489138,0.0,-0.33729133636269637
759,1.4768567481906354,-1.979487914446831,0.0,0.0,0.10786453547055551,0.0,-0.39476663078566787
760,1.8622201895148665,-2.0342019951599397,0.0,0.0,-0.07388532341231487,0.0,-0.2458671290574017
761,1.425521653687666,-1.4475127165876602,0.0,0.0,0.09281578716967602,0.0,0.07082472426968422
762,1.9490862408120269,-1.9141001588844593,0.0,0.0,0.05194806598921219,0.0,0.08693414791680709
763,1.499458932259537,-1.7011778325178644,0.0,0.0,0.05378788183340512,0.0,-0.14793101842488454
764,2.653746022812414,-2.5983926102621924,0.0,0.0,-0.06649064163502648,0.0,-0.011137229084766886
765,3.1480390525629205,-2.903150760656367,0.0,0.0,-0.03143693462962172,0.0,0.21345135727689524
766,2.1899620342230057,-2.1413753230488113,0.0,0.0,0.04295357272592621,0.0,0.0915402839000734
767,2.346014958632621,-2.0420011882699636,0.0,0.0,0.033685423836540336,0.0,0.33769919419926
768,1.0364893901484757,-1.1237315770065184,0.0,0.0,0.10876945690420653,0.0,0.021527270046050262
769,1.0272614516773564,-0.8753594855709455,0.0,0.0,-0.1269563595140961,0.0,0.024945606592339686
770,2.538146778589756,-1.9006148532807356,0.0,0.0,-0.12485151530402964,0.0,0.5126804100049895
771,1.3951374239551484,-1.3209928773010626,0.0,0.0,-0.11664821498921595,0.0,-0.04250366833501573
772,2.909804597261734,-2.5278509757330982,0.0,0.0,0.009376129784385527,0.0,0.3913297513130374
773,1.6292590389271333,-1.7532733283825688,0.0,0.0,-0.14262624721258285,0.0,-0.2666405366681488
774,3.620079717114174,-3.4227160916299986,0.0,0.0,-0.09371836403067453,0.0,0.10364526145353103
775,1.878507894915679,-1.469624244471269,0.0,0.0,-0.09508545190923605,0.0,0.31379819853523827
776,1.5797956680948606,-1.730695248405493,0.0,0.0,-0.09100651760829127,0.0,-0.24190609791882878
777,1.9502465190988152,-2.5840590982986433,0.0,0.0,0.06636897988986147,0.0,-0.5674435993100104
778,3.3969158194605455,-2.611172575734996,0.0,0.0,0.026153851047591478,0.0,0.8118970947730464
779,1.6802975119067165,-1.7445354468779504,0.0,0.0,0.05782487139856522,0.0,-0.006413063572807687
780,2.8463581113017087,-2.8150877656567896,0.0,0.0,0.04011725921781494,0.0,0.07138760486279239
781,2.0486109427195363,-2.461194043387623,0.0,0.0,-0.0908029894333478,0.0,-0.5033860901013583
782,1.412893967651247,-1.5791145593095712,0.0,0.0,0.10234961271396192,0.0,-0.0638709789443368
783,2.285207101012262,-2.3210430607677943,0.0,0.0,0.05400556062184968,0.0,0.01816960086634367
784,2.3518452551709177,-2.4203009230986288,0.0,0.0,-0.08919566470184498,0.0,-0.15765133262952702
785,2.696420885362473,-2.90159138567615,0.0,0.0,0.06749182511022435,0.0,-0.13767867520348887
786,1.4640264244446357,-1.6013136311816798,0.0,0.0,0.08143974278315559,0.0,-0.055847463953881515
787,2.898534038571503,-2.616051480292911,0.0,0.0,0.030416298979960975,0.0,0.3128988572585456
788,2.275312110749246,-1.7943336142021027,0.0,0.0,-0.07941109248697342,0.0,0.401567404060188
789,2.0803902176053515,-1.6738168870588492,0.0,0.0,-0.09005639939808022,0.0,0.3165169311485556
790,2.9468051980458805,-2.8273357542164392,0.0,0.0,-0.04166866589770561,0.0,0.0778007779317278
791,0.9181243088675427,-0.7246589089055246,0.0,0.0,-0.12891221182862023,0.0,0.06455318813328859
792,3.486093725555531,-3.970132478233359,0.0,0.0,-0.03259039812060222,0.0,-0.5166291507984653
793,2.3716297036721135,-2.72020261642304,0.0,0.0,-0.06797403504592597,0.0,-0.4165469477969168
794,2.564866225178542,-2.762026979839941,0.0,0.0,0.029847424055307596,0.0,-0.16731333060619136
795,2.0705464834227616,-1.789569677202843,0.0,0.0,0.07841288491991025,0.0,0.3593896911398389
796,3.7748855581499767,-3.662317146212387,0.0,0.0,-0.07443432910769554,0.0,0.0381340828298562
797,2.6857856905320894,-2.7422403295930016,0.0,0.0,-0.006322061426896433,0.0,-0.06277670048771711
798,3.3759878514377744,-3.174922730861527,0.0,0.0,-0.019321029452498428,0.0,0.1817440911237327
799,1.2748751944632553,-1.426877617919651,0.0,0.0,-0.1267318887639143,0.0,-0.2787343122202657
800,2.779609488752139,-2.5559157094886,0.0,0.0,-0.049278493586867825,0.0,0.17441528567670161
801,2.8875998026588214,-2.9235884866556536,0.0,0.0,-0.0009487003387297628,0.0,-0.03693738433558735
802,4.053421626560411,-4.493477419146104,0.0,0.0,-0.02602983061219341,0.0,-0.4660856231979178
803,2.7560791947699848,-2.8158020641603705,0.0,0.0,0.0995639272574197,0.0,0.03984105786700809
804,1.1669154720584805,-1.4866273388185247,0.0,0.0,-0.1127709244705187,0.0,-0.4324827912306688
805,3.8093170646545866,-2.8203664419363164,0.0,0.0,0.14699739164639705,0.0,1.1359480143646294
806,1.2512810169785902,-1.4337839264409726,0.0,0.0,-0.12016672257952453,0.0,-0.30266963204185515
807,1.9886951359772582,-2.090805174052516,0.0,0.0,-0.07290480391451828,0.0,-0.1750148419898352
808,3.9301631366194756,-4.1788167171217205,0.0,0.0,-0.05886499033359269,0.0,-0.30751857083582745
809,3.6135393503753943,-3.3806022670756235,0.0,0.0,-0.0636929754143907,0.0,0.16924410788536193
810,0.6808758543968997,-0.7487682125181822,0.0,0.0,0.1266068220934885,0.0,0.05871446397230784
811,0.9334116877928836,-1.3202167709431034,0.0,0.0,0.1465562899286683,0.0,-0.2402487932214541
812,2.282840000366258,-2.148384902852593,0.0,0.0,0.06768153835846774,0.0,0.20213663587212238
813,1.0934409779930925,-1.5263519275727566,0.0,0.0,0.11723372665341757,0.0,-0.31567722292628275
814,2.085978590153268,-2.123374246656657,0.0,0.0,0.11202462257128747,0.0,0.07462896606796221
815,0.8935901971978731,-0.6671632535642565,0.0,0.0,-0.1303413895967905,0.0,0.09608555403690389
816,3.4326634693097122,-3.3493033077974395,0.0,0.0,0.030249473520990347,0.0,0.11360963503328492
817,2.1278765504403667,-1.9579101781860302,0.0,0.0,-0.08333148929895558,0.0,0.08663488295539423
818,3.484813020954266,-3.3904262744666847,0.0,0.0,0.029213877778018395,0.0,0.12360062426563445
819,2.4000767032782395,-2.603430287268201,0.0,0.0,-0.09146772735300811,0.0,-0.29482131134287215
820,2.8068788771762847,-3.6954123336783233,0.0,0.0,0.02355105000502088,0.0,-0.8649824064969778
821,2.1363334500226077,-2.651756370117507,0.0,0.0,-0.05525419783861918,0.0,-0.5706771179334993
822,1.692989513222546,-1.4977475841539203,0.0,0.0,0.09529440032036372,0.0,0.29053632938895646
823,1.5219264229136762,-1.6371393086725574,0.0,0.0,-0.12378314375226965,0.0,-0.23899602951112797
824,2.979643341822004,-2.7835913654880207,0.0,0.0,0.052412829166285375,0.0,0.24846480550024808
825,0.8309218643450542,-0.8073188171104764,0.0,0.0,-0.1289145774276767,0.0,-0.10531153019307737
826,2.8826207286077152,-3.268751877741554,0.0,0.0,0.03650100316157413,0.0,-0.3496301459721991
827,2.6159544026457775,-2.706411336345541,0.0,0.0,-0.01035449651849869,0.0,-0.10081143021831451
828,3.2961280406751805,-3.7110061223044073,0.0,0.0,-0.03360263377605524,0.0,-0.44848071540526746
829,3.3444942971012726,-3.536491957212172,0.0,0.0,-0.06048066840120709,0.0,-0.2524783285120833
830,0.7829316760271943,-0.9626311284550852,0.0,0.0,0.1271862740995553,0.0,-0.05251317832828306
831,2.5289741654343674,-2.414301613654875,0.0,0.0,-0.11857283630488817,0.0,-0.003900284525414577
832,3.0443274425780507,-3.3344592076991146,0.0,0.0,-0.010788520344176348,0.0,-0.30092028546526706
833,1.4123934992127836,-1.3346254674949805,0.0,0.0,-0.10109192455217542,0.0,-0.023323892834397952
834,3.6002464561548853,-2.934302601752672,0.0,0.0,-0.09884131628744154,0.0,0.5671025381148098
835,3.051811428239069,-3.570486946108782,0.0,0.0,0.07142351900583535,0.0,-0.4472519988637913
836,1.5502715742951374,-1.4485583823509427,0.0,0.0,0.0966487529858158,0.0,0.19836194493008463
837,2.291973387891469,-2.5354198067968707,0.0,0.0,-0.0324330173748239,0.0,-0.2758794362801922
838,2.3335591751491376,-2.2572771680038026,0.0,0.0,0.09253405429974815,0.0,0.16881606144502825
839,3.2179035051657587,-2.8617319881254586,0.0,0.0,0.020172239153034358,0.0,0.37634375619335003
840,1.5430355257610835,-1.4217314047526963,0.0,0.0,0.09215958205533159,0.0,0.2134637030636526
841,3.625907587278823,-3.475009746136058,0.0,0.0,-0.11426907726912933,0.0,0.03662876387359404
842,1.8841829905676213,-2.101969885859587,0.0,0.0,0.08845806908537739,0.0,-0.12932882620663122
843,2.802138573910898,-2.628310359005997,0.0,0.0,0.05328429876256191,0.0,0.22711251366740726
844,1.2712478170509967,-1.2266845548589802,0.0,0.0,-0.12525371527450996,0.0,-0.08069045308253919
845,3.652621092607656,-3.7726182324814923,0.0,0.0,0.021153025903676584,0.0,-0.09884411397017345
846,1.8779196690959759,-2.2115944603862103,0.0,0.0,0.08662539442853917,0.0,-0.24704939686172622
847,1.267756293927513,-1.1418209455634585,0.0,0.0,-0.088321809915689,0.0,0.037613538448454165
848,2.608573808035393,-2.6372263317076756,0.0,0.0,0.05308169215832565,0.0,0.024429168486008734
849,3.048673800894559,-2.645627345400942,0.0,0.0,-0.12974327801375196,0.0,0.27330317747985333
850,1.9696831975004143,-2.2256038346006934,0.0,0.0,0.07322073033605081,0.0,-0.18269990676421344
851,2.154665968379216,-2.0248694601656028,0.0,0.0,0.07880183422048653,0.0,0.20859834243412934
852,1.1276837707378682,-1.0858057695004237,0.0,0.0,-0.11467636566610043,0.0,-0.07279836442864962
853,2.259147401164736,-2.610890103516334,0.0,0.0,0.09040270590775065,0.0,-0.26133999644389405
854,2.430955082372045,-2.704604666215677,0.0,0.0,0.045474880296783246,0.0,-0.22817470354688396
855,3.174306346758835,-3.739370678620673,0.0,0.0,-0.02167317162603573,0.0,-0.5867375034878535
856,3.547467820634077,-3.824694648199526,0.0,0.0,0.24255242580959196,0.0,-0.03467440175583647
857,1.592685770097237,-1.7505913743273156,0.0,0.0,0.08061977390824913,0.0,-0.07728583032185554
858,2.4453561466661733,-2.3693227050195906,0.0,0.0,0.035225398952023895,0.0,0.11125884059865143
859,2.2970533363796757,-2.1998597342078017,0.0,0.0,-0.06712187902988273,0.0,0.030071723142029327
860,1.6349126150518623,-1.7196048025716093,0.0,0.0,-0.12020733397173876,0.0,-0.20489952149146973
861,2.381417418056216,-1.816726591964822,0.0,0.0,-0.06181414679427047,0.0,0.5028766792970742
862,3.7382677263319475,-4.158701392738883,0.0,0.0,0.02218637198885184,0.0,-0.3982472944181126
863,2.8448809887504347,-2.295204231670867,0.0,0.0,0.03296534772051145,0.0,0.5826421048001009
864,3.5206361282191776,-2.8047117187092256,0.0,0.0,0.02048533874408436,0.0,0.7364097482541183
865,1.3901008504450492,-1.173267696922839,0.0,0.0,-0.09905207195398866,0.0,0.11778108156811129
866,1.9868064257098728,-2.573321283310343,0.0,0.0,-0.08062390996786921,0.0,-0.6671387675683604
867,1.617677858725419,-1.7278149241951248,0.0,0.0,-0.09762768786569914,0.0,-0.207764753335411
868,2.183282591460359,-2.120314358864596,0.0,0.0,-0.09921992827179468,0.0,-0.03625169567605724
869,3.4077387573956344,-4.002854037124606,0.0,0.0,0.02632024800052782,0.0,-0.5687950317283281
870,1.7950765543303182,-1.6542307916838828,0.0,0.0,-0.0781574404326125,0.0,0.06268832221385878
871,2.855108059907365,-3.0867568801019125,0.0,0.0,0.02318423224111004,0.0,-0.20846458795341505
872,1.184519649873116,-1.208716217140545,0.0,0.0,0.0940399749528403,0.0,0.06984340768536867
873,1.4348089439904748,-1.308165517365629,0.0,0.0,-0.11972116734145499,0.0,0.006922259283541621
874,1.2966344614731748,-1.342713203962095,0.0,0.0,0.1089155109511504,0.0,0.06283676846221908
875,1.2322200940103425,-1.5945872449378176,0.0,0.0,0.105925868350326,0.0,-0.2564412825771001
876,2.543961901336712,-2.4768612301800763,0.0,0.0,-0.038877413287709904,0.0,0.02822325786895874
877,1.6759280011122748,-1.6164689347266683,0.0,0.0,0.07824970915430295,0.0,0.1377087755398918
878,1.5340309658858966,-1.535704354946821,0.0,0.0,0.09331566283320032,0.0,0.0916422737722371
879,1.1237741086911333,-1.0999908264990503,0.0,0.0,-0.1343349371572316,0.0,-0.11055165496506447
880,0.9362427246261974,-0.8865338738851045,0.0,0.0,-0.14206327488875464,0.0,-0.09235442414761508
881,3.0974993089937657,-2.9481720526009485,0.0,0.0,-0.052545433458140035,0.0,0.09678182293474435
882,1.7451961480137588,-1.9892069451542034,0.0,0.0,-0.07604129730006078,0.0,-0.3200520944404843
883,2.6514414667528317,-2.53050302670897,0.0,0.0,-0.0435282076167119,0.0,0.07741023242721212
884,2.789298035910047,-2.9521351574813908,0.0,0.0,-0.008738967672213414,0.0,-0.17157608924364354
885,1.3149213441169598,-1.788366886184145,0.0,0.0,0.10557298055371192,0.0,-0.36787256151345105
886,2.4562960325065513,-2.4167701512615523,0.0,0.0,-0.03598350832372713,0.0,0.0035423729212737953
887,3.4012877282511145,-3.176148143243388,0.0,0.0,0.023468730135430643,0.0,0.24860831514318704
888,1.8931141064496468,-1.850203451990834,0.0,0.0,0.1187124603655398,0.0,0.1616231148243088
889,2.1114882772372376,-1.8110828826791197,0.0,0.0,-0.08893822763964672,0.0,0.2114671669185526
890,2.286419786954746,-1.896982667644305,0.0,0.0,0.08232661306452985,0.0,0.47176373237496705
891,2.6702511370053634,-2.9153474251140663,0.0,0.0,0.014618341222627236,0.0,-0.23047794688608292
892,1.5981421270970337,-1.7251741069137996,0.0,0.0,0.09538021225492434,0.0,-0.03165176756183996
893,2.9402613264179176,-3.1378613575371554,0.0,0.0,-0.028822336068389902,0.0,-0.2264223671876664
894,3.567379894856365,-3.171146304740087,0.0,0.0,-0.007317794791558771,0.0,0.38891579532470644
895,2.065134028657126,-2.211892184456284,0.0,0.0,0.09253576428092285,0.0,-0.054222391518294444
896,2.319399259705942,-2.4985073595397025,0.0,0.0,0.053685877476149384,0.0,-0.1254222223576278
897,1.4937428191496622,-1.1161513065411273,0.0,0.0,-0.06046025365351608,0.0,0.3171312589549302
898,2.8207536395836867,-2.853926666031311,0.0,0.0,-0.04779107249708192,0.0,-0.08096409894470469
899,2.8523353448184556,-2.805978403383926,0.0,0.0,0.05848815126620406,0.0,0.10484509270075648
900,2.5007918690544355,-2.845307410500288,0.0,0.0,0.044978638839525215,0.0,-0.29953690260641963
901,2.8783344590917608,-2.8075410729843813,0.0,0.0,-0.03915922111734916,0.0,0.031634164990023805
902,1.2934704488037205,-1.4380534359011763,0.0,0.0,0.10012285451377458,0.0,-0.044460132583594714
903,2.1710797009922005,-1.6862419834213471,0.0,0.0,-0.05509883707520541,0.0,0.429738880495691
904,1.7811933760045775,-1.7328834887962459,0.0,0.0,0.07448368411169835,0.0,0.1227935713200452
905,2.7999180879292394,-2.9450638560346447,0.0,0.0,-0.08753580873486631,0.0,-0.23268157684030655
906,2.6869982416905382,-2.88795982317537,0.0,0.0,-0.12189334466453731,0.0,-0.322854926149418
907,1.9692081985824568,-1.8756504245119312,0.0,0.0,-0.09786968579653839,0.0,-0.00431191172599199
908,0.7425167567101039,-0.8636253032924718,0.0,0.0,-0.1270013690605864,0.0,-0.24810991564295648
909,2.7913837255457694,-2.5534369138890627,0.0,0.0,0.06909496160714243,0.0,0.3070417732638049
910,0.9516150291005716,-0.8288778580902647,0.0,0.0,-0.1261138745063939,0.0,-0.0033767034961300624
911,2.708798012351988,-2.3860364762391963,0.0,0.0,-0.02201901011001491,0.0,0.30074252600277873
912,3.0251210760809815,-3.0989149888945646,0.0,0.0,-0.04044547550270986,0.0,-0.11423938831622138
913,1.404894777622479,-1.403693700389543,0.0,0.0,0.10851453900071494,0.0,0.10971561623362902
914,3.8496471220775823,-3.758182884034322,0.0,0.0,-0.03270053162500492,0.0,0.05876370641826156
915,4.011910040516337,-3.8236424142901733,0.0,0.0,-0.07817046901084913,0.0,0.11009715721528579
916,1.6556326565381623,-1.373707818459855,0.0,0.0,-0.11422556152730656,0.0,0.16769927655106187
917,2.6863611517625205,-2.512130022255995,0.0,0.0,-0.04554800268660083,0.0,0.12868312681992222
918,3.3011806721998895,-3.9268380105280163,0.0,0.0,-0.055367671560047266,0.0,-0.6810250098882449
919,1.4870129294369248,-1.4796020742597127,0.0,0.0,0.0997027451356344,0.0,0.1071136003128288
920,1.0049668739545365,-1.19067691163905,0.0,0.0,0.141004791619169,0.0,-0.044705246065376514
921,1.316090362760927,-1.2245934695435425,0.0,0.0,-0.12315401586112983,0.0,-0.031657122643636626
922,2.1475184343983975,-2.137131073245666,0.0,0.0,0.07311340108065108,0.0,0.0835007622334274
923,3.862557925495788,-3.8918009748659097,0.0,0.0,0.08909135155693249,0.0,0.05984830218677928
924,2.3416272742905058,-2.6525997032396527,0.0,0.0,0.058781527391007324,0.0,-0.25219090155812296
925,3.371642969894688,-2.5364107869871853,0.0,0.0,-0.09506048940842565,0.0,0.7401716934990361
926,0.4074117572586443,-0.6639917341105773,0.0,0.0,0.14876180628053645,0.0,-0.10781817057134901
927,2.491375575739792,-2.2681909189484375,0.0,0.0,-0.048453256695153976,0.0,0.17473140009630583
928,2.1274690193620582,-2.138284911601044,0.0,0.0,-0.10101053386434837,0.0,-0.11182642610326354
929,2.1958048369482386,-1.9709249985836923,0.0,0.0,-0.045092490678045084,0.0,0.17978734768647087
930,0.913973965082323,-1.0315568320247486,0.0,0.0,0.11528274957706924,0.0,-0.0023001173653369733
931,1.1941548709873013,-0.9152445169552174,0.0,0.0,-0.10949705700137267,0.0,0.16941329703082886
932,0.7669179459301279,-0.8840473826190623,0.0,0.0,0.11836559500756204,0.0,0.0012361583187043834
933,2.0134623383142993,-1.9116445747556383,0.0,0.0,-0.058116040660577364,0.0,0.04370172289802099
934,1.7624993362220989,-2.045029405497018,0.0,0.0,0.09132073934047695,0.0,-0.1912093299343951
935,2.974117950215162,-2.510077012557577,0.0,0.0,0.03598526843921617,0.0,0.5000262060967628
936,3.2205281213194112,-2.734452912991199,0.0,0.0,-0.03422462662319556,0.0,0.45185058170494585
937,1.5379435714620238,-1.5604669535498965,0.0,0.0,-0.11575621234609962,0.0,-0.13827959443396765
938,0.9125110920012676,-1.0883092410054478,0.0,0.0,0.12056049709927853,0.0,-0.05523765190487495
939,1.9802443850311209,-2.056967379000301,0.0,0.0,0.05088563201119447,0.0,-0.025837361957940175
940,2.2202245378415713,-1.577724168422958,0.0,0.0,-0.07582724709437048,0.0,0.5666731223241186
941,2.1154903843536403,-2.207532246844222,0.0,0.0,0.08454062492752806,0.0,-0.007501237563019458
942,3.319510803418413,-3.68208999566751,0.0,0.0,0.023469152689207275,0.0,-0.3391100395599409
943,0.8175249823433977,-0.881821330652875,0.0,0.0,-0.12546595222552226,0.0,-0.1897623005349942
944,2.0210227047100955,-1.8572979454852903,0.0,0.0,-0.06327641417528425,0.0,0.10044834504951439
945,3.8762101104975204,-4.4802011770862675,0.0,0.0,-0.0616672979461991,0.0,-0.6656583645349912
946,2.490149205751133,-2.2406908498611133,0.0,0.0,-0.024184454192975272,0.0,0.2252739016971077
947,0.6779256798708903,-0.6012168042187436,0.0,0.0,-0.14410219534433455,0.0,-0.0673933196921439
948,1.310115485958079,-1.1755224164033091,0.0,0.0,0.10246776235322724,0.0,0.23706083190802474
949,3.3689441243684315,-3.6981090157758416,0.0,0.0,-0.10730302448272284,0.0,-0.4364679158901055
950,2.5798826476345025,-3.003003633414127,0.0,0.0,-0.05709789474127356,0.0,-0.48021888052089423
951,1.9069099245618049,-1.7936237372210788,0.0,0.0,-0.11833968925434689,0.0,-0.0050535019136361825
952,0.7775808201630763,-0.9475816806682771,0.0,0.0,0.12593851530742248,0.0,-0.04406234519768759
953,3.763646541810939,-4.486830466573323,0.0,0.0,0.02540792502974671,0.0,-0.697775999732638
954,2.2690929526843533,-2.557918035264485,0.0,0.0,-0.09667609093559242,0.0,-0.3855011735156779
955,3.0264915991402455,-3.195282068677692,0.0,0.0,0.06858211410639664,0.0,-0.10020835543106443
956,2.7729747013693222,-2.5086607438754296,0.0,0.0,-0.023454564828328216,0.0,0.2408593926655982
957,1.8555757778617217,-1.5522291404568411,0.0,0.0,-0.09040873626926009,0.0,0.21293790113564626
958,3.14007914592985,-2.6825261311296043,0.0,0.0,0.04897257110272137,0.0,0.506525585902935
959,2.8886318143177627,-2.5844235915114395,0.0,0.0,0.004701463274054756,0.0,0.3089096860803551
960,3.5065606511889587,-3.7015915885148747,0.0,0.0,0.1617320176724841,0.0,-0.03329891965345766
961,1.1874431439625075,-0.965412320160944,0.0,0.0,-0.12473212895752693,0.0,0.09729869484397113
962,2.628247534942671,-2.4516309503202605,0.0,0.0,-0.0066524925632740275,0.0,0.1699640920591179
963,2.795002125721085,-2.902004544309845,0.0,0.0,0.02523623239523721,0.0,-0.08176618619360454
964,2.176062547975136,-2.1257998425558764,0.0,0.0,0.0837258678948104,0.0,0.13398857331398517
965,1.6170616850010757,-1.4031924921469612,0.0,0.0,-0.1016335888826958,0.0,0.1122356039713992
966,3.3801392304753324,-3.0037622874147454,0.0,0.0,0.03525862246271611,0.0,0.41163556552329794
967,1.527114299009898,-1.910418448505953,0.0,0.0,0.09257928664016866,0.0,-0.29072486285573973
968,3.2178108091652007,-3.348693105779573,0.0,0.0,-0.005099409101735258,0.0,-0.13598170571611945
969,3.379139295402027,-3.5592682295251383,0.0,0.0,0.041070525846442135,0.0,-0.13905840827666793
970,3.637719965709055,-3.8287610296765795,0.0,0.0,-0.06266210135933749,0.0,-0.2537031653268542
971,1.8528732177094671,-1.915369543133185,0.0,0.0,-0.09856047956083755,0.0,-0.161056804984554
972,3.590327169219748,-4.145469522181254,0.0,0.0,-0.008267052520965795,0.0,-0.5634094054825027
973,1.5918947370765983,-1.5919821984551294,0.0,0.0,0.13244348366063077,0.0,0.13235602228205323
974,1.2893621251554501,-1.095685115724986,0.0,0.0,-0.11010737035586168,0.0,0.08356963907458237
975,2.227150614685482,-1.9373482055357218,0.0,0.0,-0.10887391158705825,0.0,0.18092849756276053
976,3.000504502077222,-2.834092155913547,0.0,0.0,-0.06382041039270551,0.0,0.10259193577098813
977,3.1264295484790816,-3.3252729799032505,0.0,0.0,0.06082106866630318,0.0,-0.13802236275789426
978,2.993822016317969,-2.9143977951220594,0.0,0.0,-0.023542377378958482,0.0,0.05588184381693395
979,2.0958251447239418,-2.285502560488644,0.0,0.0,0.02978885581301623,0.0,-0.15988855995172457
980,3.8367981354197718,-4.142303519098446,0.0,0.0,0.043893184686653736,0.0,-0.2616121989919904
981,3.404395580513443,-3.1319710195388204,0.0,0.0,-0.008373684519423403,0.0,0.26405087645515835
982,1.8525407358630848,-1.6850167965535727,0.0,0.0,-0.07712493460095321,0.0,0.09039900470857276
983,1.8232518009795002,-1.6693968911885526,0.0,0.0,-0.09624897973808533,0.0,0.05760593005277315
984,2.239402698517117,-2.4069032033085205,0.0,0.0,-0.09944766781299921,0.0,-0.26694817260437276
985,3.1089422812553447,-2.5762548460403365,0.0,0.0,-0.07165376392355897,0.0,0.4610336712914602
986,1.771469918471737,-1.9452648661219116,0.0,0.0,0.05612471059543363,0.0,-0.11767023705468205
987,0.8152368229045881,-0.825189263378968,0.0,0.0,0.11766535813549715,0.0,0.1077129176611038
988,0.6770486573501063,-0.5784892043253848,0.0,0.0,-0.14682035800014892,0.0,-0.04826090497540747
989,0.8205829068028256,-0.7980373212563785,0.0,0.0,-0.1384479038234975,0.0,-0.11590231827707953
990,1.9374581580835017,-2.030763248321614,0.0,0.0,-0.13131601429348194,0.0,-0.22462110453162154
991,3.044554821059731,-2.569159194891851,0.0,0.0,-0.00685928229990454,0.0,0.46853634386801346
992,2.480928606261469,-2.226930416706475,0.0,0.0,0.06312940374029491,0.0,0.317127593295254
993,2.433236361212583,-2.8318067809734395,0.0,0.0,0.06078221098449015,0.0,-0.33778820877638793
994,3.109982915014549,-2.7460630464735454,0.0,0.0,-0.09553826963320042,0.0,0.26838159890778
995,2.530182569494531,-2.113084457721579,0.0,0.0,-0.008691094897656147,0.0,0.40840701687525893
996,1.1720914320775349,-1.6395430181972948,0.0,0.0,0.10372420992037401,0.0,-0.36372737619929296
997,1.1433669169478589,-0.7412971804840021,0.0,0.0,-0.11672283155302421,0.0,0.28534690491082415
998,3.621126389817598,-3.6759239756668993,0.0,0.0,-0.11024049724082108,0.0,-0.16503808309012769
999,1.6346593816664299,-1.7190832956574822,0.0,0.0,0.1044936054372764,0.0,0.020069691446153115
1000,1.736736462249032,-1.6417140239370307,0.0,0.0,0.08686553033034292,0.0,0.18188796864227186
1001,2.8867791476091846,-3.032250875101891,0.0,0.0,-0.039597360106935126,0.0,-0.18506908759958662
1002,3.3953223992289745,-3.1820746582249786,0.0,0.0,-0.012136597509128759,0.0,0.20111114349489867
1003,2.971328065824724,-3.5343235937658983,0.0,0.0,0.18828910946469493,0.0,-0.3747064184764639
1004,2.245229041997994,-2.06744748545361,0.0,0.0,0.0731386150986137,0.0,0.25092017164303115
1005,2.0572398598316908,-1.8087216876277306,0.0,0.0,-0.07829270940700915,0.0,0.17022546279690687
1006,2.3960393088196406,-2.1690789196863833,0.0,0.0,-0.09492494319343665,0.0,0.13203544593979188
1007,1.686606712042178,-1.4055506245345988,0.0,0.0,0.0774301111788043,0.0,0.3584861986864496
1008,0.8832032625701051,-1.2440808992499903,0.0,0.0,0.11534541085820069,0.0,-0.24553222582160572
1009,1.8213390423442202,-1.7495927794918094,0.0,0.0,-0.0763976546214747,0.0,-0.004651391769073143
1010,2.1466897788184367,-2.3470969768232615,0.0,0.0,-0.026046158073434873,0.0,-0.2264533560783235
1011,1.75531302829135,-1.826189656766063,0.0,0.0,-0.06798474558061784,0.0,-0.13886137405542343
1012,1.482214047296211,-1.1637254833584654,0.0,0.0,-0.10992919223453172,0.0,0.20855937170327365
1013,3.0161705095542435,-2.8365021743726553,0.0,0.0,-0.009852252469644093,0.0,0.16981608271198922
1014,3.70927334199844,-3.833047216673994,0.0,0.0,-0.030707695609884074,0.0,-0.15448157028541232
1015,2.215550942818645,-2.5712489090936375,0.0,0.0,-0.057811205662219096,0.0,-0.41350917193722125
1016,3.3214781949284924,-2.874765373447161,0.0,0.0,0.0375071705941879,0.0,0.48421999207550925
1017,1.8394274164293904,-1.9380408027121125,0.0,0.0,0.07780552209331905,0.0,-0.02080786418940761
1018,2.2952122941567104,-2.4628137292883014,0.0,0.0,-0.036660893481570964,0.0,-0.20426232861321125
1019,1.0181648251496864,-1.1245121294654652,0.0,0.0,-0.12428280276306933,0.0,-0.23063010707888054
1020,1.3705387650683665,-1.2565112738631168,0.0,0.0,-0.1321313908240492,0.0,-0.018103899618864716
1021,0.9724270040292241,-0.7764928851827295,0.0,0.0,-0.1271476889494077,0.0,0.06878642989697425
1022,1.0977222502013833,-1.2777138099025938,0.0,0.0,0.1145531392076117,0.0,-0.06543842049369175
1023,3.2968648229209054,-3.2545655674642266,0.0,0.0,-0.02971801661663962,0.0,0.012581238840098763
1024,2.9413317816198745,-2.7988529670735556,0.0,0.0,-0.09651605760947733,0.0,0.04596275693684504
1025,3.1861613772097974,-3.543293025712782,0.0,0.0,-0.057956834262847125,0.0,-0.415088482765853
1026,1.0787195490280777,-0.9460864390491878,0.0,0.0,-0.11855195514182283,0.0,0.014081154837143117
1027,0.8320824742124813,-1.017700729806045,0.0,0.0,0.1244576064864376,0.0,-0.06116064910713703
1028,2.9706723908846975,-2.8171975149913084,0.0,0.0,-0.1425346195407383,0.0,0.010940256352654387
1029,1.9483874518575868,-1.9574797954651841,0.0,0.0,-0.02402681391122806,0.0,-0.033119157518740394
1030,3.073282307068127,-3.4133866748282204,0.0,0.0,-0.09472250455654505,0.0,-0.4348268723165347
1031,1.5062688510690574,-1.4142589391396512,0.0,0.0,-0.08976221890113978,0.0,0.0022476930281953855
1032,2.6592230618855193,-2.489586725616998,0.0,0.0,0.0623312963125112,0.0,0.2319676325811031
1033,0.9121317188968565,-0.8260481723139711,0.0,0.0,0.11776677947559908,0.0,0.20385032605834397
1034,1.9962978418990192,-1.8107241531592908,0.0,0.0,0.07666870532075705,0.0,0.2622423940604932
1035,3.18549495381111,-2.875804786647719,0.0,0.0,-0.002858808346664689,0.0,0.30683135881672285
1036,2.8128565792821965,-2.9860012470068775,0.0,0.0,-0.015784788483322237,0.0,-0.18892945620797263
1037,3.563396854500131,-3.465520776201817,0.0,0.0,-0.12640071813435277,0.0,-0.028524639836035703
1038,2.4082228473170852,-2.2769700277261364,0.0,0.0,-0.000990640772128786,0.0,0.13026217881879631
1039,1.7131537857541979,-1.2760125150391521,0.0,0.0,-0.10500837633488885,0.0,0.3321328943801518
1040,1.8953450287185754,-2.236171665382774,0.0,0.0,0.07049338690007335,0.0,-0.2703332497641924
1041,2.321507574013546,-2.6388574815091594,0.0,0.0,0.051444624764187756,0.0,-0.26590528273148095
1042,2.352578396434495,-2.2885322578155844,0.0,0.0,0.04647207694259824,0.0,0.11051821556152674
1043,3.3678383415101996,-3.1261391767293927,0.0,0.0,-0.029274715716940874,0.0,0.21242444906383184
1044,3.7816657803979714,-3.162814542835834,0.0,0.0,0.07064341867476889,0.0,0.6894946562369313
1045,1.2450639860739756,-1.3847840416020725,0.0,0.0,-0.11061533207654498,0.0,-0.2503353876045651
1046,2.232256766866376,-1.647899720791932,0.0,0.0,-0.06535374997515773,0.0,0.5190032960992852
1047,2.737853133432531,-2.3742710484876257,0.0,0.0,-0.03930140010684828,0.0,0.3242806848380866
1048,2.305051110280862,-2.508776545328119,0.0,0.0,0.06613967948258793,0.0,-0.137585755564686
1049,2.1366532709817805,-2.328441525056493,0.0,0.0,-0.05450226488584786,0.0,-0.24629051896056353
1050,2.7697437908360807,-3.2111901638980807,0.0,0.0,-0.01615740287943243,0.0,-0.45760377594139356
1051,1.00136093226568,-0.9880128690307297,0.0,0.0,-0.11694889119302929,0.0,-0.10360082795796188
1052,1.9470534828855839,-1.4878925116433728,0.0,0.0,-0.08883511951507021,0.0,0.3703258517271024
1053,1.0472308997301287,-1.0826700752813678,0.0,0.0,-0.13574055720663164,0.0,-0.17117973275792053
1054,3.175477304969848,-3.0574877060754146,0.0,0.0,0.015696380470796606,0.0,0.13368597936526783
1055,3.6890770853115837,-3.659139845119908,0.0,0.0,-0.10051938546994606,0.0,-0.07058214527822315
1056,1.695202511413242,-1.7708175043568752,0.0,0.0,-0.09004810125182076,0.0,-0.165663094195466
1057,2.2109309317710015,-2.163855641301789,0.0,0.0,-0.0657335078619088,0.0,-0.01865821739274054
1058,2.550036860547993,-2.2310899829783777,0.0,0.0,-0.08756882050765695,0.0,0.2313780570619457
1059,1.7160129659499748,-1.5434722128161038,0.0,0.0,-0.09581182299617012,0.0,0.07672893013769055
1060,1.0774422030902002,-0.775458939623846,0.0,0.0,-0.13456708979392581,0.0,0.1674161736723221
1061,1.030887551925537,-1.4287078893278686,0.0,0.0,0.13732289709575518,0.0,-0.2604974403066933
1062,3.6622202363143557,-3.9877992354562792,0.0,0.0,0.028243520521048227,0.0,-0.29733547862086596
1063,3.1491467351286064,-3.117120402752622,0.0,0.0,0.0023891391029606497,0.0,0.03441547147896529
1064,0.9101191334406455,-0.9207507126855098,0.0,0.0,-0.12622470744050016,0.0,-0.13685628668530114
1065,2.963601543442481,-2.9051504820574725,0.0,0.0,-0.019004730908599412,0.0,0.0394463304764372
1066,1.7911611726153782,-1.615293349757383,0.0,0.0,-0.07822707673104312,0.0,0.09764074612692752
1067,2.7863015086196277,-2.7513439885539,0.0,0.0,-0.04679778679076508,0.0,-0.01184026672501659
1068,1.7437995805782307,-1.7187473283587453,0.0,0.0,-0.09668721892009748,0.0,-0.07163496670052893
1069,2.8651511085377632,-3.2675044724603355,0.0,0.0,0.05553479979145283,0.0,-0.34681856413112655
1070,2.8714507923426957,-2.9470288749547,0.0,0.0,0.058844182891762846,0.0,-0.016733899720236423
1071,2.82070985238724,-2.6365438021696073,0.0,0.0,-0.0599731457759223,0.0,0.12419290444165654
1072,2.355768367969828,-2.0966204466972793,0.0,0.0,-0.07719062142965302,0.0,0.18195729984287823
1073,2.28958437141459,-2.2477839843658947,0.0,0.0,-0.0764069147798226,0.0,-0.034606527731071424
1074,1.9352629531052292,-1.9997483688689537,0.0,0.0,0.08036931531679693,0.0,0.015883899553116976
1075,0.6919874882014982,-0.5919974110178507,0.0,0.0,-0.14361151438150466,0.0,-0.04362143719791334
1076,3.2548100548729666,-2.8876112740487123,0.0,0.0,0.02206628717763465,0.0,0.3892650680018619
1077,2.7457507833302035,-2.523718469768245,0.0,0.0,-0.05466136567019097,0.0,0.16737094789176865
1078,2.4134728845206013,-2.6521788285290557,0.0,0.0,-0.09152249908266587,0.0,-0.3302284430911584
1079,0.8339790874821247,-0.9081523961052974,0.0,0.0,0.1342994787075407,0.0,0.060126170084316755
1080,1.726275730153794,-1.4852006089869894,0.0,0.0,-0.05966864814767561,0.0,0.18140647301910917
1081,2.4882303904199103,-2.607428401610449,0.0,0.0,0.02671015649840082,0.0,-0.09248785469218035
1082,3.731430700711185,-4.198333512914685,0.0,0.0,0.024568657920020404,0.0,-0.4423341542835004
1083,1.575784788728762,-1.6030634366903107,0.0,0.0,-0.10190559624507602,0.0,-0.12918424420666952
1084,2.1965051519709244,-2.17345994268703,0.0,0.0,0.09380336639362746,0.0,0.11684857567747997
1085,0.5436481861848497,-0.7139098643673519,0.0,0.0,0.13714332151938632,0.0,-0.03311835666309548
1086,1.7509301396856822,-2.3894272793835847,0.0,0.0,0.0476650954068946,0.0,-0.5908320442909769
1087,2.3167634886833595,-2.3169772682143113,0.0,0.0,-0.055237223137741875,0.0,-0.05545100266868985
1088,1.1820932399819266,-1.0809335691474136,0.0,0.0,-0.1291395320171681,0.0,-0.02797986118268625
1089,3.3666413145454714,-3.840471249082604,0.0,0.0,0.07973241546635487,0.0,-0.39409751907078316
1090,3.4332042624322368,-4.203715156364315,0.0,0.0,0.17025165547441407,0.0,-0.6002592384576815
1091,2.9122618845824237,-3.5930143673927732,0.0,0.0,-0.05973739779626248,0.0,-0.7404898806065461
1092,2.7288041656382505,-2.2448296490044144,0.0,0.0,0.0430770351199776,0.0,0.5270515517537007
1093,1.0632284235347471,-1.0756339510318462,0.0,0.0,0.11075696566097577,0.0,0.09835143816395941
1094,1.840259975445257,-2.1839667166554935,0.0,0.0,0.059819339982490255,0.0,-0.28388740122774436
1095,2.853544405695688,-2.4998961200406393,0.0,0.0,-0.0740627752922523,0.0,0.2795855103628071
1096,2.2128451980015433,-2.091327931901644,0.0,0.0,-0.012937816352603064,0.0,0.10857944974725342
1097,2.4214886217124865,-2.462466718979087,0.0,0.0,0.04312665119911018,0.0,0.002148553932499908
1098,1.2601816285714418,-1.3758693484188833,0.0,0.0,-0.10499245210541715,0.0,-0.22068017195289258
1099,1.7814141634468175,-1.5109362496106185,0.0,0.0,0.08635879501166314,0.0,0.35683670884792207
1100,3.620370102435496,-3.066967401734388,0.0,0.0,0.07963741740920846,0.0,0.6330401181103085
1101,2.33656592465204,-2.462852084532158,0.0,0.0,0.09949682338784671,0.0,-0.026789336492313964
1102,3.436402686352938,-3.1895436541890807,0.0,0.0,-0.07908102740245398,0.0,0.16777800476141635
1103,2.037054086615643,-2.2533499301211326,0.0,0.0,0.08159695253205317,0.0,-0.13469889097345344
1104,2.3726353292055613,-2.1627052396592212,0.0,0.0,-0.09193699910554157,0.0,0.1179930904406632
1105,4.21007271839344,-2.589728919435886,0.0,0.0,0.01081555438954275,0.0,1.6311593533470958
1106,2.4325208410511663,-2.629369960250686,0.0,0.0,0.03326214529919023,0.0,-0.16358697390036525
1107,2.834249225238365,-2.9662268210047924,0.0,0.0,0.10320066531084497,0.0,-0.028776930455549632
1108,2.884660680049162,-3.007644511619756,0.0,0.0,0.043796427818985385,0.0,-0.07918740375156119
1109,1.960271085794154,-2.178158868102638,0.0,0.0,-0.09056498978682778,0.0,-0.3084527720952934
1110,3.2146959976628944,-3.4139597684614422,0.0,0.0,0.05019931316209468,0.0,-0.14906445763649856
1111,3.6164198207282006,-3.6710526863184803,0.0,0.0,0.10428661041798415,0.0,0.049653744827708124
1112,1.1957858160383308,-1.0434132980031907,0.0,0.0,-0.11635854638066204,0.0,0.036013971654540455
1113,2.7342926545999253,-3.0268442128680046,0.0,0.0,-0.025126068728570535,0.0,-0.31767762699666946
1114,1.4145217155745713,-1.3271748075184227,0.0,0.0,0.09818109148380091,0.0,0.1855279995399286
1115,1.7697547880803475,-2.252320648222373,0.0,0.0,0.1113987881999096,0.0,-0.37116707194212495
1116,0.8591802302272438,-0.9844656612106291,0.0,0.0,-0.10543703376539013,0.0,-0.23072246474875158
1117,1.4285303369625308,-1.5252913772309353,0.0,0.0,0.10411377419290137,0.0,0.007352733924477661
1118,2.5572502975559495,-3.008321650003279,0.0,0.0,-0.11455662114301407,0.0,-0.5656279735903667
1119,1.6149153332879176,-1.6514813116194038,0.0,0.0,0.05770162985033236,0.0,0.021135651518818577
1120,2.587178558905887,-2.2353720570575546,0.0,0.0,-0.059164098689870034,0.0,0.29264240315845313
1121,3.904671635447774,-3.49467064201608,0.0,0.0,-0.35920457456008625,0.0,0.05079641887166986
1122,3.2361828887104824,-2.853492320932115,0.0,0.0,-0.004564625599900767,0.0,0.37812594217847106
1123,3.494067690464323,-3.545995907373466,0.0,0.0,-0.02303587940206696,0.0,-0.07496409631120571
1124,2.8476724600229364,-3.1845942910825484,0.0,0.0,-0.05611140189432275,0.0,-0.39303323295391124
1125,3.9179732193450683,-3.666592429940156,0.0,0.0,0.021849136154331084,0.0,0.2732299255592565
1126,3.1735984020072507,-3.787196713307109,0.0,0.0,-0.0026312447108962373,0.0,-0.6162295560107509
1127,2.0640524597715193,-1.9153484488413448,0.0,0.0,-0.07729867034479748,0.0,0.07140534058532921
1128,3.0639592399918087,-3.6843863530430623,0.0,0.0,0.026178839555608718,0.0,-0.5942482734956229
1129,2.9786974997002695,-2.9743818859196587,0.0,0.0,-0.06629725701537006,0.0,-0.06198164323470223
1130,1.284524789738205,-1.4157621596235113,0.0,0.0,0.09448697886467039,0.0,-0.03675039102061817
1131,3.909714836889699,-2.6546260924986553,0.0,0.0,-0.11839409534843683,0.0,1.1366946490426244
1132,2.7333282962526706,-3.1549548093431166,0.0,0.0,-0.04117626797209788,0.0,-0.4628027810625497
1133,2.764224759288038,-2.6474774933971332,0.0,0.0,0.032361970681647804,0.0,0.14910923657255637
1134,2.294196477525785,-3.3723149061160256,0.0,0.0,-0.0218713686650617,0.0,-1.0999897972552617
1135,1.0688063717296805,-1.034705780250855,0.0,0.0,0.10378851823748252,0.0,0.13788910971629775
1136,2.5460395407601646,-2.4942519138212442,0.0,0.0,0.053043710767103416,0.0,0.10483133770604525
1137,2.7848874881903245,-2.6801424471765145,0.0,0.0,-0.04772061660697406,0.0,0.05702442440686184
1138,2.534263524207643,-2.7709709069381434,0.0,0.0,-0.08370142982850845,0.0,-0.3204088125590374
1139,2.843293749347491,-2.8372183424920747,0.0,0.0,0.04648472397423337,0.0,0.05256013082970412
1140,3.222057423648232,-3.101477483358779,0.0,0.0,-0.08159197622066482,0.0,0.038987964068823544
1141,3.142487417007335,-2.7435783411912853,0.0,0.0,0.008351336089975668,0.0,0.4072604119060088
1142,1.2340850602047582,-1.410692847088517,0.0,0.0,0.1165341443773101,0.0,-0.06007364250646674
1143,3.2205723910779476,-3.60271018686113,0.0,0.0,-0.007080165399752571,0.0,-0.38921796118289365
1144,1.4315529895185988,-1.5268121376231838,0.0,0.0,0.10045790070755431,0.0,0.005198752602964873
1145,2.416832886071202,-2.3742487762275206,0.0,0.0,0.020643957209771847,0.0,0.06322806705350104
1146,0.9663989334372705,-0.6985924451917292,0.0,0.0,-0.1323600009008223,0.0,0.13544648734472275
1147,3.7859137368488844,-3.9902632037792665,0.0,0.0,-0.02144956358991211,0.0,-0.22579903052029238
1148,2.9099348350013465,-3.5005642820815153,0.0,0.0,0.019860729743009235,0.0,-0.5707687173371454
1149,2.9980267280075346,-2.7690183247202276,0.0,0.0,-0.0734653993724154,0.0,0.1555430039149428
1150,1.8245762460890005,-1.5114491636345826,0.0,0.0,-0.11389535512464932,0.0,0.19923172732981698
1151,3.8969436897522924,-3.8066978663345226,0.0,0.0,-0.05941976134140814,0.0,0.030826062076414473
1152,1.3184460237678794,-1.6080850003274354,0.0,0.0,-0.10571734819855695,0.0,-0.3953563247580405
1153,2.1906665973225135,-1.6333513879936048,0.0,0.0,-0.11688971451961706,0.0,0.44042549480933246
1154,0.7183692093067647,-1.041770454663641,0.0,0.0,0.13269301734760883,0.0,-0.19070822800917142
1155,3.3270516999066073,-3.4738519302751927,0.0,0.0,0.024976454371830145,0.0,-0.12182377599675931
1156,2.2636527468121344,-2.094815375668608,0.0,0.0,0.028357363209106194,0.0,0.19719473435263524
1157,2.615641132305942,-2.4615345633990455,0.0,0.0,-0.0267386924271505,0.0,0.12736787647973813
1158,2.0427261972549835,-1.8847360897940288,0.0,0.0,-0.0919681014635555,0.0,0.06602200599733976
1159,1.8266163274694642,-1.4045606350645106,0.0,0.0,-0.09277043032064713,0.0,0.3292852620843405
1160,1.3967741465831096,-1.3437193395571843,0.0,0.0,0.10503444514683971,0.0,0.15808925217268666
1161,2.0040004595607144,-2.0533868502208397,0.0,0.0,0.10005437758245617,0.0,0.05066798692230634
1162,2.3461148833806584,-2.537062070339642,0.0,0.0,-0.07914638589584079,0.0,-0.27009357285484725
1163,1.8539455160894498,-1.7932936879149113,0.0,0.0,-0.06682825198221669,0.0,-0.006176423807673359
1164,2.8403168492034365,-2.210020742027704,0.0,0.0,-0.0005988710975620383,0.0,0.6296972360782007
1165,3.4228619403198537,-3.016573757472857,0.0,0.0,-0.030852064760827032,0.0,0.3754361180861956
1166,2.93401884627211,-2.446403208007949,0.0,0.0,0.015485694518529824,0.0,0.5031013327827409
1167,3.291948212652846,-3.223170759366715,0.0,0.0,0.0715020031245454,0.0,0.1402794564107097
1168,2.0035175466867456,-2.013033725351695,0.0,0.0,0.06733109323171123,0.0,0.0578149145666913
1169,1.5921124949471062,-1.4071389021849232,0.0,0.0,-0.06269757993576434,0.0,0.12227601282646106
1170,2.7068656519644567,-2.347639290925153,0.0,0.0,-0.0963315151031639,0.0,0.2628948459361169
1171,1.4232619863113216,-1.1590029364852215,0.0,0.0,-0.1381226868177693,0.0,0.12613636300825704
1172,3.4341321322093776,-3.2139401524241404,0.0,0.0,-0.02041243216720533,0.0,0.19977954761804995
1173,3.8029312437335223,-4.000249537957533,0.0,0.0,-0.10473569373288566,0.0,-0.3020539879568638
1174,2.374732553995474,-2.7605073847597303,0.0,0.0,-0.04173528822895762,0.0,-0.4275101189932542
1175,3.3240319152640097,-3.0400412757365216,0.0,0.0,-0.10741051427082053,0.0,0.17658012525660993
1176,3.3891722285128614,-3.1898164061395735,0.0,0.0,-0.14492980776102074,0.0,0.054426014612118934
1177,3.3140281572389143,-2.8091806257394922,0.0,0.0,-0.01712134886323645,0.0,0.4877261826361732
1178,1.9785185491701989,-1.5476311803860123,0.0,0.0,-0.06455908582677371,0.0,0.3663282829574399
1179,2.1334401597473702,-2.0260505634709505,0.0,0.0,-0.1032209936133129,0.0,0.0041686026630998185
1180,3.1879770277307364,-3.2146675536211564,0.0,0.0,0.006240456178890998,0.0,-0.020450069711515084
1181,2.231407096445527,-2.339030986860025,0.0,0.0,0.055549541209269054,0.0,-0.05207434920527021
1182,1.2819880064465672,-1.5556802338682345,0.0,0.0,0.12664602573412884,0.0,-0.14704620168755866
1183,2.262845504283951,-2.038667750274218,0.0,0.0,0.08123435615682462,0.0,0.30541211016659986
1184,2.6738783619772253,-3.0460418695965257,0.0,0.0,-0.06566409749832455,0.0,-0.43782760511760443
1185,1.762595201214157,-1.838822849378181,0.0,0.0,0.07757232357693045,0.0,0.0013446754128665361
1186,3.3580017571846383,-3.2710403864207205,0.0,0.0,0.06722959775187429,0.0,0.1541909685157492
1187,2.2723960997882435,-2.348499158520319,0.0,0.0,0.07404149905467478,0.0,-0.002061559677329683
1188,3.892564676592585,-3.9790165769704178,0.0,0.0,-0.06962366403831827,0.0,-0.15607556441611337
1189,3.97280314963828,-4.692299773314067,0.0,0.0,0.021448768476635974,0.0,-0.6980478551991567
1190,3.2728443563623095,-3.6971103948416046,0.0,0.0,0.050178305672689584,0.0,-0.3740877328065437
1191,2.7839479239211435,-2.2548706975447326,0.0,0.0,-0.03432509061575251,0.0,0.4947521357607201
1192,1.791614258795529,-2.188438866760491,0.0,0.0,0.05383846838351392,0.0,-0.3429861395814413
1193,2.494560785119005,-2.4074515964994303,0.0,0.0,-0.030743141340238346,0.0,0.05636604727934014
1194,3.195040698723992,-2.960720827131872,0.0,0.0,0.011019293742527069,0.0,0.24533916533466993
1195,2.587476367182977,-2.144343049750401,0.0,0.0,0.043238999925191944,0.0,0.48637231735777675
1196,2.074562766653958,-2.589595596844713,0.0,0.0,0.08212016043920008,0.0,-0.43291266975154485
1197,1.339698586594711,-1.019288567985552,0.0,0.0,-0.1290738314789059,0.0,0.1913361871302044
1198,2.3819292007199357,-2.7964485029905735,0.0,0.0,0.13173482878996956,0.0,-0.2827844734806604
1199,3.6649322807679297,-3.881435195241386,0.0,0.0,0.05196251672029531,0.0,-0.16454039775317142
1200,3.3046726214305746,-3.851963111844133,0.0,0.0,-0.04127032938599854,0.0,-0.588560819799568
1201,2.370604564069035,-2.318580846491938,0.0,0.0,-0.07415405094505591,0.0,-0.02213033336802539
1202,3.3608120197105276,-3.5788105447653042,0.0,0.0,-0.02872950306874042,0.0,-0.24672802812349914
1203,1.5197094600165946,-1.3341026115195813,0.0,0.0,-0.0989003650686591,0.0,0.08670648342845766
1204,3.848647470191775,-4.023721835128991,0.0,0.0,0.22157349124304537,0.0,0.04649912630586073
1205,1.7435907095285117,-1.4726003095144888,0.0,0.0,0.07959169508256189,0.0,0.35058209509662674
1206,3.7640724403313928,-4.596585289082432,0.0,0.0,0.04527755428002243,0.0,-0.7872352944709888
1207,2.0307488223083614,-1.8863161563847137,0.0,0.0,-0.10685649378225925,0.0,0.03757617214137099
1208,1.1285957759892133,-0.9040433741689682,0.0,0.0,-0.1176320196781425,0.0,0.10692038214209276
1209,3.3703331758383226,-3.1516702525202263,0.0,0.0,-0.11824605757177845,0.0,0.10041686574631115
1210,1.0651461671539326,-0.9945679617965224,0.0,0.0,0.11908801918399368,0.0,0.1896662245413836
1211,3.7008676905318625,-3.4378246480522923,0.0,0.0,-0.030764435508545226,0.0,0.23227860697096503
1212,1.4947665246708646,-1.6697221195950047,0.0,0.0,0.07091803003173931,0.0,-0.10403756489239413
1213,1.585070452899813,-1.7094364165783669,0.0,0.0,0.07196386512683016,0.0,-0.05240209855168132
1214,1.3983958249949964,-1.2907566514691247,0.0,0.0,-0.10773469894738444,0.0,-9.552542151425314e-05
1215,2.532308021790963,-2.2626797554157156,0.0,0.0,0.07577651512382591,0.0,0.3454047814990133
1216,3.4635059414180893,-3.6329060371423876,0.0,0.0,-0.07168070687136127,0.0,-0.24108080259569098
1217,1.1731104509123342,-0.9472763635534202,0.0,0.0,-0.11488295447700782,0.0,0.11095113288196501
1218,3.0559011557937263,-3.0021724407441486,0.0,0.0,0.0752800547045169,0.0,0.12900876975412245
1219,3.192555800631414,-3.02946609908442,0.0,0.0,-0.020831594745630018,0.0,0.14225810680132156
1220,3.0195943213816623,-2.7955350610194207,0.0,0.0,-0.022643010828241574,0.0,0.20141624953402015
1221,1.786794518922756,-2.031483170056829,0.0,0.0,0.10818714525955886,0.0,-0.13650150587450582
1222,2.1742273517225823,-2.0494466377724123,0.0,0.0,-0.09323067535108928,0.0,0.03155003859906458
1223,2.821982280115666,-3.01866388458867,0.0,0.0,-0.05332019609281781,0.0,-0.25000180056589727
1224,1.2817882432266932,-1.2061272491738826,0.0,0.0,-0.09036736919754218,0.0,-0.014706375144797335
1225,1.625656006172908,-1.6952602724387529,0.0,0.0,-0.09046048832523478,0.0,-0.16006475459107605
1226,1.254012051254621,-1.0222802816984649,0.0,0.0,-0.13631700007910713,0.0,0.09541476947708816
1227,2.903238216453661,-2.657629948226389,0.0,0.0,0.01900430769563544,0.0,0.2646125759229392
1228,1.1115257998802144,-1.0557856538046484,0.0,0.0,0.1110983393713054,0.0,0.1668384854469025
1229,1.4947727197233258,-1.451778774331373,0.0,0.0,0.10090970367344945,0.0,0.14390364906545017
1230,2.9908505225572455,-2.4946782957366036,0.0,0.0,-0.06023198189020547,0.0,0.4359402449304497
1231,1.9514167460852425,-1.8702370253551217,0.0,0.0,-0.07906527284117948,0.0,0.002114447888956761
1232,1.843715151243022,-1.8152299038236075,0.0,0.0,0.079578811483948,0.0,0.10806405890335213
1233,1.4563509496105087,-1.3611992850036623,0.0,0.0,0.0901075115483103,0.0,0.18525917615518495
1234,2.6135737970469037,-2.2354213583128217,0.0,0.0,-0.06278940827165597,0.0,0.3153630304624784
1235,1.7366515397498283,-2.150807652989783,0.0,0.0,-0.10521558696649166,0.0,-0.5193717002064915
1236,2.1085873412372105,-2.036583080340885,0.0,0.0,0.06251632223924032,0.0,0.1345205831356111
1237,3.2812422142603097,-3.2182697197393315,0.0,0.0,-0.02912579730947604,0.0,0.03384669721148725
1238,1.2722764873864052,-1.213341280598824,0.0,0.0,0.10704899083325828,0.0,0.16598419762081562
1239,3.365209001890436,-2.9452816149003094,0.0,0.0,-0.07454173463659752,0.0,0.34538565235358476
1240,1.745264152853337,-1.8513947636212111,0.0,0.0,0.10301327154165786,0.0,-0.0031173392262360267
1241,1.4633622544025213,-1.5769535181012144,0.0,0.0,0.05938661846198005,0.0,-0.054204645236808346
1242,1.5226853712176294,-1.419563800784549,0.0,0.0,-0.07748267080494205,0.0,0.02563889962812027
1243,1.5757132931449713,-1.7581396350313563,0.0,0.0,0.11657204444823013,0.0,-0.06585429743805093
1244,1.6470881517574203,-1.4680353912904052,0.0,0.0,0.012503151567847629,0.0,0.19155591203484335
1245,2.7415218285587235,-3.1466858717980632,0.0,0.0,0.04652216811330107,0.0,-0.35864187512605383
1246,2.9658980972191187,-3.156065131402677,0.0,0.0,-0.029406158940880722,0.0,-0.21957319312444668
1247,2.7084702897014137,-2.6259072712595617,0.0,0.0,0.01534502894297254,0.0,0.09790804738479153
1248,1.7484896868481596,-1.6207117106578928,0.0,0.0,0.12026505035185787,0.0,0.2480430265421063
1249,1.0646017694028886,-1.0796391867475967,0.0,0.0,-0.13267286325742914,0.0,-0.14771028060224012
1250,3.577289722403602,-4.132806007029366,0.0,0.0,0.0496943108120463,0.0,-0.5058219738136973
1251,3.0777495021080905,-3.0190146615633155,0.0,0.0,0.0461708850285414,0.0,0.10490572557334588
1252,2.6167399193215215,-2.4159252948537473,0.0,0.0,0.049505048277781655,0.0,0.2503196727455048
1253,1.349954267785083,-1.1969334021403761,0.0,0.0,0.10702331819812078,0.0,0.26004418384282246
1254,3.6053163687862404,-3.2863165626311943,0.0,0.0,0.022781064621074987,0.0,0.3417808707762262
1255,2.315042012798722,-2.130104789634266,0.0,0.0,0.09534856692720743,0.0,0.2802857900917246
1256,1.5392013303334966,-1.4793410609340427,0.0,0.0,-0.1126712301355205,0.0,-0.05281096073613867
1257,1.2076014132123312,-1.2453463331626706,0.0,0.0,-0.12694415148283966,0.0,-0.1646890714331306
1258,2.3160497735294845,-2.3744101372865916,0.0,0.0,-0.04874139352740545,0.0,-0.10710175728448235
1259,3.160692452126133,-2.967978750574332,0.0,0.0,-0.03612038914748311,0.0,0.1565933124043397
1260,1.037052214199305,-0.702023195111267,0.0,0.0,-0.13838230475187563,0.0,0.19664671433604042
1261,2.449928947885772,-2.483209650995285,0.0,0.0,-0.0994854909083061,0.0,-0.13276619401784728
1262,3.677784399268129,-3.5005262838794504,0.0,0.0,-0.14893276312940001,0.0,0.02832535225931565
1263,1.0299763905395587,-1.0162683235128673,0.0,0.0,-0.12729921180269205,0.0,-0.11359114477603782
1264,1.4846688315998289,-1.4012265093765808,0.0,0.0,-0.08898201483417321,0.0,-0.005539692610980751
1265,2.3120055112622455,-2.0625885638749524,0.0,0.0,0.07177969143578734,0.0,0.3211966388230536
1266,3.038920066314546,-2.9708809378195635,0.0,0.0,0.012351626790651042,0.0,0.08039075528564865
1267,3.940146209226468,-3.5856003738677735,0.0,0.0,0.016641938441495176,0.0,0.37118777380024426
1268,3.059116054720135,-2.825679448785355,0.0,0.0,0.014972694384692195,0.0,0.24840930031943742
1269,4.065848889408924,-3.0123156130241724,0.0,0.0,0.1354274164036913,0.0,1.1889606927884344
1270,3.8937417846521387,-3.7110071538279694,0.0,0.0,-0.020112573509500548,0.0,0.16262205731473678
1271,0.8289318194245318,-0.6930995110813973,0.0,0.0,-0.13746257391809508,0.0,-0.001630265574917189
1272,3.8294809422173297,-2.8407759264348242,0.0,0.0,0.07466947516148109,0.0,1.0633744909439926
1273,3.7508050424708728,-4.056105938984086,0.0,0.0,0.024055295613492633,0.0,-0.28124560089969464
1274,2.2625397917240377,-2.1987236951124522,0.0,0.0,0.06967206439808217,0.0,0.13348816100963745
1275,1.8933963664304516,-1.8514498930380927,0.0,0.0,-0.15493220232642463,0.0,-0.11298572893403502
1276,2.7877129935586304,-2.7640380087118603,0.0,0.0,-0.09853504008741232,0.0,-0.07486005524053496
1277,2.1984036909337763,-2.0474793095970143,0.0,0.0,-0.06308856727227993,0.0,0.08783581406446217
1278,1.3575368013285727,-1.6065941424207033,0.0,0.0,0.09484346975859713,0.0,-0.1542138713336243
1279,2.5597518821734817,-2.468813090862282,0.0,0.0,-0.08615297017345556,0.0,0.004785821137758717
1280,3.4941945760324606,-3.596452090116809,0.0,0.0,0.04122481724922227,0.0,-0.061032696835141564
1281,1.965694984577402,-2.1599556014070944,0.0,0.0,-0.057628624625775636,0.0,-0.2518892414555296
1282,3.2497788816930524,-3.6198123339590875,0.0,0.0,0.054405466039733334,0.0,-0.315627986226346
1283,2.1500224991476125,-2.390173924033814,0.0,0.0,0.08112313648906107,0.0,-0.15902828839702465
1284,3.065939005384752,-2.686488128870167,0.0,0.0,-0.03548047933868201,0.0,0.3439703971759229
1285,2.8705477900096055,-2.6647993741332265,0.0,0.0,0.039196416610371064,0.0,0.24494483248678023
1286,1.3160938814835677,-1.5649443963132303,0.0,0.0,0.098121971237776,0.0,-0.15072854359192434
1287,3.3220147088857415,-3.4224262211382888,0.0,0.0,0.0660707676266251,0.0,-0.03434074462593628
1288,2.373177330160131,-2.566924475301397,0.0,0.0,-0.06463630164447942,0.0,-0.2583834467856576
1289,2.138390920118313,-2.4718540287222206,0.0,0.0,0.0589531866211579,0.0,-0.27450992198264146
1290,2.199898800199455,-2.1371153022452734,0.0,0.0,-0.11064714300230988,0.0,-0.04786364504813889
1291,3.101412428956614,-3.352397237154447,0.0,0.0,-0.007442756556196009,0.0,-0.2584275647540437
1292,1.160428456002621,-1.085709179507718,0.0,0.0,0.10401768141933074,0.0,0.17873695791425348
1293,3.1744693742828423,-3.6650498468446244,0.0,0.0,-0.003351966245652269,0.0,-0.49393243880736293
1294,1.840607266142628,-2.208156914348349,0.0,0.0,0.06816113015552083,0.0,-0.2993885180502218
1295,1.2817981211398575,-1.4100821056060746,0.0,0.0,0.08960969586092357,0.0,-0.038674288605164975
1296,2.5045243684875955,-2.227444531095574,0.0,0.0,-0.17233206933398026,0.0,0.10474776805808972
1297,2.2638130017153175,-2.1576945092348785,0.0,0.0,0.06628102715202365,0.0,0.17239951963240685
1298,3.177417226960266,-3.324104789761742,0.0,0.0,-0.035009283701883734,0.0,-0.1816968465033426
1299,2.292227918691115,-1.9733251292498197,0.0,0.0,-0.059163177399253045,0.0,0.25973961204202567
1300,1.8514043160718077,-1.5984577387999876,0.0,0.0,-0.08633151432056012,0.0,0.1666150629512657
1301,1.5915066062523426,-1.7407583500431318,0.0,0.0,0.05267923416678006,0.0,-0.09657250962406749
1302,3.479931990688685,-3.901771409092431,0.0,0.0,-0.05813999669555376,0.0,-0.47997941509926534
1303,1.9663372829430343,-1.8210786847851173,0.0,0.0,-0.09359450956288919,0.0,0.05166408859501814
1304,1.6390228922153514,-1.5989691889939015,0.0,0.0,-0.09802837648500726,0.0,-0.05797467326358685
1305,1.1342921246726867,-1.0296144329952983,0.0,0.0,-0.11463186256975072,0.0,-0.009954170892299885
1306,2.273500789040826,-2.4069189815299556,0.0,0.0,-0.044683812921821955,0.0,-0.1781020054109348
1307,3.089462528031194,-2.885828996326428,0.0,0.0,0.01485445340358528,0.0,0.21848798510832523
1308,1.9654477621281932,-1.6411838143739426,0.0,0.0,-0.11630814478048596,0.0,0.20795580297375693
1309,1.2009876073693888,-1.2234746114287833,0.0,0.0,-0.1272272765192644,0.0,-0.14971428057866376
1310,3.3750371761335347,-3.5214887862467674,0.0,0.0,-0.08185675392819405,0.0,-0.2283083640413608
1311,1.2081846663994908,-1.2080475043389984,0.0,0.0,-0.10841195882277144,0.0,-0.10827479676221685
1312,1.953667511390592,-2.042022849639801,0.0,0.0,0.11741998465760009,0.0,0.02906464640834372
1313,0.7687391614165456,-0.7786236900383817,0.0,0.0,0.13150941991154408,0.0,0.12162489128972709
1314,1.7145882393655187,-1.7631175355583144,0.0,0.0,0.18054666097203786,0.0,0.13201736477932968
1315,2.291555150200979,-2.2660700035289394,0.0,0.0,0.001407145896836206,0.0,0.02689229256881731
1316,2.978821975042177,-2.7637985994491374,0.0,0.0,-0.1444819492116825,0.0,0.07054142638139638
1317,2.6157600569295796,-2.922112192166108,0.0,0.0,0.05929878397039534,0.0,-0.24705335126614614
1318,1.1713079764404746,-0.9255825350044655,0.0,0.0,-0.12118447921039892,0.0,0.12454096222559485
1319,2.5122813886824287,-2.4888788817479868,0.0,0.0,-0.019371553900633304,0.0,0.0040309530338191735
1320,1.1589976718122237,-1.0444378797875296,0.0,0.0,0.09937649210571214,0.0,0.21393628413036936
1321,2.488831340376471,-2.9932896157681483,0.0,0.0,0.05428574245623492,0.0,-0.4501725329353121
1322,1.9188875166410693,-1.8654404977099621,0.0,0.0,-0.06759224952434141,0.0,-0.014145230593243241
1323,3.808382625629368,-4.429483738658423,0.0,0.0,0.21831653229917033,0.0,-0.4027845807298718
1324,2.487420832252051,-2.3154074328744794,0.0,0.0,0.04351690299200597,0.0,0.21553030236964332
1325,0.9732725486669165,-0.9550545113030797,0.0,0.0,0.09304021769752745,0.0,0.11125825506135811
1326,1.1861283344651283,-0.9499604443118362,0.0,0.0,0.10764808770518824,0.0,0.34381597785856854
1327,2.286157370534703,-2.380985380620226,0.0,0.0,-0.028411346061991888,0.0,-0.12323935614743675
1328,2.861181628280263,-2.8439656209991444,0.0,0.0,0.05238547201155638,0.0,0.06960147929272864
1329,1.6320381367637147,-1.8778718130142817,0.0,0.0,0.08257822933528798,0.0,-0.16325544691520122
1330,2.892358840660536,-2.9702246985178773,0.0,0.0,-0.045113029675823264,0.0,-0.122978887533165
1331,2.163350752816526,-2.034949996279564,0.0,0.0,-0.10852132616007382,0.0,0.01987943037694606
1332,3.829658336668167,-3.383972062452015,0.0,0.0,-0.09275349706302131,0.0,0.35293277715311433
1333,2.1070493323741313,-2.1507564185026515,0.0,0.0,0.02732994125316641,0.0,-0.01637714487536357
1334,3.925331117233933,-3.6128272015725087,0.0,0.0,-0.004575154655135062,0.0,0.3079287610063055
1335,3.3547901586288105,-4.1505514714776215,0.0,0.0,-0.0612753818898225,0.0,-0.8570366947386248
1336,2.744639217116535,-3.128385419853403,0.0,0.0,0.02706204540749814,0.0,-0.35668415732936865
1337,1.6137626180121112,-1.5037352414079341,0.0,0.0,-0.09987246527037301,0.0,0.010154911333785321
1338,1.842651234100414,-1.8552158115272428,0.0,0.0,-0.09788347470632265,0.0,-0.11044805213316522
1339,3.2522811012471005,-3.175826706996127,0.0,0.0,0.12919129238641217,0.0,0.20564568663736793
1340,1.8205171169489567,-2.0101385501409332,0.0,0.0,-0.09000681864440413,0.0,-0.27962825183648476
1341,4.017070556330471,-3.532013059491398,0.0,0.0,0.013896920155925627,0.0,0.4989544169950051
1342,1.4401160705859029,-1.672232932529552,0.0,0.0,0.10068819940303084,0.0,-0.13142866254059982
1343,3.296307337778794,-2.9878670313483746,0.0,0.0,-0.03001120626882311,0.0,0.2784291001615742
1344,3.2828598035122614,-3.4021691278464585,0.0,0.0,-0.22915132091021878,0.0,-0.34846064524444387
1345,2.8874867661286405,-2.8996451416656797,0.0,0.0,0.005477172342610172,0.0,-0.0066812031944891714
1346,0.953670324252231,-1.2637891859164012,0.0,0.0,0.11321339192226697,0.0,-0.19690546974193524
1347,1.7416288297966662,-1.8575134161951063,0.0,0.0,-0.057063330260877114,0.0,-0.17294791665928244
1348,2.699969764672438,-2.5003240496361303,0.0,0.0,0.0021362974270077006,0.0,0.2017820124632692
1349,3.5470106045199445,-3.571301811854657,0.0,0.0,-0.0332056069743893,0.0,-0.05749681430916098
1350,0.7621624187561991,-0.8858220296491954,0.0,0.0,0.12844630189298287,0.0,0.00478669099989304
1351,2.5721112893752536,-3.1476292809611315,0.0,0.0,-0.013162967147887047,0.0,-0.5886809587337751
1352,2.3063919609227805,-2.3764973929877087,0.0,0.0,0.036523852045916995,0.0,-0.033581580019031776
1353,1.9005753008369777,-2.01728298482062,0.0,0.0,0.04937333303739378,0.0,-0.0673343509463109
1354,1.8957086679175295,-2.8372973398115606,0.0,0.0,0.07771502159249974,0.0,-0.8638736503015423
1355,3.285141094464236,-2.860040062073166,0.0,0.0,-0.02217907606687697,0.0,0.4029219563241355
1356,1.3623370679761115,-1.3957264911059823,0.0,0.0,0.1041882233634955,0.0,0.07079880023374585
1357,2.879922663998745,-2.201970254789283,0.0,0.0,0.02809739019138731,0.0,0.7060497994008017
1358,1.7672169182893946,-1.3908915248831517,0.0,0.0,-0.10089905494140242,0.0,0.2754263384648681
1359,1.5611513729756876,-1.3643855942124246,0.0,0.0,-0.11611962274027578,0.0,0.08064615602289393
1360,3.4336650015882046,-2.9451964684193817,0.0,0.0,-0.03289331559916229,0.0,0.4555752175696739
1361,2.542898544073686,-2.1910433192884398,0.0,0.0,0.059049550780759866,0.0,0.41090477556593896
1362,1.8105774229503153,-1.700282219578612,0.0,0.0,-0.1058965359269204,0.0,0.0043986674448603935
1363,2.0784837476269806,-2.082789104329585,0.0,0.0,0.021802785092308243,0.0,0.017497428389660286
1364,2.472098183847531,-2.3830634435874543,0.0,0.0,-0.10296523370396508,0.0,-0.013930493443936598
1365,3.802861121615695,-3.664067707877474,0.0,0.0,-0.041273397110264655,0.0,0.09752001662795351
1366,1.2579930023245616,-1.3792324140823686,0.0,0.0,-0.11661545511844768,0.0,-0.2378548668762619
1367,1.4691846537235538,-1.3350858040857674,0.0,0.0,-0.09505696145566864,0.0,0.03904188818204091
1368,2.447004136913715,-3.0610247345301707,0.0,0.0,0.0435505355573996,0.0,-0.570470062059016
1369,2.5851978556594983,-2.6407915514469034,0.0,0.0,-0.04461802754456473,0.0,-0.10021172333193817
1370,1.3579245521264716,-1.9103187011188183,0.0,0.0,0.12595062330838436,0.0,-0.42644352568387944
1371,1.9670241586066988,-2.061516730289697,0.0,0.0,-0.04080023488829551,0.0,-0.13529280657132858
1372,3.2948771237428245,-2.7034188988756025,0.0,0.0,-0.008718198541284788,0.0,0.5827400263258795
1373,2.98289918929598,-2.5611767455639636,0.0,0.0,-0.036225195192055255,0.0,0.3854972485399344
1374,1.5235981798964202,-1.6066747917483497,0.0,0.0,-0.0921893155229873,0.0,-0.1752659273749657
1375,1.969393820161113,-2.05909460112643,0.0,0.0,-0.07496873176430428,0.0,-0.16466951272951746
1376,3.886957196474101,-2.8217932864008826,0.0,0.0,-0.018876609013287332,0.0,1.0462873010599338
1377,3.378546713592163,-4.599618451512235,0.0,0.0,0.07893725237094694,0.0,-1.142134485549036
1378,2.7547342072219383,-3.446707920889245,0.0,0.0,0.08706358958796188,0.0,-0.6049101240793959
1379,2.8864403471563347,-2.731576802860432,0.0,0.0,-0.0633838241263599,0.0,0.09147972016954498
1380,3.5128892138643213,-2.9803397878482554,0.0,0.0,-0.09770377987776453,0.0,0.4348456461383279
1381,1.4557501105440587,-1.6866281697954189,0.0,0.0,0.18122928922556392,0.0,-0.04964877002576884
1382,1.8389075297126054,-1.855101047436216,0.0,0.0,0.06710217058687151,0.0,0.05090865286319968
1383,1.226978291621428,-1.3310121449587102,0.0,0.0,-0.10272676216478102,0.0,-0.2067606155020627
1384,3.383563110875088,-2.536196877478809,0.0,0.0,0.050084105716661886,0.0,0.8974503391129645
1385,1.7816230888041462,-1.5376524803285418,0.0,0.0,-0.1233752690457337,0.0,0.12059533942989731
1386,3.0071145643350965,-3.3864225775298302,0.0,0.0,0.043283084610365216,0.0,-0.33602492858433664
1387,3.928780232385203,-3.6760148444693983,0.0,0.0,-0.03993495309602651,0.0,0.21283043481980712
1388,2.0077735929629346,-1.7582367335309221,0.0,0.0,0.07743722443030257,0.0,0.3269740838622539
1389,2.7518673971480636,-2.327940455949859,0.0,0.0,0.012614873361158237,0.0,0.4365418145593907
1390,3.2151953439968888,-3.1061821302793473,0.0,0.0,-0.04266990210566268,0.0,0.06634331161191653
1391,2.317151172468723,-1.931677428223552,0.0,0.0,-0.09082699228567413,0.0,0.2946467519594904
1392,2.1024488698540473,-1.8345648257780645,0.0,0.0,0.06631896456887981,0.0,0.3342030086447494
1393,3.238854244855762,-3.5855989545460667,0.0,0.0,-0.05194887267066692,0.0,-0.3986935823609201
1394,0.9232237569563265,-0.7181695867306708,0.0,0.0,-0.13794768623297926,0.0,0.06710648399260322
1395,1.4473244175194668,-1.3565754778619363,0.0,0.0,-0.08938835863107247,0.0,0.001360581026446539
1396,3.197034541375433,-4.081138237445259,0.0,0.0,0.26021254586884834,0.0,-0.6238911502010467
1397,0.5667439210598201,-0.6837562976737578,0.0,0.0,-0.14081624140516089,0.0,-0.25782861801918955
1398,2.774352606178784,-3.027407861067607,0.0,0.0,0.10617397300955793,0.0,-0.14688128187924576
1399,0.7536577280386866,-0.9820009313461956,0.0,0.0,0.12280982045859816,0.0,-0.10553338284904612
1400,1.6840243341393706,-2.039338524110611,0.0,0.0,0.08245669760620435,0.0,-0.2728574923650342
1401,1.3671411421406845,-1.25296408133816,0.0,0.0,0.11681589904095077,0.0,0.23099295984357582
1402,0.5089519380071911,-0.7073571652687335,0.0,0.0,0.14329791555234264,0.0,-0.0551073117091363
1403,2.3057268600353513,-2.0694459770957856,0.0,0.0,-0.05164210768155828,0.0,0.18463877525798011
1404,3.3776416345198252,-3.642320696194366,0.0,0.0,0.11168096339618114,0.0,-0.15299809827837407
1405,2.397736059323391,-2.2245679283786317,0.0,0.0,0.03539644097576403,0.0,0.20856457192053313
1406,2.3016284633279107,-1.9878745163483813,0.0,0.0,-0.13195585808773955,0.0,0.18179808889179583
1407,2.7509719501943297,-2.613502824930816,0.0,0.0,0.03487007897831776,0.0,0.17233920424177995
1408,3.0716852006276842,-3.231223939244871,0.0,0.0,0.023235427515880383,0.0,-0.13630331110124416
1409,1.1876793135915127,-1.0328617287567372,0.0,0.0,-0.10505122744569971,0.0,0.049766357389046334
1410,0.8653710334006872,-0.8333310973289629,0.0,0.0,-0.1322925789895461,0.0,-0.10025264291786584
1411,1.7031288630641366,-1.2611783303160924,0.0,0.0,-0.09105884626476149,0.0,0.3508916864833367
1412,2.250831208794278,-2.127342072937298,0.0,0.0,0.07752725547089087,0.0,0.20101639132786886
1413,2.1705632023330237,-1.605902823765608,0.0,0.0,-0.06577567452111215,0.0,0.49888470404619056
1414,3.342710027300933,-3.4238216857152497,0.0,0.0,0.002615884242237616,0.0,-0.0784957741720973
1415,2.789327844456556,-2.584247183942167,0.0,0.0,-0.09559441338299488,0.0,0.10948624713137178
1416,1.7018809056186188,-2.3761801823694073,0.0,0.0,0.11117663502759556,0.0,-0.5631226417233108
1417,3.228798355988931,-2.9616302804093126,0.0,0.0,0.054591431085243475,0.0,0.3217595066648755
1418,1.4863945625992696,-1.2281830917908314,0.0,0.0,-0.10707678984144721,0.0,0.15113468096699023
1419,1.309973459975267,-1.6071205477759796,0.0,0.0,0.11597352087554141,0.0,-0.18117356692521014
1420,2.5588211545906283,-3.17757567545165,0.0,0.0,0.1090152881424512,0.0,-0.5097392327186299
1421,2.5111199447729575,-2.892440527841748,0.0,0.0,0.09643095001954788,0.0,-0.2848896330492181
1422,3.3519131921664425,-3.11983739727452,0.0,0.0,-0.06352593746521357,0.0,0.16854985742665463
1423,1.1483086669160474,-0.8613833615059491,0.0,0.0,-0.11876635238615235,0.0,0.16815895302389094
1424,1.8057528745845568,-1.6866370333597076,0.0,0.0,-0.08726279215680734,0.0,0.03185304906800468
1425,2.4296074649660406,-2.15205181139569,0.0,0.0,-0.09447396821533163,0.0,0.18308168535507718
1426,2.6580587670387144,-2.0738401589868376,0.0,0.0,0.047734886558764913,0.0,0.6319534946106273
1427,1.3361505444561659,-1.2479448961245192,0.0,0.0,0.10895706472534412,0.0,0.19716271305701127
1428,3.5062269035388907,-3.2590626512706056,0.0,0.0,0.04400069479628564,0.0,0.2911649470645514
1429,3.682264685379166,-3.345978441316471,0.0,0.0,0.007551356917486058,0.0,0.3438376009801658
1430,3.5011151574667605,-3.514753088712414,0.0,0.0,-0.012180280414605924,0.0,-0.02581821166019438
1431,3.439535154558796,-3.7602442719086495,0.0,0.0,-0.030204229763662927,0.0,-0.3509133471134902
1432,1.1738542424628173,-1.1028277810051468,0.0,0.0,-0.1321484637956746,0.0,-0.06112200233789622
1433,0.81917575112839,-1.0936230370100413,0.0,0.0,0.11990009734903546,0.0,-0.15454718853271743
1434,1.691253302588938,-1.4115448518709066,0.0,0.0,-0.09817219012182658,0.0,0.18153626059618944
1435,2.8940298000234117,-2.388580630169874,0.0,0.0,-0.05696978163624014,0.0,0.44847938821730793
1436,3.048747057144548,-3.328924252951622,0.0,0.0,-0.06385019682952948,0.0,-0.3440273926365478
1437,0.7086360477721075,-0.8564363292291395,0.0,0.0,0.11438267253333796,0.0,-0.03341760892369905
1438,3.2194572612321415,-3.1293166189125046,0.0,0.0,0.015139488201578892,0.0,0.10528013052119434
1439,3.394355144761782,-3.589193262380978,0.0,0.0,-0.05894018904976072,0.0,-0.25377830666900536
1440,3.0588255673432942,-3.295369539654874,0.0,0.0,-0.018977499623622145,0.0,-0.2555214719351966
1441,3.902473071083071,-3.0828278542181735,0.0,0.0,0.11960248109863567,0.0,0.9392476979635269
1442,3.0402174895884078,-2.0014864131661785,0.0,0.0,-0.05256425812327858,0.0,0.9861668182989263
1443,0.6900994292289342,-0.8322885776051038,0.0,0.0,0.11812790237791664,0.0,-0.024061245998183267
1444,3.299593308601359,-3.702699777513573,0.0,0.0,0.02533042345649748,0.0,-0.3777760454557182
1445,3.1923995721830027,-3.0496767123928863,0.0,0.0,-0.03468306580329836,0.0,0.10803979398683339
1446,0.8111900478650331,-1.0540411493490514,0.0,0.0,0.1301321019950896,0.0,-0.11271899948901876
1447,1.9113420165351354,-1.8674518700245026,0.0,0.0,-0.09185238154251699,0.0,-0.04796223503187491
1448,3.7970002105947196,-3.14539059774684,0.0,0.0,0.050781898122608235,0.0,0.7023915109704433
1449,2.885432025687204,-2.960552764010058,0.0,0.0,-0.06813877359034715,0.0,-0.1432595119131861
1450,1.4867170378083483,-1.445377479374459,0.0,0.0,-0.10620755739442017,0.0,-0.06486799896056539
1451,3.5618268759825393,-2.827027027327706,0.0,0.0,0.011527792645241544,0.0,0.7463276413000415
1452,2.0575678726953095,-2.350993883190007,0.0,0.0,-0.10515085262783558,0.0,-0.3985768631224573
1453,2.918752868514875,-2.7026833624578335,0.0,0.0,0.005705553140544535,0.0,0.2217750591975971
1454,2.5272464377565584,-2.32637048271138,0.0,0.0,-0.06783856462183838,0.0,0.133037390423425
1455,3.5797752953222175,-3.8503340701387465,0.0,0.0,-0.1414965895307716,0.0,-0.4120553643473204
1456,1.9625557634283854,-2.340845581821113,0.0,0.0,0.06992315493265532,0.0,-0.3083666634600206
1457,3.470089395579017,-3.4130801990121955,0.0,0.0,-4.211777387699844e-06,0.0,0.05700498478938698
1458,3.017659578516822,-3.404947555704903,0.0,0.0,0.04854954501716256,0.0,-0.3387384321707998
1459,3.555979210739418,-3.083924821604861,0.0,0.0,-0.0731995917476276,0.0,0.3988547973868677
1460,1.990271139302505,-2.3323152716557787,0.0,0.0,0.06620686501486625,0.0,-0.2758372673384457
1461,1.7305660801024116,-2.4067058547980364,0.0,0.0,0.07881807789257858,0.0,-0.5973216968030641
1462,2.836258423510825,-2.601849071508213,0.0,0.0,-0.08030847740585251,0.0,0.1541008745967929
1463,1.8184679736549147,-1.9096068503735921,0.0,0.0,-0.06680387922900959,0.0,-0.1579427559476727
1464,1.7532555000461014,-1.6452981305196963,0.0,0.0,-0.08774144018392849,0.0,0.02021592934258365
1465,1.4370046972162676,-1.3613605688056478,0.0,0.0,-0.10630811357310695,0.0,-0.030663985162505014
1466,1.5731557547658268,-1.613386053087267,0.0,0.0,0.07797836435669799,0.0,0.03774806603526315
1467,2.989297734660282,-2.788065989977975,0.0,0.0,-0.04417829103899883,0.0,0.15705345364331436
1468,1.965365773969816,-2.12354194409445,0.0,0.0,-0.091089014590597,0.0,-0.24926518471528425
1469,2.133084076370954,-2.3702504786495675,0.0,0.0,0.046940908848171106,0.0,-0.19022549343043238
1470,1.5827586596967251,-1.8270323312956693,0.0,0.0,0.12553656473485986,0.0,-0.11873710686417382
1471,2.569717110158563,-2.258381917460563,0.0,0.0,-0.08408664846873691,0.0,0.22724854422924068
1472,1.3854691804895438,-1.3586209296778957,0.0,0.0,-0.11349434022920517,0.0,-0.08664608941759866
1473,2.4385845812660456,-2.0023023198010423,0.0,0.0,-0.09195997573998198,0.0,0.3443222857249708
1474,3.5873617067579415,-4.5809880872949,0.0,0.0,-0.07264852005746925,0.0,-1.066274900594351
1475,3.3757426563089976,-3.2173322863058664,0.0,0.0,0.005098106199612107,0.0,0.16350847620273612
1476,2.197792055867307,-1.8942001356575766,0.0,0.0,-0.1375758450697528,0.0,0.16601607514004968
1477,1.7242818616379925,-1.581127070805608,0.0,0.0,0.08726731605025287,0.0,0.2304221068826564
1478,2.92376436594288,-3.333865371405921,0.0,0.0,-0.07808922540524445,0.0,-0.4881902308682555
1479,1.8096249462477685,-1.8455315735967959,0.0,0.0,0.07367453634415089,0.0,0.03776790899507887
1480,1.5886094107834492,-1.2546106341414192,0.0,0.0,-0.09827474207271764,0.0,0.23572403456924462
1481,1.7912699736485431,-1.5539988445500639,0.0,0.0,-0.07374813130086752,0.0,0.1635229977976138
1482,0.7904309640608783,-0.9976904703218573,0.0,0.0,0.1208537812029441,0.0,-0.08640572505797195
1483,1.9020392542254205,-2.0721196915974938,0.0,0.0,-0.07079489215434369,0.0,-0.2408753295264745
1484,2.3446559017469557,-2.368227897978082,0.0,0.0,0.05513420237938978,0.0,0.03156220614827987
1485,1.8392470741506177,-1.6708227685153163,0.0,0.0,-0.09123830803398927,0.0,0.07718599760120526
1486,1.5748913333649834,-1.4450048839643457,0.0,0.0,0.05969565935746915,0.0,0.1895821087581595
1487,0.825648391333728,-0.8087853660560873,0.0,0.0,0.11776177305369352,0.0,0.13462479833130203
1488,0.7395103922451552,-0.721701499014739,0.0,0.0,0.12446023235927553,0.0,0.1422691255897348
1489,2.0953428677770836,-2.2588055647151606,0.0,0.0,0.05015476486352005,0.0,-0.11330793207456225
1490,3.4662250676391606,-3.604577527520883,0.0,0.0,-0.02838324746556188,0.0,-0.16673570734724308
1491,1.8479884327698841,-1.6891503973652406,0.0,0.0,0.048903197535094804,0.0,0.20774123293968216
1492,2.873377502360261,-2.9008615684197627,0.0,0.0,-0.061424497298667724,0.0,-0.08890856335806063
1493,1.2924609209050635,-1.6284277803675187,0.0,0.0,0.09197020168232106,0.0,-0.24399665778014423
1494,1.250354366765479,-1.0768956500010438,0.0,0.0,-0.11798949868734475,0.0,0.05546921807710703
1495,1.8219770343305786,-1.911697977312169,0.0,0.0,-0.09829714190765595,0.0,-0.1880180848891797
1496,2.365545211871438,-2.5775927080946204,0.0,0.0,-0.061803272255569384,0.0,-0.2738507684788374
1497,2.6828625888087676,-2.8132373864051003,0.0,0.0,0.01902810398246947,0.0,-0.11134669361382521
1498,1.2049079153382596,-1.0382719032918346,0.0,0.0,-0.12370993421100691,0.0,0.042926077835232945
1499,0.9000247199947781,-0.9087076470269604,0.0,0.0,0.12120371010282191,0.0,0.11252078307059321
